month,channel_l1,channel_l2,channel_l3,fta_trials,fta_conversions,fta_mrr,mta_trials,mta_conversions,mta_mrr,new_mta_trials,new_mta_conversions,new_mta_mrr
2025-07-01,app marketing - paid,tiktok,,6489,85,5404.38,,,,,,
2025-07-01,referrals,customer referral program,,256,133,24653.05,,,,,,
2025-07-01,freemium paid,google,paid,3121,78,6256.81,,,,,,
2025-07-01,events,virtual,jobber blueprint,4,6,724.98,,,,,,
2025-07-01,affiliate program,,,1,1,249,,,,,,
2025-07-01,influencer,brand partner/ambassador (+10k),anthony salazar / poop scoops for noobs,1,0,0,,,,,,
2025-07-01,influencer,alumni partner,chanique stewart/chanique cleaning services/cleaning boss accelerator,1,0,0,,,,,,
2025-07-01,influencer,brand partner/ambassador (+10k),brad behr/copper creek cuts/bctp/baker county trash pickup,2,0,0,,,,,,
2025-07-01,influencer,alumni partner,jason cleans/jason shipway,1,0,0,,,,,,
2025-07-01,partner program,channel (resellers),,1,0,0,,,,,,
2025-10-01,app marketing - paid,apple search ads,,3492,164,14497.22,,,,,,
2025-10-01,app marketing - organic,organic,ios,8009,214,20422.73,,,,,,
2025-10-01,freemium paid,bing,paid,845,20,1242.96,,,,,,
2025-10-01,sem - competitors,bing,,14,4,525,,,,,,
2025-10-01,partner program,channel (franchises),,35,39,7495.33,,,,,,
2025-10-01,sem - franchise,google,paid,14,11,1428.97,,,,,,
2025-10-01,programmatic,the trade desk,lal - audio,57,9,1556,,,,,,
2025-10-01,partner program,channel (franchises),next day access,4,4,680,,,,,,
2025-10-01,organic search,support documentation,,9,3,187,,,,,,
2025-10-01,influencer,business brand partner,alex guzman / modern day contractor,1,1,599,,,,,,
2025-10-01,influencer,brand partner/ambassador (+10k),dan bowie/daniel bowie/ignite heating,1,0,0,,,,,,
2025-10-01,influencer,brand partner/ambassador (+10k),ben millen/benjamin millen/bluladder/ben the window cleaner,1,0,0,,,,,,
2025-10-01,influencer,brand partner/ambassador (+10k),skyler lane / realskylane / junk success,4,0,0,,,,,,
2025-10-01,influencer,brand partner/ambassador (+10k),maigan dowell / do well cleaning,4,0,0,,,,,,
2025-02-01,events,tradeshows,,11,8,1628,,,,,,
2025-02-01,experimental,podcast ads,,6,1,199,,,,,,
2025-02-01,partner program,integrations,companycam,2,1,39,,,,,,
2025-02-01,influencer,brand partner/ambassador (+10k),oscar gil/detail groove,15,2,548,,,,,,
2025-02-01,partner program,channel (franchises),z plumberz,1,0,0,,,,,,
2025-02-01,events,tradeshows,unspecified,1,0,0,,,,,,
2025-02-01,partner program,channel (all others),appell striping and sealcoating,1,0,0,,,,,,
2025-02-01,partner program,channel (resellers),,1,0,0,,,,,,
2025-03-01,influencer,brand partner/ambassador (+10k),chase gallagher/cmg landscape/service pro elite,5,2,548.99,,,,,,
2025-03-01,directories,mvf,paid,2,1,249,,,,,,
2025-11-01,directories,getapp,paid,0,2,367,,,,,,
2025-11-01,social media,facebook,always-on,214,27,4807.97,,,,,,
2025-03-01,advertising,radio,general,24,2,158,,,,,,
2025-03-01,outbound,,,2,1,428,,,,,,
2025-03-01,influencer,"influencer (+10k, not sp)",jon irwin / revive home tips,0,1,349,,,,,,
2025-03-01,partner program,channel (all others),appell striping and sealcoating,1,2,656,,,,,,
2025-03-01,influencer,business brand partner,logan sendle/blue collar business accelerator/bcba,7,3,357.99,,,,,,
2025-03-01,partner program,channel (referrals),managed service providers (msp),2,1,297,,,,,,
2025-11-01,influencer,brand partner/ambassador (+10k),ryaan tuttle/best handyman boston/rjt,0,1,39,,,,,,
2025-11-01,partner program,channel (all others),roof savers,0,1,269,,,,,,
2025-11-01,app marketing - paid,moloco,,4,1,39.99,,,,,,
2025-11-01,partner program,channel (all others),,2,1,39,,,,,,
2025-11-01,influencer,brand partner/ambassador (+10k),glen c/glen cuevas/glen c landscaping,38,3,834,,,,,,
2025-11-01,influencer,macro brand partner (+1m),jeff thorman/home renovision diy/home renovision,15,2,157,,,,,,
2025-11-01,partner program,integrations,google lsa,2,1,198,,,,,,
2025-03-01,influencer,brand partner/ambassador (+10k),oscar gil/detail groove,16,0,0,,,,,,
2025-03-01,partner program,integrations,companycam,3,0,0,,,,,,
2025-03-01,influencer,business brand partner,casper opala / casper captial,2,0,0,,,,,,
2025-11-01,partner program,integrations,thumbtack,1,0,0,,,,,,
2025-03-01,app marketing - experimental,meta apps,ios,1,0,0,,,,,,
2025-11-01,influencer,brand partner/ambassador (+10k),jersey cronin/jersey/window cleaning resource/wcr/wcr nation,2,0,0,,,,,,
2025-11-01,influencer,brand partner/ambassador (+10k),ji mobile mechanics/jacob ireland,1,0,0,,,,,,
2025-11-01,influencer,brand partner/ambassador (+10k),huda saleh / spotless auto care,1,0,0,,,,,,
2025-03-01,app marketing - organic,,,6,0,0,,,,,,
2025-03-01,partner program,integrations,mailchimp,1,0,0,,,,,,
2025-11-01,partner program,integrations,stripe,1,0,0,,,,,,
2025-01-01,social media,facebook,always-on,499,22,3821,,,,,,
2025-01-01,referrals,customer referral program,,279,143,21627.26,,,,,,
2025-01-01,influencer,ambassador,paul jamison,0,1,148,,,,,,
2025-01-01,influencer,brand partner/ambassador (+10k),ray duke/bulletproof handyman,21,11,760.98,,,,,,
2025-01-01,app marketing - experimental,jampp,,62,1,129,,,,,,
2025-01-01,youtube,trueview,remarketing,23,2,518,,,,,,
2025-01-01,partner program,integrations,companycam,4,1,168,,,,,,
2025-01-01,directories,software advice,,1,0,0,,,,,,
2025-12-01,freemium paid,google,paid,3,0,0,,,,,,
2025-01-01,app marketing - paid,,,21,0,0,,,,,,
2025-07-01,social media,facebook,remarketing,37,6,901.99,,,,,,
2025-07-01,app marketing - paid,smadex,ios,2601,107,9543.43,,,,,,
2025-07-01,youtube,paid,,16,2,467.99,,,,,,
2025-07-01,advertising,online/general,,28,4,633,,,,,,
2025-07-01,partner program,channel (franchises),the concrete protector,1,1,185,,,,,,
2025-07-01,influencer,brand partner/ambassador (+10k),chase gallagher/cmg landscape/service pro elite,4,2,517,,,,,,
2025-07-01,influencer,brand partner/ambassador (+10k),ryaan tuttle/best handyman boston/rjt,3,0,0,,,,,,
2025-07-01,social media,linkedin,,6,0,0,,,,,,
2025-07-01,organic search,jobber academy,,1,0,0,,,,,,
2025-07-01,advertising,radio,general,17,0,0,,,,,,
2025-07-01,influencer,brand partner/ambassador (+10k),corey powell/powell's lawn care,1,0,0,,,,,,
2025-07-01,partner program,integrations,,4,0,0,,,,,,
2025-07-01,influencer,brand partner/ambassador (+10k),tom purcell/purcell's pro detail,2,0,0,,,,,,
2025-07-01,influencer,brand partner/ambassador (+10k),jerome moors/shark pressure washing,1,0,0,,,,,,
2025-01-01,social media,,,98,4,446.98,,,,,,
2025-01-01,app marketing - paid,smadex,ctv,0,1,39,,,,,,
2025-01-01,partner program,channel (franchises),,22,14,3105.7,,,,,,
2025-01-01,influencer,brand partner/ambassador (+10k),jeff guldalian/ the 360 electrician,2,1,39.99,,,,,,
2025-01-01,partner program,channel (franchises),next day access,1,1,170,,,,,,
2025-01-01,partner program,channel (all others),,3,0,0,,,,,,
2025-01-01,influencer,general,,6,0,0,,,,,,
2025-01-01,influencer,brand partner/ambassador (+10k),dan holliday,2,0,0,,,,,,
2025-01-01,social media,twitter,,1,0,0,,,,,,
2025-10-01,app marketing - paid,smadex,ios,1744,100,6991.39,,,,,,
2025-10-01,directories,getapp,paid,0,2,158,,,,,,
2025-10-01,influencer,brand partner/ambassador (+10k),ryaan tuttle/best handyman boston/rjt,0,1,278,,,,,,
2025-10-01,outbound,,,3,2,798,,,,,,
2025-10-01,partner program,channel (franchises),screenmobile,2,1,239.2,,,,,,
2025-10-01,youtube,paid,,9,1,39,,,,,,
2025-10-01,influencer,brand partner/ambassador (+10k),tyler link/contractor ceo/concrete launch secrets,1,0,0,,,,,,
2025-10-01,influencer,brand partner/ambassador (+10k),gabe jose cruz / drace detailing,1,0,0,,,,,,
2025-02-01,sem - branded,bing,,679,345,55339.52,,,,,,
2025-02-01,programmatic,tubi,,0,1,169,,,,,,
2025-02-01,influencer,brand partner/ambassador (+10k),jon dawson / texas luxury cleaning,22,6,1383,,,,,,
2025-02-01,app marketing - paid,moloco,,5,1,39.99,,,,,,
2025-02-01,partner program,channel (all others),mosaic home services,0,2,558,,,,,,
2025-02-01,partner program,channel (all others),,5,0,0,,,,,,
2025-02-01,influencer,brand partner/ambassador (+10k),jeff guldalian/ the 360 electrician,11,0,0,,,,,,
2025-02-01,influencer,brand partner/ambassador (+10k),keith mcgillivary/mps/mcgillivary's plumbing,1,0,0,,,,,,
2025-03-01,sem - competitors,google,,265,58,10487.96,,,,,,
2025-11-01,affiliate program,commission junction,,63,37,4176.04,,,,,,
2025-11-01,youtube,organic,,314,42,4114.91,,,,,,
2025-03-01,app marketing - paid,moloco,,7,4,157.98,,,,,,
2025-11-01,app marketing - organic,organic,android,1455,38,3609.33,,,,,,
2025-03-01,partner program,integrations,intuit,62,4,895,,,,,,
2025-03-01,youtube,demand gen,prospecting,44,8,1131.99,,,,,,
2025-03-01,partner program,channel (all others),roof savers,2,2,618,,,,,,
2025-03-01,partner program,channel (all others),mosaic home services,2,2,558,,,,,,
2025-03-01,partner program,channel (franchises),acuspray,2,2,398,,,,,,
2025-03-01,partner program,channel (franchises),waterloo turf,2,2,538,,,,,,
2025-11-01,programmatic,the trade desk,lal - tv,71,16,1702,,,,,,
2025-11-01,programmatic,the trade desk,lal - audio,66,7,1291,,,,,,
2025-11-01,influencer,brand partner/ambassador (+10k),skyler lane / realskylane / junk success,0,1,39.99,,,,,,
2025-11-01,influencer,brand partner/ambassador (+10k),antonio pagan – all things fresh detail,3,2,197,,,,,,
2025-11-01,partner program,channel (franchises),next day access,5,5,850,,,,,,
2025-11-01,partner program,channel (franchises),chefs for seniors,1,1,143.65,,,,,,
2025-11-01,social media,facebook,international,1,1,29,,,,,,
2025-11-01,influencer,brand partner/ambassador (+10k),kyle breiner/breiner lawn,1,1,29,,,,,,
2025-11-01,app marketing - organic,organic,,2,0,0,,,,,,
2025-03-01,partner program,integrations,stripe,6,0,0,,,,,,
2025-11-01,partner program,channel (all others),window cleaning resource association,1,0,0,,,,,,
2025-11-01,influencer,brand partner/ambassador (+10k),alex stevens/even stevens lawn care,1,0,0,,,,,,
2025-11-01,influencer,brand partner/ambassador (+10k),tucker baney/plumb hero,1,0,0,,,,,,
2025-11-01,influencer,brand partner/ambassador (+10k),timmy riggs / streakers window cleaning,1,0,0,,,,,,
2025-11-01,influencer,brand partner/ambassador (+10k),amanda stevens / mandy's cleaning,4,0,0,,,,,,
2025-03-01,influencer,alumni partner,charlotte bosanquet/care cleaning services sydney/charlotte,1,0,0,,,,,,
2025-11-01,advertising,pr,general,1,0,0,,,,,,
2025-11-01,influencer,brand partner/ambassador (+10k),adam nasser / wolf of hvac,2,0,0,,,,,,
2025-03-01,directories,g2,organic,1,0,0,,,,,,
2025-11-01,influencer,brand partner/ambassador (+10k),kirk mckinney / jacob mckinney / junk teens llc / junk teens junk removal,10,0,0,,,,,,
2025-07-01,word of mouth,organic wom referrals,general,236,41,8161.99,,,,,,
2025-07-01,influencer,macro brand partner (+1m),jeff thorman/home renovision diy/home renovision,7,1,169,,,,,,
2025-07-01,youtube,demand gen,remarketing,24,2,238,,,,,,
2025-07-01,directories,software advice,ppl,8,5,745.99,,,,,,
2025-07-01,influencer,business brand partner,andrew letersky / ultimate landscape academy,2,1,129,,,,,,
2025-07-01,partner program,channel (franchises),patchmaster,4,4,500,,,,,,
2025-07-01,app marketing - paid,google uac,ios,1,0,0,,,,,,
2025-07-01,influencer,ambassador,devon le'mons / pow pow pressure washing,1,0,0,,,,,,
2025-07-01,directories,other,,2,0,0,,,,,,
2025-07-01,organic search,ai search,perplexity,1,0,0,,,,,,
2025-10-01,affiliate program,,,2,2,158,,,,,,
2025-10-01,influencer,brand partner/ambassador (+10k),ray duke/bulletproof handyman,9,4,236,,,,,,
2025-10-01,programmatic,the trade desk,lal - tv,77,11,3639.1,,,,,,
2025-10-01,influencer,brand partner/ambassador (+10k),tom maggs/maggs lawn/maggs lawn and landscape,2,1,39,,,,,,
2025-10-01,influencer,brand partner/ambassador (+10k),anthony salazar / poop scoops for noobs,1,1,89,,,,,,
2025-10-01,partner program,channel (franchises),patchmaster,8,8,1000,,,,,,
2025-10-01,influencer,brand partner/ambassador (+10k),the lawnmower boys/lmb landscaping/lmb_landscaping,4,1,119,,,,,,
2025-10-01,influencer,brand partner/ambassador (+10k),influencer - grant mcmullen / mcmullen master services,1,0,0,,,,,,
2025-10-01,partner program,channel (resellers),,1,0,0,,,,,,
2025-10-01,influencer,brand partner/ambassador (+10k),joshua parker/ishine valeting & detailing,1,0,0,,,,,,
2025-10-01,influencer,brand partner/ambassador (+10k),jacob palmer / palmer electrical,3,0,0,,,,,,
2025-10-01,influencer,brand partner/ambassador (+10k),tristan kalina / kalina's pressure washing / youngpressurewasher,1,0,0,,,,,,
2025-10-01,app marketing - paid,smadex,,61,0,0,,,,,,
2025-10-01,influencer,brand partner/ambassador (+10k),garrett davis/underwood & davis/gw custom decks,1,0,0,,,,,,
2025-10-01,influencer,brand partner/ambassador (+10k),kirk mckinney / jacob mckinney / junk teens llc / junk teens junk removal,7,0,0,,,,,,
2025-10-01,influencer,alumni partner,nick glassett/let's get lit,1,0,0,,,,,,
2025-02-01,organic search,,,3869,702,112801.88,,,,,,
2025-02-01,sem - branded,google,,2249,761,114961,,,,,,
2025-02-01,social media,facebook,always-on,398,43,6329.92,,,,,,
2025-02-01,referrals,customer referral program,,240,149,29231.32,,,,,,
2025-02-01,events,virtual,jobber summit,27,12,1774.27,,,,,,
2025-02-01,social media,facebook,paid,121,10,1447.99,,,,,,
2025-02-01,partner program,integrations,intuit,56,3,746,,,,,,
2025-02-01,directories,getapp,paid,87,6,815.98,,,,,,
2025-02-01,youtube,trueview,remarketing,21,4,606,,,,,,
2025-02-01,events,paid social events,,2,1,119,,,,,,
2025-02-01,influencer,brand partner/ambassador (+10k),louis mouchet,1,0,0,,,,,,
2025-02-01,influencer,brand partner/ambassador (+10k),xochitl and paul klepper/xochitl makes it neat/just a cleaning lady,2,0,0,,,,,,
2025-02-01,influencer,brand partner/ambassador (+10k),randy roblero/detailing beyond limits/beyond limits of palm beach,5,0,0,,,,,,
2025-01-01,influencer,"influencer (+10k, not sp)",kory ballard/ballard inc,7,2,378,,,,,,
2025-01-01,sem - competitors,google,,244,42,8047.99,,,,,,
2025-01-01,partner program,channel (franchises),screenmobile,2,3,621.2,,,,,,
2025-01-01,app marketing - paid,moloco,,8,0,0,,,,,,
2025-01-01,influencer,alumni partner,charlotte bosanquet/care cleaning services sydney/charlotte,1,0,0,,,,,,
2025-01-01,events,paid social events,,2,0,0,,,,,,
2025-01-01,social media,linkedin,organic,5,0,0,,,,,,
2025-01-01,partner program,integrations,stripe,2,0,0,,,,,,
2025-01-01,influencer,brand partner/ambassador (+10k),kevin watson/off the path with kevin/off the path,1,0,0,,,,,,
2025-03-01,sem - branded,google,,2332,970,151613.34,,,,,,
2025-03-01,organic search,,,4884,968,159101.18,,,,,,
2025-11-01,sem - branded,bing,,336,158,25637.87,,,,,,
2025-03-01,freemium paid,bing,paid,1021,37,2953.96,,,,,,
2025-03-01,events,virtual,jobber summit,28,7,1150.98,,,,,,
2025-03-01,social media,facebook,always-on,541,54,6642.93,,,,,,
2025-03-01,programmatic,mntn,prospecting - audience match,2152,347,56587.9,,,,,,
2025-03-01,social media,facebook,paid,190,19,2224.94,,,,,,
2025-03-01,influencer,brand partner/ambassador (+10k),ray duke/bulletproof handyman,26,10,731.98,,,,,,
2025-11-01,directories,capterra,organic,0,1,29,,,,,,
2025-03-01,directories,software advice,ppc,2,2,338,,,,,,
2025-03-01,app marketing - paid,,,23,2,158.99,,,,,,
2025-03-01,influencer,brand partner/ambassador (+10k),matthew hawk/matthew's mowing & lawn maintenance,5,3,247.99,,,,,,
2025-03-01,influencer,brand partner/ambassador (+10k),zech osburn/z's exterior services/biz boosters,27,5,724.99,,,,,,
2025-03-01,influencer,brand partner/ambassador (+10k),keven bermeo / pressure washing plays,4,2,398,,,,,,
2025-11-01,partner program,channel (franchises),garage floors 4 less,0,1,180,,,,,,
2025-11-01,programmatic,the trade desk,ttd - remarketing,14,4,1003,,,,,,
2025-11-01,youtube,demand gen,prospecting,155,4,147.98,,,,,,
2025-11-01,influencer,brand partner/ambassador (+10k),hunter patrick/dumpire junk removal,5,1,198,,,,,,
2025-03-01,events,tradeshows,unspecified,1,0,0,,,,,,
2025-03-01,advertising,print,,2,0,0,,,,,,
2025-01-01,performance max,,,37,5,715.99,,,,,,
2025-01-01,app marketing - paid,google uac,,6834,50,3230.36,,,,,,
2025-01-01,influencer,macro brand partner (+1m),chase stetson/that lawn dude,36,1,89,,,,,,
2025-01-01,events,virtual,jobber now,6,5,456.98,,,,,,
2025-01-01,influencer,brand partner/ambassador (+10k),keith kalfas,43,10,1081.97,,,,,,
2025-01-01,organic search,reddit,,8,1,39,,,,,,
2025-01-01,partner program,channel (franchises),wilson pro painting,3,2,478,,,,,,
2025-01-01,partner program,channel (all others),mosaic home services,2,0,0,,,,,,
2025-01-01,events,tradeshows,,1,0,0,,,,,,
2025-12-01,app marketing - paid,smadex,ios,1,0,0,,,,,,
2025-09-01,sem - generic,bing,,792,51,6664.97,,,,,,
2025-09-01,influencer,brand partner/ambassador (+10k),keith kalfas,14,5,544.99,,,,,,
2025-09-01,freemium organic,,,924,18,1553.96,,,,,,
2025-09-01,dynamic search ads,google,,0,1,249,,,,,,
2025-09-01,youtube,trueview,prospecting,1,2,208.99,,,,,,
2025-09-01,social media,instagram,paid,9,1,39.99,,,,,,
2025-09-01,partner program,channel (referrals),,9,7,1432.99,,,,,,
2025-09-01,influencer,ambassador,gian villafuerte / revibe auto detail,1,1,39.99,,,,,,
2025-09-01,partner program,channel (resellers),verizon,3,3,414,,,,,,
2025-09-01,partner program,channel (all others),mosaic home services,1,1,279,,,,,,
2025-09-01,influencer,brand partner/ambassador (+10k),jacob moreno / super clean bins,3,1,39,,,,,,
2025-09-01,influencer,brand partner/ambassador (+10k),cody romer/cr carpentry & remodeling,4,1,39.99,,,,,,
2025-09-01,programmatic,,,11,0,0,,,,,,
2025-09-01,influencer,brand partner/ambassador (+10k),dan holliday,1,0,0,,,,,,
2025-09-01,influencer,ambassador,dominic rosales/poor pumper society,1,0,0,,,,,,
2025-04-01,influencer,macro brand partner (+1m),chase stetson/that lawn dude,68,11,1071.97,,,,,,
2025-06-01,events,virtual,jobber now,33,20,4037.07,,,,,,
2025-06-01,influencer,business brand partner,logan sendle/blue collar business accelerator/bcba,4,4,806,,,,,,
2025-04-01,influencer,brand partner/ambassador (+10k),dan holliday,7,1,29,,,,,,
2025-04-01,partner program,channel (franchises),wilson pro painting,1,1,239,,,,,,
2025-04-01,organic search,reddit,,6,2,467,,,,,,
2025-04-01,partner program,channel (all others),mosaic home services,4,3,837,,,,,,
2025-04-01,influencer,brand partner/ambassador (+10k),jeff guldalian/ the 360 electrician,7,1,39,,,,,,
2025-04-01,partner program,channel (franchises),preservan,1,1,230,,,,,,
2025-06-01,social media,facebook,remarketing,66,6,994.99,,,,,,
2025-06-01,influencer,brand partner/ambassador (+10k),jacqueline and tanner hurst/jt junk solutions,13,1,198,,,,,,
2025-06-01,social media,instagram,paid,29,1,39.99,,,,,,
2025-06-01,influencer,macro brand partner (+1m),jeff thorman/home renovision diy/home renovision,15,2,388,,,,,,
2025-06-01,partner program,channel (franchises),new creations,3,2,219.3,,,,,,
2025-06-01,influencer,ambassador,courtney copeland/san diego scoop squad,1,0,0,,,,,,
2025-06-01,programmatic,,,19,0,0,,,,,,
2025-06-01,influencer,brand partner/ambassador (+10k),jerome moors/shark pressure washing,1,0,0,,,,,,
2025-06-01,social media,linkedin,,20,0,0,,,,,,
2025-06-01,partner program,integrations,nicejob,1,0,0,,,,,,
2025-06-01,influencer,ambassador,codie sanchez/contrarian thinking,1,0,0,,,,,,
2025-04-01,social media,twitter,,6,0,0,,,,,,
2025-04-01,influencer,general,brian's lawn maintenance,1,0,0,,,,,,
2025-05-01,sem - branded,google,,2254,795,120177.08,,,,,,
2025-05-01,social media,facebook,always-on,373,31,3368.95,,,,,,
2025-05-01,influencer,brand partner/ambassador (+10k),matthew hawk/matthew's mowing & lawn maintenance,1,1,29,,,,,,
2025-05-01,social media,facebook,remarketing,81,8,1470.98,,,,,,
2025-05-01,partner program,channel (referrals),managed service providers (msp),7,8,1031,,,,,,
2025-05-01,influencer,brand partner/ambassador (+10k),keven bermeo / pressure washing plays,11,8,1592,,,,,,
2025-05-01,influencer,brand partner/ambassador (+10k),roy thomas/pro era plumbing,5,0,0,,,,,,
2025-05-01,influencer,brand partner/ambassador (+10k),chase gallagher/cmg landscape/service pro elite,2,0,0,,,,,,
2025-05-01,influencer,brand partner/ambassador (+10k),eric gonzalez / castillos landscaping,1,0,0,,,,,,
2025-07-01,youtube,demand gen,prospecting,189,13,2073.99,,,,,,
2025-07-01,influencer,brand partner/ambassador (+10k),jeff guldalian/ the 360 electrician,3,1,119,,,,,,
2025-07-01,influencer,brand partner/ambassador (+10k),jon dawson / texas luxury cleaning,1,1,119,,,,,,
2025-07-01,influencer,brand partner/ambassador (+10k),roberto de leon/pinewood landscape,1,1,169,,,,,,
2025-07-01,directories,g2,organic,1,0,0,,,,,,
2025-07-01,partner program,integrations,zapier,1,0,0,,,,,,
2025-07-01,organic search,reddit,,1,0,0,,,,,,
2025-07-01,app marketing - paid,moloco,,5,0,0,,,,,,
2025-07-01,influencer,brand partner/ambassador (+10k),jacob moreno / super clean bins,5,0,0,,,,,,
2025-11-01,events,virtual,jobber now,1,3,117.99,,,,,,
2025-03-01,youtube,organic,,446,66,5549.8,,,,,,
2025-03-01,partner program,channel (referrals),,21,19,3218,,,,,,
2025-03-01,influencer,"influencer (+10k, not sp)",mike swezey/the handyman business,3,1,119.99,,,,,,
2025-03-01,youtube,trueview,prospecting,198,17,3387.99,,,,,,
2025-03-01,events,virtual,jobber blueprint,12,9,1968,,,,,,
2025-01-01,sem - branded,bing,,608,293,47424.42,,,,,,
2025-01-01,influencer,brand partner/ambassador (+10k),adrian garcia,3,1,29,,,,,,
2025-01-01,influencer,macro brand partner (+1m),jeff thorman/home renovision diy/home renovision,1,0,0,,,,,,
2025-01-01,organic search,jobber academy,,3,0,0,,,,,,
2025-01-01,partner program,integrations,nicejob,1,0,0,,,,,,
2025-06-01,app marketing - paid,smadex,ios,2356,112,10201.27,,,,,,
2025-04-01,social media,facebook,remarketing,64,4,626.99,,,,,,
2025-04-01,events,virtual,jobber now,19,15,2684.05,,,,,,
2025-04-01,organic search,jobber academy,,2,1,119,,,,,,
2025-06-01,organic search,jobber academy,,3,1,119,,,,,,
2025-04-01,advertising,radio,general,23,1,119,,,,,,
2025-04-01,influencer,business brand partner,logan sendle/blue collar business accelerator/bcba,4,2,318,,,,,,
2025-06-01,youtube,paid,,18,2,78.99,,,,,,
2025-06-01,partner program,channel (franchises),next day access,1,1,170,,,,,,
2025-06-01,influencer,brand partner/ambassador (+10k),adrian garcia,1,0,0,,,,,,
2025-04-01,influencer,brand partner/ambassador (+10k),adrian garcia,1,0,0,,,,,,
2025-06-01,influencer,brand partner/ambassador (+10k),huda saleh / spotless auto care,2,0,0,,,,,,
2025-06-01,experimental,facebook,fb lead gen ebook,1,0,0,,,,,,
2025-06-01,partner program,integrations,,3,0,0,,,,,,
2025-04-01,influencer,ambassador,codie sanchez/contrarian thinking,1,0,0,,,,,,
2025-06-01,influencer,brand partner/ambassador (+10k),ryaan tuttle/best handyman boston/rjt,1,0,0,,,,,,
2025-04-01,social media,linkedin,,12,0,0,,,,,,
2025-06-01,partner program,integrations,google lsa,2,0,0,,,,,,
2025-06-01,influencer,ambassador,nicolas sevrette/montreal sparky,1,0,0,,,,,,
2025-04-01,influencer,brand partner/ambassador (+10k),chase gallagher/cmg landscape/service pro elite,1,0,0,,,,,,
2025-04-01,influencer,brand partner/ambassador (+10k),raylyn dunlap/dunlap cleaning services/the real hustle network,1,0,0,,,,,,
2025-09-01,influencer,nano brand partner/ambassador (<10k),giovanni imbrogno/novapave,2,1,39,,,,,,
2025-09-01,advertising,radio,general,19,2,78,,,,,,
2025-09-01,partner program,channel (franchises),pink's window service,1,1,220,,,,,,
2025-09-01,influencer,business brand partner,logan sendle/blue collar business accelerator/bcba,2,1,278,,,,,,
2025-09-01,directories,mvf,paid,3,0,0,,,,,,
2025-09-01,influencer,brand partner/ambassador (+10k),raylyn dunlap/dunlap cleaning services/the real hustle network,1,0,0,,,,,,
2025-09-01,influencer,brand partner/ambassador (+10k),zech osburn/z's exterior services/biz boosters,4,0,0,,,,,,
2025-09-01,social media,linkedin,,12,0,0,,,,,,
2025-09-01,influencer,brand partner/ambassador (+10k),amir henry/xavier hvac,1,0,0,,,,,,
2025-09-01,influencer,brand partner/ambassador (+10k),harry burgos / cnb renovations,1,0,0,,,,,,
2025-09-01,partner program,integrations,,3,0,0,,,,,,
2025-09-01,experimental,facebook,fb lead gen ebook,2,0,0,,,,,,
2025-09-01,partner program,channel (referrals),other,1,0,0,,,,,,
2025-07-01,freemium paid,bing,paid,755,18,1212.99,,,,,,
2025-07-01,influencer,macro brand partner (+1m),chase stetson/that lawn dude,89,10,683.96,,,,,,
2025-07-01,influencer,brand partner/ambassador (+10k),jacqueline and tanner hurst/jt junk solutions,18,5,435.99,,,,,,
2025-07-01,partner program,channel (franchises),crushr,1,1,175,,,,,,
2025-07-01,programmatic,,,19,2,207,,,,,,
2025-07-01,influencer,business brand partner,logan sendle/blue collar business accelerator/bcba,4,1,349,,,,,,
2025-07-01,partner program,channel (franchises),new creations,2,1,144.99,,,,,,
2025-07-01,partner program,integrations,mailchimp,1,0,0,,,,,,
2025-07-01,influencer,brand partner/ambassador (+10k),pablo serrano/black sheep/the black sheep lawn,3,0,0,,,,,,
2025-07-01,influencer,brand partner/ambassador (+10k),jacob ortiz/yourtexaspatio,1,0,0,,,,,,
2025-07-01,social media,twitter,,1,0,0,,,,,,
2025-05-01,sem - generic,google,,1792,193,23558.8,,,,,,
2025-05-01,social media,facebook,organic,2060,40,4319.85,,,,,,
2025-05-01,partner program,channel (referrals),coaches/trainers,0,1,169,,,,,,
2025-05-01,affiliate program,commission junction,,89,18,1888.98,,,,,,
2025-05-01,social media,,,286,16,1195.88,,,,,,
2025-05-01,direct/unknown,direct,,2577,51,6259.93,,,,,,
2025-05-01,programmatic,the trade desk,lal - tv,136,12,2128,,,,,,
2025-05-01,partner program,channel (franchises),chefs for seniors,1,0,0,,,,,,
2025-05-01,influencer,brand partner/ambassador (+10k),timmy riggs / streakers window cleaning,2,0,0,,,,,,
2025-05-01,advertising,pr,general,2,0,0,,,,,,
2025-05-01,directories,other,paid,1,0,0,,,,,,
2025-05-01,influencer,business brand partner,phil risher / plash consulting,1,0,0,,,,,,
2025-05-01,influencer,brand partner/ambassador (+10k),dan janzen/dj tiling,1,0,0,,,,,,
2025-05-01,partner program,channel (franchises),door renew,1,0,0,,,,,,
2025-05-01,influencer,brand partner/ambassador (+10k),skyler lane / realskylane / junk success,2,0,0,,,,,,
2025-08-01,sem - competitors,google,,228,38,6774.97,,,,,,
2025-08-01,youtube,organic,,445,66,6331.84,,,,,,
2025-08-01,social media,instagram,organic,94,10,1449,,,,,,
2025-08-01,programmatic,the trade desk,prospecting - tv,427,80,12304.99,,,,,,
2025-08-01,influencer,brand partner/ambassador (+10k),ryaan tuttle/best handyman boston/rjt,0,1,39.99,,,,,,
2025-01-01,sem - branded,google,,2489,801,131068.93,,,,,,
2025-01-01,organic search,,,4040,581,89556.96,,,,,,
2025-01-01,affiliate program,partnerstack,,148,31,5131.99,,,,,,
2025-01-01,social media,facebook,remarketing,249,7,1069.91,,,,,,
2025-01-01,influencer,brand partner/ambassador (+10k),tom maggs/maggs lawn/maggs lawn and landscape,4,1,158,,,,,,
2025-01-01,directories,mvf,paid,4,1,129,,,,,,
2025-01-01,partner program,channel (franchises),the patch boys,2,2,298,,,,,,
2025-01-01,organic search,support documentation,,13,3,692.1,,,,,,
2025-01-01,influencer,brand partner/ambassador (+10k),jacqueline and tanner hurst/jt junk solutions,1,0,0,,,,,,
2025-01-01,influencer,brand partner/ambassador (+10k),randy roblero/detailing beyond limits/beyond limits of palm beach,4,0,0,,,,,,
2025-01-01,partner program,channel (resellers),,1,0,0,,,,,,
2025-01-01,influencer,brand partner/ambassador (+10k),matthew hawk/matthew's mowing & lawn maintenance,1,0,0,,,,,,
2025-09-01,freemium paid,bing,paid,710,13,706.99,,,,,,
2025-09-01,sem - branded,google,,1471,500,81185.62,,,,,,
2025-09-01,app marketing - organic,organic,ios,6372,216,17143.77,,,,,,
2025-09-01,app marketing - paid,apple search ads,,2992,158,12343.81,,,,,,
2025-09-01,social media,,,160,14,1069.96,,,,,,
2025-09-01,influencer,brand partner/ambassador (+10k),oscar gil/detail groove,15,4,385,,,,,,
2025-09-01,influencer,nano brand partner/ambassador (<10k),luis lucena/lucena painting,1,1,278,,,,,,
2025-09-01,influencer,brand partner/ambassador (+10k),austin mccallister / noschooljusttools / boyd landscaping,1,0,0,,,,,,
2025-09-01,influencer,nano brand partner/ambassador (<10k),rosie selvaggio/hocus pocus cleaning,3,0,0,,,,,,
2025-07-01,social media,facebook,organic,310,38,3475.28,,,,,,
2025-07-01,sem - competitors,bing,,24,3,117,,,,,,
2025-07-01,sem - franchise,google,paid,17,7,1519.09,,,,,,
2025-07-01,programmatic,the trade desk,lal - tv,83,13,2725,,,,,,
2025-07-01,influencer,brand partner/ambassador (+10k),tommy hunter/hunter window wash,2,2,158.99,,,,,,
2025-07-01,programmatic,the trade desk,lal - audio,44,6,1092,,,,,,
2025-07-01,organic search,support documentation,,11,2,154.1,,,,,,
2025-07-01,influencer,brand partner/ambassador (+10k),tom maggs/maggs lawn/maggs lawn and landscape,3,1,39.99,,,,,,
2025-07-01,influencer,brand partner/ambassador (+10k),ivan carvalho/glaucio carvalho/mr. bubbles,1,0,0,,,,,,
2025-07-01,social media,facebook,international,1,0,0,,,,,,
2025-07-01,influencer,brand partner/ambassador (+10k),skyler lane / realskylane / junk success,1,0,0,,,,,,
2025-04-01,organic search,,,4513,833,128115.42,,,,,,
2025-04-01,sem - branded,google,,2507,851,125285.04,,,,,,
2025-06-01,app marketing - organic,organic,android,1591,33,3141.88,,,,,,
2025-06-01,sem - generic,google,,2005,159,20998.78,,,,,,
2025-04-01,affiliate program,partnerstack,,102,24,3283.97,,,,,,
2025-04-01,social media,,,138,16,1068.06,,,,,,
2025-04-01,influencer,brand partner/ambassador (+10k),oscar gil/detail groove,28,5,305.99,,,,,,
2025-06-01,affiliate program,commission junction,,92,28,3471.97,,,,,,
2025-06-01,influencer,brand partner/ambassador (+10k),chase gallagher/cmg landscape/service pro elite,2,2,78.99,,,,,,
2025-04-01,organic search,support documentation,,18,5,1271.09,,,,,,
2025-06-01,advertising,radio,general,29,2,78.99,,,,,,
2025-04-01,influencer,brand partner/ambassador (+10k),tommy hunter/hunter window wash,3,2,79.98,,,,,,
2025-04-01,programmatic,the trade desk,lal - tv,60,12,2317,,,,,,
2025-04-01,partner program,channel (franchises),clozetivity,1,1,159,,,,,,
2025-06-01,partner program,integrations,companycam,1,1,119,,,,,,
2025-06-01,influencer,brand partner/ambassador (+10k),keven bermeo / pressure washing plays,30,3,597,,,,,,
2025-06-01,partner program,channel (referrals),bookeepers/consultants/agencies,6,1,169,,,,,,
2025-06-01,outbound,,,3,0,0,,,,,,
2025-04-01,experimental,podcast ads,,8,0,0,,,,,,
2025-06-01,influencer,brand partner/ambassador (+10k),chad cooke/cooke pressure washing/cooke,1,0,0,,,,,,
2025-06-01,events,virtual,jobber grants,7,0,0,,,,,,
2025-04-01,influencer,brand partner/ambassador (+10k),brent strickland / titan garage floors,1,0,0,,,,,,
2025-06-01,influencer,brand partner/ambassador (+10k),eric gonzalez / castillos landscaping,1,0,0,,,,,,
2025-04-01,influencer,brand partner/ambassador (+10k),tom maggs/maggs lawn/maggs lawn and landscape,6,0,0,,,,,,
2025-06-01,directories,mvf,paid,1,0,0,,,,,,
2025-04-01,app marketing - organic,,,1,0,0,,,,,,
2025-05-01,programmatic,mntn,prospecting,4,11,849.99,,,,,,
2025-05-01,sem - generic,bing,,945,64,8947.97,,,,,,
2025-05-01,partner program,integrations,intuit,31,3,427,,,,,,
2025-05-01,programmatic,the trade desk,prospecting - tv,1049,108,20061.95,,,,,,
2025-05-01,word of mouth,organic wom referrals,,3,1,527,,,,,,
2025-05-01,partner program,integrations,stripe,1,1,119,,,,,,
2025-05-01,partner program,integrations,companycam,3,1,428,,,,,,
2025-05-01,partner program,channel (franchises),waterloo turf,1,1,219,,,,,,
2025-05-01,advertising,,,2,1,257,,,,,,
2025-05-01,partner program,integrations,square/block,1,1,39,,,,,,
2025-05-01,influencer,brand partner/ambassador (+10k),john seaman/jc property professionals/jcp properties/jcp,37,0,0,,,,,,
2025-05-01,influencer,"influencer (+10k, not sp)",mike swezey/the handyman business,6,0,0,,,,,,
2025-01-01,youtube,organic,,361,50,5351.93,,,,,,
2025-01-01,programmatic,mntn,prospecting - audience match,1320,207,31767.16,,,,,,
2025-01-01,programmatic,the trade desk,prospecting - tv,132,11,1873.99,,,,,,
2025-01-01,social media,instagram,organic,36,3,457,,,,,,
2025-01-01,app marketing - organic,organic,,11,2,718,,,,,,
2025-01-01,influencer,"influencer (+10k, not sp)",mike swezey/the handyman business,1,1,228,,,,,,
2025-01-01,partner program,channel (franchises),ihandyman,1,0,0,,,,,,
2025-01-01,influencer,brand partner/ambassador (+10k),jessica bannister,2,0,0,,,,,,
2025-01-01,influencer,alumni partner,alyssa's cleaning company/alyssa,4,0,0,,,,,,
2025-01-01,organic search,ai search,perplexity,2,0,0,,,,,,
2025-01-01,influencer,alumni partner,gary mccreadie/hvac know it all,2,0,0,,,,,,
2025-01-01,directories,software advice,ppc,2,0,0,,,,,,
2025-01-01,advertising,pr,online article,1,0,0,,,,,,
2025-09-01,affiliate program,commission junction,,70,27,5029.98,,,,,,
2025-09-01,programmatic,the trade desk,prospecting - tv,473,66,11565.49,,,,,,
2025-09-01,social media,facebook,always-on,202,10,1206,,,,,,
2025-09-01,partner program,integrations,companycam,1,2,418,,,,,,
2025-09-01,events,virtual,jobber summit,5,2,317,,,,,,
2025-09-01,partner program,integrations,intuit,10,5,1505,,,,,,
2025-09-01,influencer,"influencer (+10k, not sp)",mike swezey/the handyman business,3,1,39,,,,,,
2025-09-01,influencer,brand partner/ambassador (+10k),john seaman/jc property professionals/jcp properties/jcp,8,3,783,,,,,,
2025-09-01,influencer,brand partner/ambassador (+10k),roger scheck / roger scheck construction,1,0,0,,,,,,
2025-09-01,influencer,brand partner/ambassador (+10k),connor maendel / maendel construction llc,8,0,0,,,,,,
2025-09-01,influencer,brand partner/ambassador (+10k),eric gonzalez / castillos landscaping,1,0,0,,,,,,
2025-04-01,social media,facebook,always-on,404,39,3442.45,,,,,,
2025-04-01,directories,software advice,ppc,0,2,627,,,,,,
2025-04-01,app marketing - experimental,remerge,,0,2,79.98,,,,,,
2025-06-01,social media,facebook,organic,922,30,2696.87,,,,,,
2025-06-01,programmatic,mntn,prospecting,0,6,704,,,,,,
2025-06-01,direct/unknown,direct,,2478,47,6656.99,,,,,,
2025-04-01,partner program,integrations,intuit,51,6,794,,,,,,
2025-06-01,word of mouth,organic wom referrals,general,491,46,5620.98,,,,,,
2025-06-01,influencer,brand partner/ambassador (+10k),ricardo diaz/legacy junk removal,1,1,39.99,,,,,,
2025-04-01,influencer,brand partner/ambassador (+10k),john seaman/jc property professionals/jcp properties/jcp,26,5,624.98,,,,,,
2025-06-01,influencer,brand partner/ambassador (+10k),john seaman/jc property professionals/jcp properties/jcp,32,4,467.98,,,,,,
2025-06-01,influencer,nano brand partner/ambassador (<10k),greg schmitt/huge handyman,1,1,198,,,,,,
2025-06-01,partner program,channel (franchises),patchmaster,3,3,375,,,,,,
2025-06-01,influencer,brand partner/ambassador (+10k),david rus / daves auto detail,1,0,0,,,,,,
2025-04-01,advertising,print,,1,0,0,,,,,,
2025-04-01,word of mouth,organic wom referrals,,2,0,0,,,,,,
2025-06-01,influencer,ambassador,roger wakefield,1,0,0,,,,,,
2025-06-01,influencer,brand partner/ambassador (+10k),ivan carvalho/glaucio carvalho/mr. bubbles,1,0,0,,,,,,
2025-06-01,advertising,pr,online article,4,0,0,,,,,,
2025-04-01,influencer,brand partner/ambassador (+10k),tyler jones / puff window cleaning,1,0,0,,,,,,
2025-04-01,partner program,industry associations,,1,0,0,,,,,,
2025-07-01,social media,facebook,always-on,151,22,3034.96,,,,,,
2025-07-01,organic search,,,3767,756,120944.74,,,,,,
2025-07-01,partner program,integrations,intuit,17,3,716,,,,,,
2025-07-01,influencer,brand partner/ambassador (+10k),ray duke/bulletproof handyman,9,7,901.99,,,,,,
2025-07-01,events,virtual,jobber summit,4,1,248,,,,,,
2025-07-01,affiliate program,partnerstack,,114,15,2962.99,,,,,,
2025-07-01,app marketing - experimental,jampp,,7,3,198.98,,,,,,
2025-07-01,partner program,channel (franchises),g.i. bins,0,1,152.1,,,,,,
2025-07-01,influencer,brand partner/ambassador (+10k),louis mouchet,1,1,198,,,,,,
2025-07-01,app marketing - paid,,,8,1,39.99,,,,,,
2025-07-01,events,tradeshows,unspecified,1,0,0,,,,,,
2025-07-01,word of mouth,organic wom referrals,,1,0,0,,,,,,
2025-07-01,advertising,print,,1,0,0,,,,,,
2025-07-01,advertising,radio,sirius,2,0,0,,,,,,
2025-07-01,partner program,integrations,thumbtack,1,0,0,,,,,,
2025-05-01,app marketing - paid,smadex,ios,2204,114,7968.32,,,,,,
2025-05-01,freemium organic,,,815,26,2444.97,,,,,,
2025-05-01,influencer,brand partner/ambassador (+10k),keith kalfas,64,10,1368.98,,,,,,
2025-05-01,partner program,channel (franchises),new creations,1,2,435.64,,,,,,
2025-05-01,programmatic,the trade desk,prospecting - audio,444,46,9307.09,,,,,,
2025-05-01,directories,software advice,ppl,7,4,476,,,,,,
2025-05-01,partner program,channel (resellers),verizon,1,1,29,,,,,,
2025-05-01,influencer,general,brian's lawn maintenance,1,0,0,,,,,,
2025-03-01,app marketing - organic,organic,android,1744,50,3090.64,,,,,,
2025-03-01,sem - generic,google,,3157,224,29221.84,,,,,,
2025-11-01,app marketing - paid,google uac,,3737,103,10561.5,,,,,,
2025-11-01,influencer,alumni partner,alyssa's cleaning company/alyssa,0,1,119,,,,,,
2025-07-01,directories,getapp,paid,16,3,637.99,,,,,,
2025-07-01,partner program,channel (franchises),screenmobile,1,2,382,,,,,,
2025-07-01,influencer,ambassador,jumper guy/raul hernandez,2,1,39,,,,,,
2025-07-01,outbound,,,1,0,0,,,,,,
2025-07-01,influencer,alumni partner,the epoxy pros/daniel george,2,0,0,,,,,,
2025-07-01,influencer,brand partner/ambassador (+10k),ji mobile mechanics/jacob ireland,3,0,0,,,,,,
2025-07-01,experimental,tiktok,organic,17,0,0,,,,,,
2025-07-01,experimental,facebook,fb lead gen ebook,1,0,0,,,,,,
2025-07-01,influencer,brand partner/ambassador (+10k),huda saleh / spotless auto care,4,0,0,,,,,,
2025-01-01,directories,capterra,paid,352,15,1634.98,,,,,,
2025-01-01,youtube,trueview,prospecting,140,11,1228,,,,,,
2025-01-01,partner program,integrations,intuit,73,2,258,,,,,,
2025-01-01,partner program,channel (franchises),viewcrew,2,1,335,,,,,,
2025-01-01,youtube,demand gen,prospecting,4,2,238,,,,,,
2025-01-01,partner program,channel (referrals),industry associations,2,2,335.65,,,,,,
2025-01-01,influencer,brand partner/ambassador (+10k),xochitl and paul klepper/xochitl makes it neat/just a cleaning lady,1,0,0,,,,,,
2025-01-01,influencer,brand partner/ambassador (+10k),ryaan tuttle/best handyman boston/rjt,2,0,0,,,,,,
2025-01-01,youtube,paid,,11,0,0,,,,,,
2025-01-01,partner program,integrations,gusto,1,0,0,,,,,,
2025-01-01,influencer,business brand partner,dave moerman/revive washing/home service business coach,3,0,0,,,,,,
2025-10-01,sem - branded,bing,,463,210,35185.76,,,,,,
2025-10-01,freemium paid,google,paid,3035,73,6636.86,,,,,,
2025-10-01,referrals,customer referral program,,241,142,24858.89,,,,,,
2025-10-01,app marketing - paid,tiktok,,5568,77,5241.49,,,,,,
2025-10-01,directories,software advice,ppl,7,6,794.99,,,,,,
2025-10-01,sem - franchise,bing,paid,2,1,228,,,,,,
2025-10-01,influencer,brand partner/ambassador (+10k),leger landscapes/fil,2,0,0,,,,,,
2025-10-01,social media,linkedin,organic,55,0,0,,,,,,
2025-10-01,youtube,demand gen,remarketing,7,0,0,,,,,,
2025-10-01,influencer,brand partner/ambassador (+10k),daniel stewart/liquid green hydroseeding,8,0,0,,,,,,
2025-10-01,influencer,brand partner/ambassador (+10k),james moreno/top class detail,1,0,0,,,,,,
2025-10-01,directories,other,,10,0,0,,,,,,
2025-10-01,influencer,macro brand partner (+1m),jeff thorman/home renovision diy/home renovision,14,0,0,,,,,,
2025-10-01,influencer,"influencer (+10k, not sp)",kory ballard/ballard inc,1,0,0,,,,,,
2025-02-01,affiliate program,partnerstack,,86,22,2556.96,,,,,,
2025-02-01,app marketing - experimental,jampp,,70,10,871.94,,,,,,
2025-02-01,programmatic,the trade desk,prospecting - tv,221,26,3861.97,,,,,,
2025-02-01,social media,instagram,organic,14,1,208,,,,,,
2025-02-01,influencer,brand partner/ambassador (+10k),ray duke/bulletproof handyman,9,5,525.99,,,,,,
2025-02-01,partner program,channel (franchises),zippy garage doors,1,1,159,,,,,,
2025-02-01,influencer,brand partner/ambassador (+10k),ryaan tuttle/best handyman boston/rjt,3,1,199,,,,,,
2025-02-01,partner program,integrations,thumbtack,1,1,39,,,,,,
2025-02-01,app marketing - paid,,,31,1,39.99,,,,,,
2025-02-01,word of mouth,organic wom referrals,,2,0,0,,,,,,
2025-02-01,partner program,integrations,google lsa,1,0,0,,,,,,
2025-02-01,partner program,integrations,gusto,1,0,0,,,,,,
2025-02-01,influencer,brand partner/ambassador (+10k),hunter patrick/dumpire junk removal,4,0,0,,,,,,
2025-11-01,sem - generic,google,,1141,92,13246.97,,,,,,
2025-03-01,sem - generic,bing,,576,53,6571.98,,,,,,
2025-03-01,affiliate program,partnerstack,,105,26,3590.98,,,,,,
2025-11-01,directories,capterra,paid,0,3,276.99,,,,,,
2025-11-01,social media,,,200,16,2254.94,,,,,,
2025-11-01,direct/unknown,,,959,42,7024.99,,,,,,
2025-11-01,social media,facebook,organic,322,23,3268.95,,,,,,
2025-03-01,app marketing - experimental,jampp,,173,9,796.94,,,,,,
2025-11-01,influencer,brand partner/ambassador (+10k),jon dawson / texas luxury cleaning,3,1,278,,,,,,
2025-03-01,social media,instagram,organic,34,9,1163.97,,,,,,
2025-11-01,influencer,brand partner/ambassador (+10k),erica krupin/kroopin poopin scoopin,1,2,368,,,,,,
2025-03-01,programmatic,the trade desk,prospecting - tv,279,26,4910,,,,,,
2025-11-01,influencer,general,,52,7,835.97,,,,,,
2025-03-01,influencer,brand partner/ambassador (+10k),roy thomas/pro era plumbing,3,1,39,,,,,,
2025-11-01,partner program,channel (franchises),,36,21,5614.3,,,,,,
2025-11-01,influencer,brand partner/ambassador (+10k),walter washington/ww hvac,1,1,39.99,,,,,,
2025-11-01,influencer,ambassador,mainstream landscaping/edward simpson,1,1,199,,,,,,
2025-03-01,social media,linkedin,organic,2,0,0,,,,,,
2025-11-01,influencer,brand partner/ambassador (+10k),chant's daily hustle,1,0,0,,,,,,
2025-11-01,influencer,ambassador,josh vinciguerra/vinci's mow and snow/jash cv,1,0,0,,,,,,
2025-03-01,influencer,brand partner/ambassador (+10k),tym o'laughlin/tymo/tymo paints,3,0,0,,,,,,
2025-11-01,influencer,brand partner/ambassador (+10k),ceonn williams / c and c details,1,0,0,,,,,,
2025-03-01,influencer,brand partner/ambassador (+10k),robbie lynn/premier lawns,1,0,0,,,,,,
2025-03-01,influencer,brand partner/ambassador (+10k),connor maendel / maendel construction llc,1,0,0,,,,,,
2025-03-01,affiliate program,commission junction,,60,14,2673.98,,,,,,
2025-03-01,organic search,ai search,chatgpt,50,4,1216,,,,,,
2025-03-01,programmatic,the trade desk,prospecting - display,4,1,169,,,,,,
2025-03-01,partner program,channel (franchises),chefs for seniors,2,2,253.3,,,,,,
2025-03-01,programmatic,mntn,,3,1,249,,,,,,
2025-03-01,influencer,brand partner/ambassador (+10k),walter washington/ww hvac,4,1,119,,,,,,
2025-03-01,partner program,channel (franchises),the concrete protector,1,1,185,,,,,,
2025-03-01,partner program,channel (franchises),progreen,1,1,229,,,,,,
2025-11-01,app marketing - experimental,meta apps,ios,567,1,198,,,,,,
2025-11-01,partner program,channel (franchises),waterloo turf,1,1,219,,,,,,
2025-11-01,influencer,business brand partner,dave moerman/revive washing/home service business coach,1,1,228,,,,,,
2025-11-01,influencer,brand partner/ambassador (+10k),jacob moreno / super clean bins,3,0,0,,,,,,
2025-03-01,influencer,general,jason creel,1,0,0,,,,,,
2025-11-01,organic search,reddit,,2,0,0,,,,,,
2025-11-01,influencer,business brand partner,logan sendle/blue collar business accelerator/bcba,2,0,0,,,,,,
2025-11-01,influencer,brand partner/ambassador (+10k),jeff kult / trusted electric,3,0,0,,,,,,
2025-03-01,events,virtual,jobber grants,1,0,0,,,,,,
2025-11-01,influencer,brand partner/ambassador (+10k),melissa gomez/essential pest solutions,1,0,0,,,,,,
2025-11-01,influencer,ambassador,stevenj120volts/steven ravesi,1,0,0,,,,,,
2025-08-01,app marketing - paid,apple search ads,,3314,152,13012.19,,,,,,
2025-08-01,app marketing - organic,organic,ios,6690,193,15354.01,,,,,,
2025-08-01,events,virtual,jobber now,69,58,10678.93,,,,,,
2025-08-01,social media,facebook,organic,474,39,5867.93,,,,,,
2025-08-01,influencer,brand partner/ambassador (+10k),oscar gil/detail groove,35,3,277,,,,,,
2025-08-01,organic search,support documentation,,14,3,107,,,,,,
2025-08-01,experimental,podcast ads,,3,0,0,,,,,,
2025-08-01,influencer,nano brand partner/ambassador (<10k),or & mikaela segev / patch dudes,1,0,0,,,,,,
2025-08-01,influencer,general,brian's lawn maintenance,1,0,0,,,,,,
2025-08-01,influencer,brand partner/ambassador (+10k),chad cooke/cooke pressure washing/cooke,1,0,0,,,,,,
2025-08-01,influencer,brand partner/ambassador (+10k),nick sanborn / sanborn construction,1,0,0,,,,,,
2025-08-01,influencer,brand partner/ambassador (+10k),trey bohannan/trey bodirt,2,0,0,,,,,,
2025-10-01,sem - branded,google,,1534,477,78649.6,,,,,,
2025-10-01,social media,facebook,paid,401,26,2990.95,,,,,,
2025-10-01,influencer,brand partner/ambassador (+10k),oscar gil/detail groove,18,3,117.99,,,,,,
2025-10-01,partner program,integrations,companycam,0,1,129,,,,,,
2025-10-01,influencer,brand partner/ambassador (+10k),trey bohannan/trey bodirt,3,1,198,,,,,,
2025-10-01,influencer,brand partner/ambassador (+10k),eric gonzalez / castillos landscaping,3,0,0,,,,,,
2025-10-01,freemium paid,facebook,,11,0,0,,,,,,
2025-10-01,influencer,macro brand partner (+1m),sarah mcallister / gocleanco,15,0,0,,,,,,
2025-10-01,influencer,nano brand partner/ambassador (<10k),rosie selvaggio/hocus pocus cleaning,1,0,0,,,,,,
2025-10-01,influencer,ambassador,miguel angel/micky's window cleaning/smooth moves window cleaning,2,0,0,,,,,,
2025-10-01,partner program,channel (all others),bin blasters,1,0,0,,,,,,
2025-10-01,influencer,brand partner/ambassador (+10k),cameron vogelsang/tennessee electrician,2,0,0,,,,,,
2025-10-01,influencer,brand partner/ambassador (+10k),austin mccallister / noschooljusttools / boyd landscaping,1,0,0,,,,,,
2025-10-01,influencer,brand partner/ambassador (+10k),danny cardenas/themaestroreal/rosewood landscaping/rosewood,3,0,0,,,,,,
2025-02-01,programmatic,mntn,prospecting - audience match,1584,222,31156.13,,,,,,
2025-02-01,organic search,ai search,chatgpt,36,6,1333,,,,,,
2025-02-01,partner program,channel (franchises),viztatint,1,1,159,,,,,,
2025-02-01,influencer,brand partner/ambassador (+10k),matthew hawk/matthew's mowing & lawn maintenance,6,1,119,,,,,,
2025-02-01,partner program,channel (referrals),bookeepers/consultants/agencies,16,1,428,,,,,,
2025-02-01,programmatic,the trade desk,prospecting - display,2,1,248,,,,,,
2025-02-01,influencer,alumni partner,gary mccreadie/hvac know it all,3,0,0,,,,,,
2025-02-01,influencer,brand partner/ambassador (+10k),roy thomas/pro era plumbing,2,0,0,,,,,,
2025-02-01,influencer,brand partner/ambassador (+10k),marvin joles/blacktop banter,2,0,0,,,,,,
2025-09-01,directories,capterra,paid,0,2,288,,,,,,
2025-09-01,partner program,channel (all others),,3,1,296.65,,,,,,
2025-09-01,influencer,brand partner/ambassador (+10k),ryaan tuttle/best handyman boston/rjt,3,1,39,,,,,,
2025-09-01,partner program,channel (franchises),,42,34,7142.79,,,,,,
2025-09-01,youtube,demand gen,prospecting,855,5,185.99,,,,,,
2025-09-01,influencer,general,,27,3,967,,,,,,
2025-09-01,youtube,paid,,12,1,39.99,,,,,,
2025-09-01,partner program,channel (franchises),halo home maintenance,1,1,290,,,,,,
2025-09-01,partner program,channel (franchises),next day access,1,1,170,,,,,,
2025-09-01,influencer,alumni partner,the epoxy pros/daniel george,1,0,0,,,,,,
2025-09-01,outbound,,,1,0,0,,,,,,
2025-09-01,partner program,channel (franchises),moldman,1,0,0,,,,,,
2025-09-01,influencer,brand partner/ambassador (+10k),ji mobile mechanics/jacob ireland,1,0,0,,,,,,
2025-09-01,experimental,tiktok,paid,1,0,0,,,,,,
2025-09-01,influencer,business brand partner,influencer - robert eisenstadt / property pros / property pros business coach,1,0,0,,,,,,
2025-04-01,sem - generic,google,,2296,193,20948.78,,,,,,
2025-06-01,app marketing - organic,organic,ios,7338,218,16187.52,,,,,,
2025-06-01,app marketing - paid,google uac,,6230,115,8425,,,,,,
2025-06-01,partner program,channel (franchises),,25,27,7117.3,,,,,,
2025-06-01,partner program,channel (resellers),verizon,2,3,253,,,,,,
2025-06-01,app marketing - experimental,meta apps,ios,0,1,39,,,,,,
2025-06-01,directories,capterra,paid,62,8,1722,,,,,,
2025-04-01,partner program,channel (referrals),coaches/trainers,3,3,747,,,,,,
2025-04-01,partner program,channel (franchises),next day access,1,1,170,,,,,,
2025-04-01,partner program,channel (franchises),moldman,1,1,140,,,,,,
2025-06-01,influencer,brand partner/ambassador (+10k),keith kalfas,21,4,725,,,,,,
2025-06-01,partner program,channel (franchises),fibrenew,2,2,118,,,,,,
2025-06-01,directories,g2,paid,7,1,326.59,,,,,,
2025-04-01,influencer,brand partner/ambassador (+10k),ryaan tuttle/best handyman boston/rjt,1,0,0,,,,,,
2025-04-01,partner program,channel (referrals),industry associations,1,0,0,,,,,,
2025-06-01,influencer,brand partner/ambassador (+10k),dan holliday,1,0,0,,,,,,
2025-06-01,organic search,reddit,,1,0,0,,,,,,
2025-04-01,youtube,paid,,11,0,0,,,,,,
2025-04-01,partner program,integrations,,3,0,0,,,,,,
2025-04-01,partner program,integrations,gusto,1,0,0,,,,,,
2025-08-01,app marketing - paid,google uac,,5409,107,9595.79,,,,,,
2025-08-01,word of mouth,organic wom referrals,general,224,49,9922.17,,,,,,
2025-08-01,freemium organic,,,791,23,1549.95,,,,,,
2025-08-01,influencer,brand partner/ambassador (+10k),james moreno/top class detail,2,1,39,,,,,,
2025-08-01,partner program,channel (resellers),verizon,4,4,282,,,,,,
2025-08-01,directories,software advice,ppl,8,8,912,,,,,,
2025-08-01,influencer,brand partner/ambassador (+10k),tyler link/contractor ceo/concrete launch secrets,1,0,0,,,,,,
2025-05-01,app marketing - organic,organic,ios,7686,253,19696.94,,,,,,
2025-05-01,app marketing - paid,apple search ads,,4299,233,16058.81,,,,,,
2025-05-01,referrals,customer referral program,,294,165,27620.02,,,,,,
2025-05-01,influencer,brand partner/ambassador (+10k),kurt lambert / kurt’s pressure washing,0,1,199,,,,,,
2025-05-01,partner program,channel (all others),bin blasters,6,4,1095,,,,,,
2025-05-01,influencer,brand partner/ambassador (+10k),oscar gil/detail groove,64,7,1153,,,,,,
2025-05-01,freemium paid,facebook,,2,0,0,,,,,,
2025-05-01,influencer,brand partner/ambassador (+10k),ricardo diaz/legacy junk removal,1,0,0,,,,,,
2025-05-01,influencer,brand partner/ambassador (+10k),kipp bender / rocksteady tile company,1,0,0,,,,,,
2025-05-01,social media,linkedin,organic,5,0,0,,,,,,
2025-08-01,partner program,channel (franchises),waterloo turf,1,1,219,,,,,,
2025-08-01,influencer,macro brand partner (+1m),dustin stelzer / electrician u,6,1,118,,,,,,
2025-08-01,events,virtual,jobber summit,3,0,0,,,,,,
2025-08-01,influencer,"influencer (+10k, not sp)",mike swezey/the handyman business,1,0,0,,,,,,
2025-08-01,app marketing - organic,organic,,1,0,0,,,,,,
2025-03-01,directories,getapp,paid,141,6,1204,,,,,,
2025-03-01,word of mouth,organic wom referrals,general,339,48,6024.73,,,,,,
2025-03-01,influencer,brand partner/ambassador (+10k),adam chapman/pad pal,3,3,486,,,,,,
2025-03-01,partner program,channel (franchises),screenmobile,1,1,191,,,,,,
2025-03-01,directories,software advice,ppl,8,5,1025.99,,,,,,
2025-03-01,influencer,brand partner/ambassador (+10k),blake albertson/b&b lawn care/bblawncarekc,1,1,169,,,,,,
2025-11-01,organic search,ai search,chatgpt,15,3,837,,,,,,
2025-11-01,programmatic,the trade desk,prospecting - display,1022,161,28641.23,,,,,,
2025-11-01,influencer,ambassador,michaels paving/michael stanley,2,1,158,,,,,,
2025-11-01,influencer,brand partner/ambassador (+10k),roy thomas/pro era plumbing,5,2,726,,,,,,
2025-11-01,influencer,brand partner/ambassador (+10k),casey evertsen/bin blasters,3,0,0,,,,,,
2025-03-01,influencer,brand partner/ambassador (+10k),tyler link/contractor ceo/concrete launch secrets,1,0,0,,,,,,
2025-03-01,influencer,alumni partner,katie pearse/glisten cleaning academy,2,0,0,,,,,,
2025-11-01,partner program,integrations,,2,0,0,,,,,,
2025-03-01,partner program,industry associations,,1,0,0,,,,,,
2025-03-01,influencer,brand partner/ambassador (+10k),louis mouchet,1,0,0,,,,,,
2025-11-01,influencer,brand partner/ambassador (+10k),perry robinson/powerwashingproga,1,0,0,,,,,,
2025-11-01,organic search,ai search,claude,2,0,0,,,,,,
2025-11-01,influencer,brand partner/ambassador (+10k),keven bermeo / pressure washing plays,1,0,0,,,,,,
2025-10-01,app marketing - paid,google uac,,5251,92,6523.21,,,,,,
2025-10-01,youtube,trueview,prospecting,1,1,119,,,,,,
2025-10-01,social media,instagram,paid,9,2,78,,,,,,
2025-10-01,influencer,ambassador,haley rogers / austin rogers /  avai property solutions,1,1,169.99,,,,,,
2025-10-01,social media,linkedin,,10,0,0,,,,,,
2025-10-01,influencer,business brand partner,dave moerman/revive washing/home service business coach,1,0,0,,,,,,
2025-10-01,influencer,ambassador,christina lien / nomadak builds,1,0,0,,,,,,
2025-10-01,organic search,ai search,perplexity,9,0,0,,,,,,
2025-10-01,influencer,brand partner/ambassador (+10k),udetailers/ethan dang /hangar club,1,0,0,,,,,,
2025-10-01,influencer,brand partner/ambassador (+10k),austin gray - ownr ops / ownr ops skool community / bear claw land services,1,0,0,,,,,,
2025-10-01,influencer,ambassador,detail girlz/jackie andrade,1,0,0,,,,,,
2025-02-01,freemium organic,,,565,10,909.99,,,,,,
2025-02-01,word of mouth,organic wom referrals,general,238,41,7010,,,,,,
2025-02-01,influencer,macro brand partner (+1m),jeff thorman/home renovision diy/home renovision,0,1,69.99,,,,,,
2025-02-01,directories,software advice,ppl,2,2,168,,,,,,
2025-02-01,programmatic,the trade desk,prospecting - audio,74,8,1522.99,,,,,,
2025-02-01,influencer,ambassador,codie sanchez/contrarian thinking,1,1,278,,,,,,
2025-02-01,influencer,ambassador,lexi abreu/lex the electrician,1,0,0,,,,,,
2025-02-01,directories,capterra,organic,2,0,0,,,,,,
2025-02-01,partner program,channel (franchises),screenmobile,1,0,0,,,,,,
2025-11-01,partner program,integrations,zapier,1,0,0,,,,,,
2025-03-01,directories,capterra,,1,0,0,,,,,,
2025-03-01,word of mouth,organic wom referrals,,2,0,0,,,,,,
2025-03-01,influencer,brand partner/ambassador (+10k),randy roblero/detailing beyond limits/beyond limits of palm beach,3,0,0,,,,,,
2025-11-01,influencer,brand partner/ambassador (+10k),jeff guldalian/ the 360 electrician,2,0,0,,,,,,
2025-11-01,influencer,brand partner/ambassador (+10k),josh isaac/saiibu auto,4,0,0,,,,,,
2025-09-01,referrals,customer referral program,,216,110,18276.15,,,,,,
2025-09-01,influencer,brand partner/ambassador (+10k),ray duke/bulletproof handyman,7,3,346,,,,,,
2025-09-01,influencer,ambassador,lexi abreu/lex the electrician,1,1,169.99,,,,,,
2025-09-01,influencer,brand partner/ambassador (+10k),grant blundell/gb plumbing,1,1,449,,,,,,
2025-09-01,partner program,integrations,thumbtack,2,1,119,,,,,,
2025-09-01,influencer,brand partner/ambassador (+10k),al benford/ junk squad,1,0,0,,,,,,
2025-09-01,influencer,brand partner/ambassador (+10k),johan labrana/johan's junk removal,1,0,0,,,,,,
2025-09-01,advertising,radio,sirius,1,0,0,,,,,,
2025-09-01,social media,linkedin,organic,10,0,0,,,,,,
2025-09-01,influencer,brand partner/ambassador (+10k),lee farrington / pinpoint carpentry,1,0,0,,,,,,
2025-09-01,partner program,channel (franchises),screenmobile,1,0,0,,,,,,
2025-09-01,directories,other,,2,0,0,,,,,,
2025-09-01,influencer,business brand partner,mark stetlock/finance unfolded/financeunfolded,13,0,0,,,,,,
2025-05-01,partner program,channel (franchises),pink's window service,6,8,1997,,,,,,
2025-05-01,sem - franchise,google,paid,10,11,1869.98,,,,,,
2025-05-01,youtube,trueview,prospecting,151,12,1576.99,,,,,,
2025-05-01,partner program,channel (referrals),,15,23,3375.3,,,,,,
2025-05-01,sem - competitors,bing,,30,9,1109.99,,,,,,
2025-05-01,influencer,brand partner/ambassador (+10k),dan holliday,4,1,39.99,,,,,,
2025-05-01,influencer,brand partner/ambassador (+10k),tom maggs/maggs lawn/maggs lawn and landscape,5,1,278,,,,,,
2025-05-01,influencer,business brand partner,logan sendle/blue collar business accelerator/bcba,2,1,39.99,,,,,,
2025-05-01,programmatic,,,19,1,119,,,,,,
2025-05-01,partner program,channel (franchises),clozetivity,1,1,159,,,,,,
2025-05-01,influencer,business brand partner,casper opala / casper captial,1,0,0,,,,,,
2025-05-01,influencer,brand partner/ambassador (+10k),raylyn dunlap/dunlap cleaning services/the real hustle network,2,0,0,,,,,,
2025-04-01,sem - branded,bing,,832,405,60433.31,,,,,,
2025-06-01,programmatic,the trade desk,prospecting - tv,869,110,19619.07,,,,,,
2025-06-01,sem - generic,bing,,844,60,7324.54,,,,,,
2025-04-01,influencer,"influencer (+10k, not sp)",kory ballard/ballard inc,0,3,267,,,,,,
2025-04-01,partner program,channel (franchises),screenmobile,2,3,669.4,,,,,,
2025-04-01,partner program,channel (all others),trash can cleaners,0,1,33.15,,,,,,
2025-04-01,directories,software advice,ppl,5,4,1225,,,,,,
2025-04-01,youtube,trueview,remarketing,13,1,119,,,,,,
2025-06-01,partner program,channel (referrals),,10,10,1980,,,,,,
2025-04-01,partner program,channel (all others),roof savers,1,1,269,,,,,,
2025-06-01,social media,instagram,organic,101,7,411,,,,,,
2025-06-01,partner program,channel (franchises),the patch boys,2,2,298,,,,,,
2025-06-01,influencer,business brand partner,anatoly nazarov / digamark llc / average bro aesthetic,3,2,317.99,,,,,,
2025-04-01,influencer,brand partner/ambassador (+10k),james moreno/top class detail,1,0,0,,,,,,
2025-06-01,influencer,business brand partner,eduardo barboza / nmc development llc / wealth in construction,1,0,0,,,,,,
2025-04-01,social media,linkedin,organic,6,0,0,,,,,,
2025-04-01,directories,other,,1,0,0,,,,,,
2025-06-01,app marketing - organic,organic,,9,0,0,,,,,,
2025-06-01,influencer,brand partner/ambassador (+10k),hunter patrick/dumpire junk removal,1,0,0,,,,,,
2025-04-01,directories,capterra,organic,1,0,0,,,,,,
2025-06-01,affiliate program,,,15,0,0,,,,,,
2025-08-01,sem - competitors,bing,,24,7,833,,,,,,
2025-08-01,app marketing - organic,organic,android,1730,34,2716.17,,,,,,
2025-08-01,sem - franchise,google,paid,13,4,1525,,,,,,
2025-08-01,programmatic,the trade desk,lal - audio,52,6,1002,,,,,,
2025-08-01,influencer,brand partner/ambassador (+10k),joseph rivera/washpreneurs/wedoit4you,3,0,0,,,,,,
2025-08-01,influencer,brand partner/ambassador (+10k),timmy riggs / streakers window cleaning,2,0,0,,,,,,
2025-08-01,partner program,channel (franchises),chefs for seniors,1,0,0,,,,,,
2025-08-01,organic search,ai search,claude,1,0,0,,,,,,
2025-08-01,influencer,brand partner/ambassador (+10k),anthony salazar / poop scoops for noobs,1,0,0,,,,,,
2025-08-01,influencer,business brand partner,eduardo barboza / nmc development llc / wealth in construction,1,0,0,,,,,,
2025-08-01,influencer,brand partner/ambassador (+10k),jermaine hester jr / mellodirt / the gravel driveway company,1,0,0,,,,,,
2025-08-01,influencer,brand partner/ambassador (+10k),casey evertsen/bin blasters,1,0,0,,,,,,
2025-08-01,influencer,brand partner/ambassador (+10k),robbie lynn/premier lawns,1,0,0,,,,,,
2025-11-01,influencer,business brand partner,aaron wilton-jones / autoclean academy,3,0,0,,,,,,
2025-09-01,sem - branded,bing,,511,264,42999,,,,,,
2025-09-01,app marketing - paid,smadex,ios,1835,110,9005.26,,,,,,
2025-09-01,partner program,channel (franchises),the concrete protector,2,2,370,,,,,,
2025-09-01,influencer,macro brand partner (+1m),jeff thorman/home renovision diy/home renovision,11,1,39,,,,,,
2025-09-01,app marketing - paid,moloco,,3,0,0,,,,,,
2025-09-01,partner program,integrations,zapier,2,0,0,,,,,,
2025-09-01,events,local events,,1,0,0,,,,,,
2025-09-01,influencer,brand partner/ambassador (+10k),kevin watson/off the path with kevin/off the path,1,0,0,,,,,,
2025-09-01,influencer,ambassador,jumper guy/raul hernandez,1,0,0,,,,,,
2025-04-01,app marketing - paid,smadex,ios,1482,104,6997.25,,,,,,
2025-06-01,influencer,macro brand partner (+1m),chase stetson/that lawn dude,126,8,756.95,,,,,,
2025-06-01,sem - competitors,google,,170,29,5541.98,,,,,,
2025-04-01,directories,capterra,paid,272,14,3754.99,,,,,,
2025-04-01,partner program,channel (all others),,1,1,169,,,,,,
2025-04-01,youtube,demand gen,prospecting,33,5,565,,,,,,
2025-04-01,app marketing - paid,moloco,,4,1,39.99,,,,,,
2025-06-01,partner program,channel (all others),mosaic home services,0,4,1116,,,,,,
2025-06-01,app marketing - paid,moloco,,8,2,78.99,,,,,,
2025-04-01,partner program,channel (franchises),waterloo turf,1,1,219,,,,,,
2025-06-01,influencer,brand partner/ambassador (+10k),glen c/glen cuevas/glen c landscaping,4,0,0,,,,,,
2025-06-01,influencer,brand partner/ambassador (+10k),jacob moreno / super clean bins,2,0,0,,,,,,
2025-04-01,outbound,,,2,0,0,,,,,,
2025-04-01,influencer,alumni partner,the epoxy pros/daniel george,2,0,0,,,,,,
2025-04-01,experimental,facebook,fb lead gen ebook,1,0,0,,,,,,
2025-04-01,experimental,tiktok,organic,2,0,0,,,,,,
2025-04-01,partner program,integrations,stripe,2,0,0,,,,,,
2025-06-01,partner program,integrations,zapier,2,0,0,,,,,,
2025-05-01,events,virtual,jobber now,35,25,2548.95,,,,,,
2025-05-01,freemium paid,bing,paid,706,22,2056,,,,,,
2025-05-01,performance max,,,0,1,39,,,,,,
2025-05-01,influencer,brand partner/ambassador (+10k),jeff guldalian/ the 360 electrician,0,2,157,,,,,,
2025-05-01,experimental,podcast ads,,5,3,486,,,,,,
2025-05-01,influencer,macro brand partner (+1m),chase stetson/that lawn dude,130,8,543.98,,,,,,
2025-05-01,programmatic,the trade desk,lal - audio,39,3,197,,,,,,
2025-05-01,influencer,business brand partner,alex guzman / modern day contractor,2,1,29,,,,,,
2025-05-01,organic search,support documentation,,6,1,29,,,,,,
2025-05-01,partner program,channel (franchises),punch list pros,2,2,478,,,,,,
2025-05-01,social media,twitter,,2,0,0,,,,,,
2025-05-01,influencer,alumni partner,zachary jurkowski/montreal contractors,1,0,0,,,,,,
2025-05-01,influencer,ambassador,desmond tse/the siding guy,1,0,0,,,,,,
2025-05-01,influencer,brand partner/ambassador (+10k),pablo serrano/black sheep/the black sheep lawn,1,0,0,,,,,,
2025-05-01,influencer,brand partner/ambassador (+10k),cameron vogelsang/tennessee electrician,3,0,0,,,,,,
2025-05-01,influencer,brand partner/ambassador (+10k),brad behr/copper creek cuts/bctp/baker county trash pickup,7,0,0,,,,,,
2025-05-01,influencer,brand partner/ambassador (+10k),jacqueline and tanner hurst/jt junk solutions,3,0,0,,,,,,
2025-05-01,partner program,channel (resellers),,1,0,0,,,,,,
2025-05-01,advertising,radio,denver,1,0,0,,,,,,
2025-08-01,freemium paid,google,paid,3282,73,5503.98,,,,,,
2025-08-01,app marketing - paid,tiktok,,5616,64,5048.69,,,,,,
2025-08-01,direct/unknown,direct,,942,39,6435.97,,,,,,
2025-08-01,directories,other,,0,1,39.99,,,,,,
2025-08-01,partner program,channel (franchises),patchmaster,3,3,375,,,,,,
2025-08-01,youtube,demand gen,remarketing,14,2,208.99,,,,,,
2025-08-01,influencer,alumni partner,jason cleans/jason shipway,1,0,0,,,,,,
2025-08-01,organic search,ai search,perplexity,4,0,0,,,,,,
2025-01-01,programmatic,mntn,prospecting,193,24,3862,,,,,,
2025-01-01,sem - generic,bing,,788,62,8480.98,,,,,,
2025-01-01,partner program,channel (referrals),,10,11,1909,,,,,,
2025-01-01,directories,g2,g2_paid_promo,0,1,208,,,,,,
2025-01-01,partner program,channel (franchises),duraclean,5,6,1393,,,,,,
2025-01-01,influencer,ambassador,roger wakefield,1,2,68,,,,,,
2025-01-01,programmatic,,,40,1,237,,,,,,
2025-01-01,social media,instagram,paid,6,1,39.99,,,,,,
2025-01-01,affiliate program,,,3,1,169,,,,,,
2025-12-01,youtube,demand gen,prospecting,1,0,0,,,,,,
2025-01-01,youtube,demand gen,remarketing,1,0,0,,,,,,
2025-07-01,sem - branded,bing,,796,377,57141.46,,,,,,
2025-07-01,sem - generic,bing,,680,59,6326.98,,,,,,
2025-07-01,programmatic,the trade desk,prospecting - tv,518,93,14486.06,,,,,,
2025-07-01,social media,instagram,organic,103,7,880,,,,,,
2025-07-01,partner program,channel (all others),roof savers,3,3,807,,,,,,
2025-07-01,influencer,nano brand partner/ambassador (<10k),finn varette / varchuk/ howtohomeservice,1,1,39.99,,,,,,
2025-07-01,influencer,brand partner/ambassador (+10k),connor maendel / maendel construction llc,2,1,39,,,,,,
2025-07-01,influencer,brand partner/ambassador (+10k),marvin joles/blacktop banter,1,1,248,,,,,,
2025-07-01,influencer,brand partner/ambassador (+10k),kevin watson/off the path with kevin/off the path,1,0,0,,,,,,
2025-07-01,partner program,industry associations,,1,0,0,,,,,,
2025-07-01,partner program,integrations,google lsa,1,0,0,,,,,,
2025-07-01,influencer,brand partner/ambassador (+10k),glen c/glen cuevas/glen c landscaping,4,0,0,,,,,,
2025-07-01,influencer,business brand partner,mark stetlock/finance unfolded/financeunfolded,2,0,0,,,,,,
2025-02-01,sem - competitors,google,,138,35,5987.99,,,,,,
2025-02-01,sem - generic,bing,,629,49,5404.99,,,,,,
2025-02-01,programmatic,mntn,prospecting,186,32,5802.97,,,,,,
2025-02-01,direct/unknown,direct,,1293,30,3188.99,,,,,,
2025-02-01,directories,g2,organic,1,1,39,,,,,,
2025-02-01,influencer,brand partner/ambassador (+10k),john seaman/jc property professionals/jcp properties/jcp,7,1,39.99,,,,,,
2025-02-01,partner program,channel (franchises),waterloo turf,1,1,269,,,,,,
2025-02-01,advertising,,,3,0,0,,,,,,
2025-03-01,programmatic,mntn,prospecting,365,47,7168.97,,,,,,
2025-03-01,direct/unknown,direct,,1746,46,7379.98,,,,,,
2025-03-01,influencer,ambassador,mainstream landscaping/edward simpson,0,1,158,,,,,,
2025-11-01,freemium paid,bing,paid,699,19,1660.97,,,,,,
2025-11-01,performance max,,,0,1,428,,,,,,
2025-11-01,sem - franchise,google,paid,18,9,1838,,,,,,
2025-03-01,partner program,channel (referrals),bookeepers/consultants/agencies,2,1,39,,,,,,
2025-03-01,programmatic,the trade desk,lal - tv,31,6,1044,,,,,,
2025-03-01,advertising,online/general,,57,9,1690,,,,,,
2025-03-01,influencer,brand partner/ambassador (+10k),john seaman/jc property professionals/jcp properties/jcp,7,2,417,,,,,,
2025-11-01,directories,g2,paid,3,1,349,,,,,,
2025-11-01,influencer,macro brand partner (+1m),chase stetson/that lawn dude,24,2,207,,,,,,
2025-11-01,influencer,brand partner/ambassador (+10k),jacob ortiz/yourtexaspatio,0,1,39,,,,,,
2025-11-01,partner program,channel (referrals),,1,3,726,,,,,,
2025-11-01,influencer,"influencer (+10k, not sp)",sam irwin / go build stuff,0,1,108,,,,,,
2025-11-01,programmatic,,,9,1,39,,,,,,
2025-03-01,influencer,alumni partner,gary mccreadie/hvac know it all,4,0,0,,,,,,
2025-11-01,influencer,brand partner/ambassador (+10k),austin mccallister / noschooljusttools / boyd landscaping,1,0,0,,,,,,
2025-03-01,influencer,brand partner/ambassador (+10k),tj mccormack/worldsgreatestroofer/tj,1,0,0,,,,,,
2025-11-01,influencer,brand partner/ambassador (+10k),maigan dowell / do well cleaning,3,0,0,,,,,,
2025-11-01,influencer,ambassador,dominic rosales/poor pumper society,1,0,0,,,,,,
2025-03-01,app marketing - experimental,remerge,,1,0,0,,,,,,
2025-03-01,advertising,,,5,0,0,,,,,,
2025-03-01,advertising,pr,general,1,0,0,,,,,,
2025-11-01,influencer,brand partner/ambassador (+10k),zeb lopata / enjay improvements / general enjay,5,0,0,,,,,,
2025-11-01,influencer,brand partner/ambassador (+10k),nolan hope/hope detailing,1,0,0,,,,,,
2025-11-01,influencer,nano brand partner/ambassador (<10k),rosie selvaggio/hocus pocus cleaning,1,0,0,,,,,,
2025-11-01,influencer,brand partner/ambassador (+10k),dan holliday,1,0,0,,,,,,
2025-10-01,organic search,,,3339,595,103059.01,,,,,,
2025-10-01,affiliate program,partnerstack,,50,22,3336.02,,,,,,
2025-10-01,programmatic,the trade desk,prospecting - tv,575,77,10505.96,,,,,,
2025-10-01,social media,instagram,organic,75,3,615,,,,,,
2025-10-01,events,virtual,jobber summit,20,1,208,,,,,,
2025-10-01,app marketing - paid,,,9,0,0,,,,,,
2025-10-01,influencer,ambassador,annie jones / annie cleans / annie cleans by lamplight,2,0,0,,,,,,
2025-10-01,influencer,brand partner/ambassador (+10k),sadi ingallina/ash tree enterprises,1,0,0,,,,,,
2025-10-01,influencer,macro brand partner (+1m),dustin stelzer / electrician u,23,0,0,,,,,,
2025-10-01,influencer,brand partner/ambassador (+10k),harry harvey / garage style,1,0,0,,,,,,
2025-10-01,influencer,brand partner/ambassador (+10k),j&d lake services/jd lake services/joe weinberger/declan pivnicka,1,0,0,,,,,,
2025-01-01,app marketing - paid,apple search ads,,3124,119,8564.22,,,,,,
2025-01-01,freemium paid,bing,paid,1072,29,1832.96,,,,,,
2025-01-01,app marketing - organic,organic,ios,4225,110,7337.37,,,,,,
2025-01-01,freemium organic,,,447,14,635.99,,,,,,
2025-01-01,partner program,channel (franchises),pink's window service,37,21,4699,,,,,,
2025-01-01,partner program,channel (franchises),clozetivity,1,1,159,,,,,,
2025-01-01,partner program,channel (resellers),verizon,3,3,248,,,,,,
2025-01-01,programmatic,the trade desk,prospecting - audio,41,4,475,,,,,,
2025-01-01,partner program,channel (franchises),fibrenew,11,11,649,,,,,,
2025-01-01,app marketing - experimental,meta apps,ios,1,0,0,,,,,,
2025-01-01,directories,g2,paid,10,0,0,,,,,,
2025-01-01,advertising,radio,general,31,0,0,,,,,,
2025-09-01,influencer,macro brand partner (+1m),chase stetson/that lawn dude,37,7,803.97,,,,,,
2025-09-01,organic search,reddit,,1,1,169,,,,,,
2025-09-01,performance max,,,0,1,249,,,,,,
2025-09-01,programmatic,the trade desk,prospecting - audio,312,43,7789.09,,,,,,
2025-09-01,influencer,brand partner/ambassador (+10k),jeff guldalian/ the 360 electrician,3,2,287.99,,,,,,
2025-09-01,directories,g2,paid,4,1,119,,,,,,
2025-09-01,sem - franchise,google,paid,11,9,1726.99,,,,,,
2025-09-01,partner program,channel (franchises),fibrenew,12,11,649,,,,,,
2025-09-01,organic search,support documentation,,9,3,1317,,,,,,
2025-09-01,partner program,channel (franchises),garage floors 4 less,2,1,259,,,,,,
2025-09-01,influencer,ambassador,david d'eramo / tiller trade co,1,0,0,,,,,,
2025-09-01,app marketing - experimental,meta apps,ios,1,0,0,,,,,,
2025-09-01,influencer,brand partner/ambassador (+10k),pablo serrano/black sheep/the black sheep lawn,1,0,0,,,,,,
2025-09-01,influencer,general,brian's lawn maintenance,2,0,0,,,,,,
2025-09-01,app marketing - organic,,,2,0,0,,,,,,
2025-07-01,app marketing - organic,organic,ios,7430,231,17025.3,,,,,,
2025-07-01,app marketing - paid,apple search ads,,3799,192,14193.84,,,,,,
2025-07-01,sem - generic,google,,1593,133,15658.87,,,,,,
2025-07-01,social media,,,155,22,2391.88,,,,,,
2025-07-01,directories,capterra,paid,49,5,1395,,,,,,
2025-07-01,partner program,channel (franchises),,31,22,5233.85,,,,,,
2025-07-01,partner program,channel (franchises),preservan,1,1,230,,,,,,
2025-07-01,partner program,channel (franchises),next day access,1,1,170,,,,,,
2025-07-01,partner program,channel (all others),,1,0,0,,,,,,
2025-07-01,influencer,business brand partner,aaron wilton-jones / autoclean academy,4,0,0,,,,,,
2025-07-01,partner program,channel (franchises),garage floors 4 less,1,0,0,,,,,,
2025-07-01,influencer,business brand partner,kevin cook / accelerate nation,1,0,0,,,,,,
2025-04-01,app marketing - organic,organic,ios,5722,244,17465.2,,,,,,
2025-06-01,freemium organic,,,942,27,1675.97,,,,,,
2025-06-01,sem - branded,bing,,789,430,55384.6,,,,,,
2025-04-01,influencer,brand partner/ambassador (+10k),keith kalfas,37,14,1127.98,,,,,,
2025-04-01,app marketing - paid,apple search ads,,4226,220,16594.36,,,,,,
2025-06-01,performance max,,,1,5,1273,,,,,,
2025-04-01,freemium paid,bing,paid,712,20,1509,,,,,,
2025-04-01,sem - franchise,google,paid,19,11,1562.09,,,,,,
2025-04-01,partner program,channel (resellers),verizon,1,2,219,,,,,,
2025-04-01,performance max,,,0,1,39,,,,,,
2025-04-01,influencer,brand partner/ambassador (+10k),ben millen/benjamin millen/bluladder/ben the window cleaner,0,1,119,,,,,,
2025-04-01,partner program,channel (franchises),,31,25,4735.05,,,,,,
2025-06-01,programmatic,the trade desk,prospecting - audio,398,51,7848.06,,,,,,
2025-04-01,app marketing - experimental,meta apps,ios,1,0,0,,,,,,
2025-06-01,experimental,tiktok,organic,11,0,0,,,,,,
2025-04-01,partner program,channel (all others),bin blasters,1,0,0,,,,,,
2025-06-01,influencer,brand partner/ambassador (+10k),joshua chapman/gutter ghosts,1,0,0,,,,,,
2025-06-01,events,tradeshows,ahr,1,0,0,,,,,,
2025-06-01,influencer,brand partner/ambassador (+10k),zech osburn/z's exterior services/biz boosters,39,0,0,,,,,,
2025-02-01,youtube,trueview,prospecting,198,10,1108.99,,,,,,
2025-02-01,partner program,channel (referrals),,19,16,2542.99,,,,,,
2025-02-01,programmatic,,,16,2,208,,,,,,
2025-02-01,sem - franchise,google,paid,18,12,2007.98,,,,,,
2025-02-01,sem - competitors,bing,,29,4,676,,,,,,
2025-02-01,influencer,general,lawn care business success/julio tome,1,1,29,,,,,,
2025-02-01,partner program,channel (franchises),clozetivity,1,1,159,,,,,,
2025-02-01,influencer,brand partner/ambassador (+10k),mary-anne bowcott/the lady plumber/westcom plumbing,1,0,0,,,,,,
2025-02-01,influencer,business brand partner,casper opala / casper captial,1,0,0,,,,,,
2025-02-01,app marketing - experimental,meta apps,ios,1,0,0,,,,,,
2025-02-01,influencer,brand partner/ambassador (+10k),ben millen/benjamin millen/bluladder/ben the window cleaner,2,0,0,,,,,,
2025-11-01,sem - branded,google,,1520,398,67850.23,,,,,,
2025-11-01,social media,facebook,paid,295,26,4021.92,,,,,,
2025-11-01,app marketing - paid,apple search ads,,3122,150,16591.14,,,,,,
2025-11-01,app marketing - organic,organic,ios,6970,196,17049.84,,,,,,
2025-11-01,referrals,customer referral program,,202,124,20774.97,,,,,,
2025-05-01,events,virtual,jobber summit,8,0,0,,,,,,
2025-05-01,app marketing - paid,moloco,,7,0,0,,,,,,
2025-05-01,influencer,brand partner/ambassador (+10k),kevin watson/off the path with kevin/off the path,1,0,0,,,,,,
2025-10-01,directories,capterra,paid,0,1,428,,,,,,
2025-10-01,influencer,brand partner/ambassador (+10k),jon dawson / texas luxury cleaning,0,1,39.99,,,,,,
2025-10-01,social media,,,196,15,1768.93,,,,,,
2025-10-01,influencer,brand partner/ambassador (+10k),roberto de leon/pinewood landscape,1,1,199,,,,,,
2025-10-01,app marketing - experimental,meta apps,ios,16,1,39.99,,,,,,
2025-10-01,influencer,brand partner/ambassador (+10k),jacob moreno / super clean bins,1,0,0,,,,,,
2025-10-01,influencer,business brand partner,aaron wilton-jones / autoclean academy,4,0,0,,,,,,
2025-10-01,influencer,ambassador,austin davis,1,0,0,,,,,,
2025-02-01,freemium paid,bing,paid,736,24,2145,,,,,,
2025-02-01,performance max,,,1,5,753,,,,,,
2025-02-01,influencer,macro brand partner (+1m),chase stetson/that lawn dude,15,1,39.99,,,,,,
2025-02-01,events,virtual,jobber now,14,8,1299.07,,,,,,
2025-02-01,partner program,channel (franchises),pink's window service,1,9,1980,,,,,,
2025-02-01,influencer,brand partner/ambassador (+10k),cameron vogelsang/tennessee electrician,3,0,0,,,,,,
2025-02-01,influencer,general,brian's lawn maintenance,1,0,0,,,,,,
2025-02-01,events,tradeshows,ahr,4,0,0,,,,,,
2025-02-01,social media,twitter,,2,0,0,,,,,,
2025-08-01,app marketing - paid,smadex,ios,2215,122,10554.43,,,,,,
2025-08-01,partner program,channel (franchises),,31,34,6987.95,,,,,,
2025-08-01,youtube,demand gen,prospecting,295,21,2076.98,,,,,,
2025-08-01,direct/unknown,,,971,38,6875.99,,,,,,
2025-08-01,directories,g2,organic,0,1,39,,,,,,
2025-08-01,partner program,integrations,responsibid,1,1,39,,,,,,
2025-08-01,influencer,brand partner/ambassador (+10k),jon dawson / texas luxury cleaning,1,1,199.99,,,,,,
2025-08-01,influencer,business brand partner,kevin cook / accelerate nation,1,1,119,,,,,,
2025-08-01,influencer,alumni partner,branden sewell/seal pro painting,1,1,199,,,,,,
2025-08-01,programmatic,mntn,,1,0,0,,,,,,
2025-08-01,influencer,brand partner/ambassador (+10k),ian mitzelfeld/mitzelfeld construction,1,0,0,,,,,,
2025-08-01,partner program,integrations,zapier,1,0,0,,,,,,
2025-08-01,youtube,paid,,8,0,0,,,,,,
2025-08-01,influencer,brand partner/ambassador (+10k),huda saleh / spotless auto care,2,0,0,,,,,,
2025-08-01,influencer,brand partner/ambassador (+10k),erica krupin/kroopin poopin scoopin,6,0,0,,,,,,
2025-08-01,influencer,brand partner/ambassador (+10k),jacob moreno / super clean bins,6,0,0,,,,,,
2025-11-01,organic search,,,2789,561,95015.79,,,,,,
2025-03-01,freemium organic,,,320,20,1625.93,,,,,,
2025-03-01,performance max,,,0,3,277,,,,,,
2025-03-01,events,virtual,jobber now,23,13,2286.97,,,,,,
2025-03-01,programmatic,,,24,2,228,,,,,,
2025-03-01,influencer,brand partner/ambassador (+10k),keith kalfas,61,19,2522.96,,,,,,
2025-03-01,influencer,macro brand partner (+1m),chase stetson/that lawn dude,24,4,246.99,,,,,,
2025-03-01,programmatic,the trade desk,prospecting - audio,94,16,1744,,,,,,
2025-03-01,partner program,channel (franchises),fibrenew,0,1,59,,,,,,
2025-11-01,influencer,brand partner/ambassador (+10k),ray duke/bulletproof handyman,8,6,584,,,,,,
2025-03-01,events,tradeshows,,0,1,599,,,,,,
2025-03-01,partner program,channel (resellers),verizon,4,4,521,,,,,,
2025-03-01,influencer,brand partner/ambassador (+10k),pablo serrano/black sheep/the black sheep lawn,2,1,248,,,,,,
2025-11-01,social media,instagram,organic,84,5,1013,,,,,,
2025-11-01,programmatic,the trade desk,prospecting - tv,557,89,16053.99,,,,,,
2025-11-01,affiliate program,partnerstack,,62,15,1965.99,,,,,,
2025-11-01,app marketing - experimental,jampp,,3,1,119,,,,,,
2025-11-01,influencer,ambassador,jumper guy/raul hernandez,6,1,198,,,,,,
2025-11-01,partner program,integrations,intuit,1,1,198,,,,,,
2025-11-01,partner program,channel (franchises),the patch boys,1,1,149,,,,,,
2025-11-01,influencer,macro brand partner (+1m),dustin stelzer / electrician u,7,0,0,,,,,,
2025-03-01,events,tradeshows,ahr,2,0,0,,,,,,
2025-03-01,experimental,tiktok,organic,3,0,0,,,,,,
2025-11-01,influencer,brand partner/ambassador (+10k),louis mouchet,3,0,0,,,,,,
2025-03-01,influencer,brand partner/ambassador (+10k),dan holliday,6,0,0,,,,,,
2025-11-01,app marketing - paid,,,12,0,0,,,,,,
2025-11-01,influencer,brand partner/ambassador (+10k),randy roblero/detailing beyond limits/beyond limits of palm beach,2,0,0,,,,,,
2025-11-01,advertising,radio,sirius,1,0,0,,,,,,
2025-10-01,advertising,radio,sirius,1,0,0,,,,,,
2025-10-01,influencer,brand partner/ambassador (+10k),randy roblero/detailing beyond limits/beyond limits of palm beach,2,0,0,,,,,,
2025-05-01,influencer,brand partner/ambassador (+10k),zech osburn/z's exterior services/biz boosters,50,3,526,,,,,,
2025-05-01,partner program,integrations,,2,1,377,,,,,,
2025-05-01,app marketing - experimental,meta apps,ios,1,0,0,,,,,,
2025-05-01,influencer,brand partner/ambassador (+10k),daniel becerra/yourtiledesignguy/yuma tile & design,1,0,0,,,,,,
2025-05-01,experimental,tiktok,organic,10,0,0,,,,,,
2025-05-01,social media,linkedin,,13,0,0,,,,,,
2025-05-01,experimental,facebook,fb lead gen ebook,2,0,0,,,,,,
2025-05-01,partner program,channel (referrals),other,1,0,0,,,,,,
2025-05-01,app marketing - organic,,,2,0,0,,,,,,
2025-05-01,influencer,brand partner/ambassador (+10k),harry burgos / cnb renovations,1,0,0,,,,,,
2025-05-01,advertising,radio,general,12,0,0,,,,,,
2025-05-01,outbound,,,4,0,0,,,,,,
2025-05-01,influencer,alumni partner,the epoxy pros/daniel george,1,0,0,,,,,,
2025-08-01,sem - branded,google,,1584,498,76253.16,,,,,,
2025-08-01,social media,facebook,paid,350,38,4563.92,,,,,,
2025-08-01,influencer,brand partner/ambassador (+10k),keven bermeo / pressure washing plays,10,2,317,,,,,,
2025-08-01,influencer,brand partner/ambassador (+10k),skyler lane / realskylane / junk success,5,3,247,,,,,,
2025-08-01,partner program,channel (resellers),,4,1,129,,,,,,
2025-08-01,influencer,brand partner/ambassador (+10k),e itzcoatl aguilar / ewokdoeshvac / ewok does hvac,1,0,0,,,,,,
2025-08-01,influencer,brand partner/ambassador (+10k),randy roblero/detailing beyond limits/beyond limits of palm beach,1,0,0,,,,,,
2025-08-01,influencer,brand partner/ambassador (+10k),tom maggs/maggs lawn/maggs lawn and landscape,2,0,0,,,,,,
2025-08-01,influencer,brand partner/ambassador (+10k),danny cardenas/themaestroreal/rosewood landscaping/rosewood,1,0,0,,,,,,
2025-09-01,programmatic,mntn,prospecting - audience match,1389,306,50257.5,,,,,,
2025-09-01,social media,instagram,organic,64,7,493,,,,,,
2025-09-01,influencer,business brand partner,eduardo barboza / nmc development llc / wealth in construction,0,1,39,,,,,,
2025-09-01,influencer,nano brand partner/ambassador (<10k),cory byron/vancity electric,1,1,89,,,,,,
2025-09-01,youtube,demand gen,remarketing,16,1,199,,,,,,
2025-09-01,influencer,brand partner/ambassador (+10k),hunter patrick/dumpire junk removal,6,1,198,,,,,,
2025-09-01,influencer,macro brand partner (+1m),dustin stelzer / electrician u,15,0,0,,,,,,
2025-09-01,influencer,"influencer (+10k, not sp)",sam irwin / go build stuff,2,0,0,,,,,,
2025-09-01,partner program,integrations,google lsa,1,0,0,,,,,,
2025-09-01,influencer,business brand partner,vince perri / commercial claims advocate / vince perri coaching,1,0,0,,,,,,
2025-09-01,influencer,brand partner/ambassador (+10k),jeff kult / trusted electric,2,0,0,,,,,,
2025-09-01,influencer,business brand partner,anatoly nazarov / digamark llc / average bro aesthetic,1,0,0,,,,,,
2025-09-01,app marketing - organic,organic,,4,0,0,,,,,,
2025-09-01,influencer,ambassador,stevenj120volts/steven ravesi,1,0,0,,,,,,
2025-04-01,programmatic,tubi,,0,1,248,,,,,,
2025-06-01,youtube,trueview,prospecting,106,12,2203.99,,,,,,
2025-04-01,partner program,channel (referrals),,24,20,4337.2,,,,,,
2025-04-01,social media,instagram,organic,41,9,831.99,,,,,,
2025-04-01,sem - generic,bing,,951,46,5810.99,,,,,,
2025-06-01,youtube,organic,,596,67,5384.26,,,,,,
2025-06-01,directories,getapp,paid,16,4,416.99,,,,,,
2025-04-01,programmatic,the trade desk,prospecting - tv,510,69,10778.99,,,,,,
2025-04-01,partner program,integrations,zapier,0,1,428,,,,,,
2025-04-01,influencer,"influencer (+10k, not sp)",mike swezey/the handyman business,4,1,29,,,,,,
2025-04-01,social media,instagram,paid,8,1,257,,,,,,
2025-04-01,influencer,ambassador,christian schloegel,1,1,39,,,,,,
2025-04-01,partner program,channel (referrals),dealer/suppliers/manufacturers ,1,1,278,,,,,,
2025-06-01,youtube,demand gen,remarketing,30,3,296,,,,,,
2025-06-01,influencer,alumni partner,jason cleans/jason shipway,0,1,199,,,,,,
2025-06-01,organic search,ai search,perplexity,1,1,119,,,,,,
2025-06-01,partner program,channel (franchises),advanced laser restoration,1,1,205,,,,,,
2025-04-01,app marketing - organic,organic,,14,0,0,,,,,,
2025-06-01,influencer,alumni partner,chanique stewart/chanique cleaning services/cleaning boss accelerator,3,0,0,,,,,,
2025-06-01,influencer,nano brand partner/ambassador (<10k),mark mcginty/ mcginty toman electric,1,0,0,,,,,,
2025-06-01,influencer,brand partner/ambassador (+10k),blake albertson/b&b lawn care/bblawncarekc,1,0,0,,,,,,
2025-04-01,partner program,integrations,google lsa,1,0,0,,,,,,
2025-06-01,influencer,brand partner/ambassador (+10k),dan madalena/madalena tile,1,0,0,,,,,,
2025-04-01,influencer,brand partner/ambassador (+10k),hunter patrick/dumpire junk removal,3,0,0,,,,,,
2025-06-01,partner program,integrations,thumbtack,1,0,0,,,,,,
2025-06-01,influencer,brand partner/ambassador (+10k),cornell mack/mack landscaping & lawn care,2,0,0,,,,,,
2025-04-01,influencer,brand partner/ambassador (+10k),connor maendel / maendel construction llc,1,0,0,,,,,,
2025-06-01,influencer,brand partner/ambassador (+10k),austin gray - ownr ops / ownr ops skool community / bear claw land services,2,0,0,,,,,,
2025-01-01,advertising,,,5,0,0,,,,,,
2025-12-01,app marketing - organic,organic,android,6,0,0,,,,,,
2025-01-01,influencer,brand partner/ambassador (+10k),cameron vogelsang/tennessee electrician,1,0,0,,,,,,
2025-01-01,programmatic,the trade desk,prospecting - display,1,0,0,,,,,,
2025-01-01,influencer,brand partner/ambassador (+10k),roy thomas/pro era plumbing,4,0,0,,,,,,
2025-12-01,app marketing - paid,tiktok,,1,0,0,,,,,,
2025-09-01,organic search,,,3519,646,103941.61,,,,,,
2025-09-01,affiliate program,partnerstack,,53,15,2303,,,,,,
2025-09-01,app marketing - experimental,jampp,,3,2,208.99,,,,,,
2025-09-01,organic search,direct/other,,0,1,39,,,,,,
2025-09-01,social media,facebook,paid,311,23,2874.87,,,,,,
2025-09-01,programmatic,the trade desk,lal - audio,54,8,1569,,,,,,
2025-09-01,events,virtual,jobber blueprint,0,1,39,,,,,,
2025-09-01,partner program,channel (franchises),the patch boys,1,1,149,,,,,,
2025-09-01,partner program,channel (resellers),,2,1,89,,,,,,
2025-09-01,influencer,brand partner/ambassador (+10k),keven bermeo / pressure washing plays,3,3,597,,,,,,
2025-09-01,influencer,"influencer (+10k, not sp)",kory ballard/ballard inc,1,1,599,,,,,,
2025-09-01,app marketing - paid,smadex,,5,0,0,,,,,,
2025-09-01,app marketing - paid,,,6,0,0,,,,,,
2025-09-01,influencer,brand partner/ambassador (+10k),randy roblero/detailing beyond limits/beyond limits of palm beach,1,0,0,,,,,,
2025-09-01,partner program,industry associations,,1,0,0,,,,,,
2025-09-01,advertising,print,,1,0,0,,,,,,
2025-04-01,social media,facebook,paid,200,23,2011.91,,,,,,
2025-04-01,app marketing - paid,,,31,3,408.98,,,,,,
2025-04-01,referrals,customer referral program,,289,149,30741.39,,,,,,
2025-06-01,social media,facebook,always-on,158,27,3756.94,,,,,,
2025-06-01,programmatic,mntn,prospecting - audience match,1722,348,56694.95,,,,,,
2025-04-01,influencer,brand partner/ambassador (+10k),adam chapman/pad pal,6,1,39.99,,,,,,
2025-04-01,advertising,radio,sirius,0,1,39,,,,,,
2025-04-01,app marketing - experimental,jampp,,174,7,388.94,,,,,,
2025-04-01,influencer,brand partner/ambassador (+10k),ray duke/bulletproof handyman,12,8,900.99,,,,,,
2025-04-01,events,virtual,jobber blueprint,13,3,547,,,,,,
2025-04-01,programmatic,the trade desk,lal - audio,18,2,158,,,,,,
2025-04-01,influencer,brand partner/ambassador (+10k),brad behr/copper creek cuts/bctp/baker county trash pickup,15,3,327.99,,,,,,
2025-04-01,partner program,integrations,thumbtack,1,1,349,,,,,,
2025-06-01,advertising,online/general,,253,9,1009,,,,,,
2025-04-01,influencer,brand partner/ambassador (+10k),louis mouchet,2,0,0,,,,,,
2025-04-01,influencer,nano brand partner/ambassador (<10k),finn varette / varchuk/ howtohomeservice,1,0,0,,,,,,
2025-06-01,influencer,brand partner/ambassador (+10k),randy roblero/detailing beyond limits/beyond limits of palm beach,4,0,0,,,,,,
2025-06-01,influencer,business brand partner,phil risher / plash consulting,1,0,0,,,,,,
2025-06-01,events,virtual,jobber summit,5,0,0,,,,,,
2025-04-01,events,tradeshows,unspecified,1,0,0,,,,,,
2025-04-01,experimental,facebook - lead gen,paid - evergreen webinar,2,0,0,,,,,,
2025-06-01,word of mouth,organic wom referrals,,2,0,0,,,,,,
2025-04-01,influencer,brand partner/ambassador (+10k),kurt lambert / kurt’s pressure washing,1,0,0,,,,,,
2025-05-01,app marketing - paid,google uac,,7301,126,8602.14,,,,,,
2025-05-01,events,tradeshows,huge convention,0,1,39.99,,,,,,
2025-05-01,social media,instagram,organic,61,3,557,,,,,,
2025-05-01,youtube,demand gen,prospecting,91,12,1326.99,,,,,,
2025-05-01,app marketing - paid,smadex,ctv,1,0,0,,,,,,
2025-05-01,directories,g2,paid,1,0,0,,,,,,
2025-05-01,influencer,brand partner/ambassador (+10k),jeff kult / trusted electric,1,0,0,,,,,,
2025-05-01,influencer,brand partner/ambassador (+10k),derek ward,1,0,0,,,,,,
2025-05-01,advertising,pr,magazine,1,0,0,,,,,,
2025-05-01,partner program,channel (franchises),halo home maintenance,1,0,0,,,,,,
2025-05-01,organic search,reddit,,4,0,0,,,,,,
2025-08-01,social media,,,149,10,843.94,,,,,,
2025-08-01,directories,capterra,paid,1,3,677,,,,,,
2025-08-01,sem - generic,google,,1584,104,13404.94,,,,,,
2025-08-01,programmatic,the trade desk,lal - tv,89,19,2369,,,,,,
2025-08-01,advertising,online/general,,6,1,169,,,,,,
2025-08-01,influencer,general,,99,8,2130.99,,,,,,
2025-08-01,partner program,channel (franchises),next day access,1,1,170,,,,,,
2025-08-01,partner program,channel (franchises),the concrete protector,1,1,185,,,,,,
2025-08-01,partner program,channel (all others),,1,0,0,,,,,,
2025-08-01,influencer,business brand partner,aaron wilton-jones / autoclean academy,5,0,0,,,,,,
2025-08-01,experimental,tiktok,paid,1,0,0,,,,,,
2025-01-01,advertising,online/general,,24,5,1085,,,,,,
2025-01-01,direct/unknown,,,934,26,3955,,,,,,
2025-01-01,organic search,ai search,chatgpt,37,1,349,,,,,,
2025-01-01,partner program,channel (franchises),heroes lawn care,21,21,5544,,,,,,
2025-01-01,influencer,brand partner/ambassador (+10k),jon dawson / texas luxury cleaning,46,4,526,,,,,,
2025-01-01,partner program,channel (franchises),the concrete protector,1,1,185,,,,,,
2025-01-01,partner program,channel (referrals),bookeepers/consultants/agencies,5,3,227,,,,,,
2025-01-01,partner program,channel (franchises),76 fence,2,2,398,,,,,,
2025-01-01,outbound,,,4,1,349,,,,,,
2025-01-01,events,virtual,jobber grants,2,0,0,,,,,,
2025-12-01,app marketing - organic,organic,ios,7,0,0,,,,,,
2025-09-01,events,virtual,jobber now,196,80,12558.94,,,,,,
2025-09-01,influencer,brand partner/ambassador (+10k),jacqueline and tanner hurst/jt junk solutions,50,7,751.98,,,,,,
2025-09-01,social media,facebook,remarketing,53,3,327,,,,,,
2025-09-01,organic search,jobber academy,,1,0,0,,,,,,
2025-09-01,influencer,brand partner/ambassador (+10k),roy thomas/pro era plumbing,1,0,0,,,,,,
2025-09-01,influencer,brand partner/ambassador (+10k),chase gallagher/cmg landscape/service pro elite,5,0,0,,,,,,
2025-09-01,influencer,nano brand partner/ambassador (<10k),matthew hernandez/hvacmagicmatt,1,0,0,,,,,,
2025-04-01,freemium organic,,,298,18,944.97,,,,,,
2025-06-01,influencer,general,,44,3,357,,,,,,
2025-04-01,partner program,channel (franchises),pink's window service,8,6,1349,,,,,,
2025-04-01,direct/unknown,,,1455,43,7209.99,,,,,,
2025-06-01,direct/unknown,,,1389,38,5860.99,,,,,,
2025-04-01,advertising,online/general,,79,9,800,,,,,,
2025-04-01,programmatic,the trade desk,prospecting - audio,223,26,5988.98,,,,,,
2025-04-01,partner program,channel (referrals),bookeepers/consultants/agencies,1,2,548,,,,,,
2025-04-01,influencer,brand partner/ambassador (+10k),zech osburn/z's exterior services/biz boosters,40,3,436,,,,,,
2025-04-01,influencer,brand partner/ambassador (+10k),jon dawson / texas luxury cleaning,11,2,477,,,,,,
2025-04-01,partner program,channel (franchises),76 fence,2,2,556,,,,,,
2025-04-01,partner program,channel (franchises),viztatint,1,1,159,,,,,,
2025-06-01,influencer,brand partner/ambassador (+10k),casey evertsen/bin blasters,1,1,89,,,,,,
2025-06-01,influencer,brand partner/ambassador (+10k),erica krupin/kroopin poopin scoopin,5,3,187.99,,,,,,
2025-06-01,influencer,brand partner/ambassador (+10k),jersey cronin/jersey/window cleaning resource/wcr/wcr nation,1,1,168,,,,,,
2025-06-01,influencer,brand partner/ambassador (+10k),jeff guldalian/ the 360 electrician,6,2,477,,,,,,
2025-06-01,influencer,business brand partner,alex guzman / modern day contractor,2,1,119,,,,,,
2025-06-01,influencer,brand partner/ambassador (+10k),bryan vincent / vip maintenance / bryyan vincent,1,0,0,,,,,,
2025-06-01,influencer,brand partner/ambassador (+10k),walter washington/ww hvac,2,0,0,,,,,,
2025-06-01,influencer,brand partner/ambassador (+10k),keith mcgillivary/mps/mcgillivary's plumbing,1,0,0,,,,,,
2025-06-01,influencer,brand partner/ambassador (+10k),tom purcell/purcell's pro detail,2,0,0,,,,,,
2025-06-01,influencer,business brand partner,aaron wilton-jones / autoclean academy,3,0,0,,,,,,
2025-06-01,influencer,brand partner/ambassador (+10k),jon dawson / texas luxury cleaning,11,0,0,,,,,,
2025-04-01,influencer,ambassador,nick huber/sweaty startup,2,0,0,,,,,,
2025-07-01,events,virtual,jobber now,44,44,6240.19,,,,,,
2025-07-01,freemium organic,,,934,17,1196.93,,,,,,
2025-07-01,performance max,,,1,2,378,,,,,,
2025-07-01,influencer,brand partner/ambassador (+10k),oscar gil/detail groove,20,6,712.99,,,,,,
2025-07-01,influencer,brand partner/ambassador (+10k),keith kalfas,21,7,752.98,,,,,,
2025-07-01,programmatic,the trade desk,prospecting - audio,264,45,9080.99,,,,,,
2025-07-01,partner program,channel (franchises),pink's window service,3,3,660,,,,,,
2025-07-01,influencer,brand partner/ambassador (+10k),chad cooke/cooke pressure washing/cooke,1,1,119,,,,,,
2025-07-01,experimental,podcast ads,,6,1,39,,,,,,
2025-07-01,partner program,channel (franchises),fibrenew,10,10,590,,,,,,
2025-07-01,influencer,general,brian's lawn maintenance,1,0,0,,,,,,
2025-07-01,influencer,brand partner/ambassador (+10k),dan holliday,1,0,0,,,,,,
2025-07-01,influencer,nano brand partner/ambassador (<10k),rosie selvaggio/hocus pocus cleaning,1,0,0,,,,,,
2025-05-01,youtube,organic,,570,78,8970.8,,,,,,
2025-05-01,app marketing - paid,tiktok,,7376,94,5940.31,,,,,,
2025-05-01,events,virtual,jobber blueprint,10,5,983.99,,,,,,
2025-05-01,influencer,brand partner/ambassador (+10k),anthony salazar / poop scoops for noobs,2,2,268,,,,,,
2025-05-01,app marketing - organic,organic,,15,2,288,,,,,,
2025-05-01,youtube,demand gen,remarketing,24,3,497.99,,,,,,
2025-05-01,organic search,ai search,perplexity,1,1,118,,,,,,
2025-05-01,influencer,business brand partner,anatoly nazarov / digamark llc / average bro aesthetic,1,1,119,,,,,,
2025-05-01,influencer,brand partner/ambassador (+10k),austin gray - ownr ops / ownr ops skool community / bear claw land services,5,2,348,,,,,,
2025-05-01,influencer,brand partner/ambassador (+10k),james moreno/top class detail,4,0,0,,,,,,
2025-05-01,influencer,brand partner/ambassador (+10k),cornell mack/mack landscaping & lawn care,1,0,0,,,,,,
2025-05-01,influencer,brand partner/ambassador (+10k),ivan carvalho/glaucio carvalho/mr. bubbles,1,0,0,,,,,,
2025-01-01,sem - generic,google,,1653,167,24056.04,,,,,,
2025-01-01,events,virtual,jobber summit,24,11,1571.96,,,,,,
2025-01-01,affiliate program,commission junction,,57,9,1175.5,,,,,,
2025-01-01,app marketing - organic,organic,android,1460,18,1613.96,,,,,,
2025-01-01,partner program,integrations,,3,2,468,,,,,,
2025-01-01,influencer,brand partner/ambassador (+10k),john seaman/jc property professionals/jcp properties/jcp,15,2,207,,,,,,
2025-01-01,partner program,channel (referrals),coaches/trainers,3,2,348,,,,,,
2025-01-01,partner program,channel (franchises),chefs for seniors,3,1,109.65,,,,,,
2025-01-01,influencer,brand partner/ambassador (+10k),ivan carvalho/glaucio carvalho/mr. bubbles,2,0,0,,,,,,
2025-12-01,organic search,,,1,0,0,,,,,,
2025-01-01,influencer,brand partner/ambassador (+10k),casey evertsen/bin blasters,2,0,0,,,,,,
2025-09-01,app marketing - organic,organic,android,1542,37,2990.81,,,,,,
2025-09-01,sem - competitors,google,,174,25,4458.09,,,,,,
2025-09-01,direct/unknown,,,1068,37,5680.98,,,,,,
2025-09-01,programmatic,the trade desk,prospecting - display,503,57,11921.09,,,,,,
2025-09-01,advertising,online/general,,24,3,445,,,,,,
2025-09-01,partner program,channel (referrals),bookeepers/consultants/agencies,3,1,249,,,,,,
2025-09-01,partner program,channel (franchises),76 fence,1,1,278,,,,,,
2025-09-01,experimental,tiktok,organic,15,1,89,,,,,,
2025-09-01,events,virtual,jobber grants,1,0,0,,,,,,
2025-09-01,freemium paid,facebook,,2,0,0,,,,,,
2025-06-01,freemium paid,google,paid,3552,88,6843.83,,,,,,
2025-04-01,app marketing - organic,organic,android,1791,44,2794.32,,,,,,
2025-06-01,app marketing - paid,tiktok,,6313,95,5512.63,,,,,,
2025-04-01,affiliate program,commission junction,,75,12,1240.97,,,,,,
2025-06-01,programmatic,the trade desk,prospecting - display,116,10,1248.98,,,,,,
2025-04-01,partner program,channel (referrals),managed service providers (msp),5,4,228,,,,,,
2025-04-01,influencer,brand partner/ambassador (+10k),keven bermeo / pressure washing plays,19,12,2037,,,,,,
2025-04-01,influencer,brand partner/ambassador (+10k),randy roblero/detailing beyond limits/beyond limits of palm beach,5,1,39,,,,,,
2025-04-01,influencer,brand partner/ambassador (+10k),eric gonzalez / castillos landscaping,4,1,199,,,,,,
2025-06-01,organic search,ai search,chatgpt,106,17,2230.99,,,,,,
2025-06-01,partner program,channel (franchises),chefs for seniors,2,2,332.3,,,,,,
2025-06-01,partner program,channel (franchises),door renew,0,1,150,,,,,,
2025-04-01,partner program,integrations,companycam,4,0,0,,,,,,
2025-06-01,influencer,brand partner/ambassador (+10k),anthony salazar / poop scoops for noobs,1,0,0,,,,,,
2025-04-01,influencer,brand partner/ambassador (+10k),roy thomas/pro era plumbing,1,0,0,,,,,,
2025-04-01,influencer,brand partner/ambassador (+10k),brent nelson / dust to glory pressure washing,1,0,0,,,,,,
2025-06-01,advertising,,,3,0,0,,,,,,
2025-04-01,events,virtual,jobber grants,3,0,0,,,,,,
2025-06-01,influencer,brand partner/ambassador (+10k),darian jarrett/capital city professional,1,0,0,,,,,,
2025-06-01,programmatic,mntn,,2,0,0,,,,,,
2025-04-01,influencer,brand partner/ambassador (+10k),tym o'laughlin/tymo/tymo paints,1,0,0,,,,,,
2025-04-01,events,virtual,jobber summit,17,0,0,,,,,,
2025-07-01,sem - branded,google,,1578,504,83731.65,,,,,,
2025-07-01,social media,facebook,paid,368,30,4478.89,,,,,,
2025-07-01,influencer,brand partner/ambassador (+10k),keven bermeo / pressure washing plays,17,2,228,,,,,,
2025-07-01,influencer,brand partner/ambassador (+10k),austin mccallister / noschooljusttools / boyd landscaping,1,0,0,,,,,,
2025-07-01,partner program,integrations,companycam,1,0,0,,,,,,
2025-07-01,social media,linkedin,organic,6,0,0,,,,,,
2025-07-01,influencer,brand partner/ambassador (+10k),eric gonzalez / castillos landscaping,1,0,0,,,,,,
2025-07-01,influencer,brand partner/ambassador (+10k),andrew eylander / eylander tile / etile / crowne tools,1,0,0,,,,,,
2025-07-01,influencer,brand partner/ambassador (+10k),randy roblero/detailing beyond limits/beyond limits of palm beach,2,0,0,,,,,,
2025-07-01,influencer,brand partner/ambassador (+10k),tym o'laughlin/tymo/tymo paints,1,0,0,,,,,,
2025-07-01,directories,capterra,,1,0,0,,,,,,
2025-07-01,app marketing - organic,,,4,0,0,,,,,,
2025-05-01,freemium paid,google,paid,3503,117,8365.76,,,,,,
2025-05-01,influencer,ambassador,lexi abreu/lex the electrician,0,1,39,,,,,,
2025-05-01,word of mouth,organic wom referrals,general,455,50,9000.97,,,,,,
2025-05-01,partner program,channel (franchises),screenmobile,1,1,191,,,,,,
2025-05-01,partner program,channel (franchises),patchmaster,1,1,125,,,,,,
2025-05-01,social media,instagram,paid,48,1,199,,,,,,
2025-05-01,influencer,alumni partner,jason cleans/jason shipway,2,0,0,,,,,,
2025-05-01,influencer,brand partner/ambassador (+10k),caleb moore/clean cleans,1,0,0,,,,,,
2025-05-01,affiliate program,,,14,0,0,,,,,,
2025-05-01,partner program,integrations,nicejob,1,0,0,,,,,,
2025-05-01,directories,other,,4,0,0,,,,,,
2025-05-01,sem - franchise,bing,paid,1,0,0,,,,,,
2025-08-01,organic search,reddit,,0,1,169,,,,,,
2025-08-01,performance max,,,0,2,728,,,,,,
2025-08-01,partner program,channel (franchises),pink's window service,0,8,1918,,,,,,
2025-05-01,advertising,pr,online article,9,0,0,,,,,,
2025-05-01,influencer,alumni partner,chanique stewart/chanique cleaning services/cleaning boss accelerator,2,0,0,,,,,,
2025-05-01,influencer,brand partner/ambassador (+10k),jessica bannister,2,0,0,,,,,,
2025-03-01,app marketing - paid,smadex,ios,1320,75,6109.5,,,,,,
2025-03-01,directories,capterra,organic,0,2,668,,,,,,
2025-03-01,social media,facebook,remarketing,106,18,1959.98,,,,,,
2025-11-01,programmatic,mntn,prospecting - audience match,1189,248,39553.04,,,,,,
2025-11-01,direct/unknown,direct,,680,45,8132.99,,,,,,
2025-03-01,youtube,paid,,5,2,158,,,,,,
2025-03-01,influencer,brand partner/ambassador (+10k),hunter patrick/dumpire junk removal,9,2,158,,,,,,
2025-03-01,partner program,channel (referrals),coaches/trainers,4,1,39,,,,,,
2025-03-01,influencer,alumni partner,scott mckenna/oddly satisfying pressure washing,1,1,148,,,,,,
2025-03-01,influencer,alumni partner,the epoxy pros/daniel george,4,1,119,,,,,,
2025-11-01,programmatic,the trade desk,prospecting - olv,96,13,4421,,,,,,
2025-11-01,partner program,integrations,companycam,2,1,249,,,,,,
2025-11-01,influencer,brand partner/ambassador (+10k),john seaman/jc property professionals/jcp properties/jcp,10,3,275.99,,,,,,
2025-03-01,influencer,brand partner/ambassador (+10k),ryaan tuttle/best handyman boston/rjt,2,0,0,,,,,,
2025-03-01,partner program,integrations,google lsa,2,0,0,,,,,,
2025-03-01,partner program,channel (referrals),other,4,0,0,,,,,,
2025-03-01,partner program,channel (all others),trash can cleaners,1,0,0,,,,,,
2025-03-01,experimental,facebook,fb lead gen ebook,2,0,0,,,,,,
2025-03-01,influencer,brand partner/ambassador (+10k),adrian garcia,1,0,0,,,,,,
2025-03-01,partner program,integrations,,1,0,0,,,,,,
2025-03-01,influencer,alumni partner,mike garvey/side hustle squad podcast,2,0,0,,,,,,
2025-03-01,social media,linkedin,,6,0,0,,,,,,
2025-11-01,influencer,business brand partner,eduardo barboza / nmc development llc / wealth in construction,2,0,0,,,,,,
2025-10-01,performance max,,,0,1,428,,,,,,
2025-10-01,influencer,brand partner/ambassador (+10k),keith kalfas,20,4,456,,,,,,
2025-10-01,partner program,channel (franchises),pink's window service,2,2,519,,,,,,
2025-10-01,partner program,channel (referrals),,14,18,4762.65,,,,,,
2025-10-01,influencer,ambassador,codie sanchez/contrarian thinking,2,1,39,,,,,,
2025-10-01,influencer,brand partner/ambassador (+10k),tyler westfall,1,1,349,,,,,,
2025-10-01,programmatic,,,22,1,29,,,,,,
2025-10-01,social media,twitter,,1,0,0,,,,,,
2025-10-01,advertising,pr,forbes,1,0,0,,,,,,
2025-10-01,directories,g2,paid,6,0,0,,,,,,
2025-10-01,influencer,business brand partner,anatoly nazarov / digamark llc / average bro aesthetic,8,0,0,,,,,,
2025-10-01,influencer,brand partner/ambassador (+10k),jacob ortiz/yourtexaspatio,1,0,0,,,,,,
2025-10-01,influencer,brand partner/ambassador (+10k),amir henry/xavier hvac,2,0,0,,,,,,
2025-10-01,influencer,business brand partner,logan sendle/blue collar business accelerator/bcba,1,0,0,,,,,,
2025-02-01,app marketing - paid,smadex,ios,977,48,4498.72,,,,,,
2025-02-01,outbound,,,0,1,349,,,,,,
2025-02-01,youtube,paid,,5,1,129,,,,,,
2025-02-01,partner program,channel (referrals),industry associations,0,1,169,,,,,,
2025-02-01,advertising,radio,general,23,1,119,,,,,,
2025-02-01,social media,linkedin,,3,0,0,,,,,,
2025-02-01,experimental,facebook,fb lead gen ebook,2,0,0,,,,,,
2025-02-01,influencer,"influencer (+10k, not sp)",jon irwin / revive home tips,1,0,0,,,,,,
2025-02-01,partner program,channel (franchises),moldman,1,0,0,,,,,,
2025-02-01,partner program,channel (referrals),coaches/trainers,2,0,0,,,,,,
2025-02-01,events,virtual,jobber grants,2,0,0,,,,,,
2025-02-01,partner program,integrations,,2,0,0,,,,,,
2025-02-01,influencer,alumni partner,the epoxy pros/daniel george,5,0,0,,,,,,
2025-08-01,youtube,trueview,prospecting,0,1,39,,,,,,
2025-08-01,sem - generic,bing,,657,52,5804.98,,,,,,
2025-08-01,partner program,channel (referrals),,14,9,1261,,,,,,
2025-08-01,social media,instagram,paid,18,1,118,,,,,,
2025-08-01,influencer,ambassador,austin davis,1,0,0,,,,,,
2025-08-01,influencer,brand partner/ambassador (+10k),jessica bannister,1,0,0,,,,,,
2025-08-01,influencer,ambassador,elizabeth williams/lemonade liz,1,0,0,,,,,,
2025-08-01,app marketing - paid,smadex,ctv,1,0,0,,,,,,
2025-08-01,directories,g2,paid,6,0,0,,,,,,
2025-08-01,influencer,brand partner/ambassador (+10k),glen c/glen cuevas/glen c landscaping,1,0,0,,,,,,
2025-08-01,influencer,macro brand partner (+1m),chase stetson/that lawn dude,81,4,366.99,,,,,,
2025-08-01,influencer,brand partner/ambassador (+10k),keith mcgillivary/mps/mcgillivary's plumbing,0,1,29,,,,,,
2025-08-01,programmatic,the trade desk,prospecting - audio,298,44,7260.99,,,,,,
2025-08-01,partner program,channel (franchises),new creations,3,4,660.94,,,,,,
2025-08-01,partner program,channel (franchises),punch list pros,2,2,478,,,,,,
2025-08-01,partner program,channel (all others),mosaic home services,1,1,279,,,,,,
2025-08-01,influencer,brand partner/ambassador (+10k),keith kalfas,31,3,107.99,,,,,,
2025-08-01,influencer,brand partner/ambassador (+10k),jeff guldalian/ the 360 electrician,2,0,0,,,,,,
2025-08-01,influencer,brand partner/ambassador (+10k),dan holliday,1,0,0,,,,,,
2025-08-01,influencer,brand partner/ambassador (+10k),jacob ortiz/yourtexaspatio,1,0,0,,,,,,
2025-08-01,influencer,brand partner/ambassador (+10k),cody romer/cr carpentry & remodeling,1,0,0,,,,,,
2025-08-01,influencer,brand partner/ambassador (+10k),pablo serrano/black sheep/the black sheep lawn,2,0,0,,,,,,
2025-03-01,sem - branded,bing,,881,468,76758.38,,,,,,
2025-11-01,sem - competitors,google,,100,20,3182.97,,,,,,
2025-11-01,sem - generic,bing,,527,34,5481,,,,,,
2025-11-01,programmatic,mntn,prospecting,0,1,78,,,,,,
2025-03-01,direct/unknown,,,1342,39,5367.97,,,,,,
2025-03-01,influencer,brand partner/ambassador (+10k),jon dawson / texas luxury cleaning,28,8,1710.99,,,,,,
2025-11-01,events,virtual,jobber summit,17,4,605,,,,,,
2025-11-01,dynamic search ads,google,,0,2,388,,,,,,
2025-11-01,influencer,ambassador,steve-o/steven richardson,0,1,199,,,,,,
2025-03-01,partner program,channel (franchises),moldman,1,1,140,,,,,,
2025-03-01,influencer,brand partner/ambassador (+10k),erica krupin/kroopin poopin scoopin,6,2,238,,,,,,
2025-11-01,influencer,"influencer (+10k, not sp)",mike swezey/the handyman business,1,1,39,,,,,,
2025-11-01,influencer,brand partner/ambassador (+10k),blue collar licensing/luis gonzalez,25,1,29,,,,,,
2025-11-01,influencer,brand partner/ambassador (+10k),shane goswick / lawn and light / lawn & light,3,1,199,,,,,,
2025-03-01,influencer,brand partner/ambassador (+10k),casey evertsen/bin blasters,2,0,0,,,,,,
2025-11-01,influencer,brand partner/ambassador (+10k),raphael simon / simon electric,1,0,0,,,,,,
2025-11-01,influencer,business brand partner,trevor cowley / real business owners / real business owners podcast,1,0,0,,,,,,
2025-11-01,word of mouth,organic wom referrals,,2,0,0,,,,,,
2025-03-01,influencer,brand partner/ambassador (+10k),chant's daily hustle,1,0,0,,,,,,
2025-03-01,influencer,general,,16,0,0,,,,,,
2025-10-01,freemium organic,,,881,16,2424.98,,,,,,
2025-10-01,programmatic,the trade desk,prospecting - audio,362,57,9281.12,,,,,,
2025-10-01,events,virtual,jobber now,5,9,1305.09,,,,,,
2025-10-01,experimental,podcast ads,,1,2,238,,,,,,
2025-10-01,partner program,channel (franchises),crushr,1,1,175,,,,,,
2025-10-01,influencer,brand partner/ambassador (+10k),jacqueline and tanner hurst/jt junk solutions,51,3,356.99,,,,,,
2025-10-01,partner program,channel (franchises),new creations,2,2,219.3,,,,,,
2025-10-01,events,tradeshows,,34,27,6759,,,,,,
2025-10-01,influencer,brand partner/ambassador (+10k),chad cooke/cooke pressure washing/cooke,3,0,0,,,,,,
2025-10-01,influencer,ambassador,jaren powell/near me mobile detailing,5,0,0,,,,,,
2025-10-01,influencer,brand partner/ambassador (+10k),misael avalos / time maid cleaning,1,0,0,,,,,,
2025-02-01,social media,facebook,remarketing,175,9,861,,,,,,
2025-02-01,advertising,online/general,,24,4,356,,,,,,
2025-02-01,influencer,ambassador,nicolas sevrette/montreal sparky,1,1,129,,,,,,
2025-02-01,directories,mvf,paid,1,1,328,,,,,,
2025-02-01,influencer,brand partner/ambassador (+10k),casey evertsen/bin blasters,2,0,0,,,,,,
2025-02-01,directories,software advice,ppc,1,0,0,,,,,,
2025-02-01,influencer,brand partner/ambassador (+10k),chase gallagher/cmg landscape/service pro elite,5,0,0,,,,,,
2025-02-01,influencer,general,,7,0,0,,,,,,
2025-02-01,organic search,jobber academy,,1,0,0,,,,,,
2025-03-01,social media,instagram,paid,12,1,39,,,,,,
2025-03-01,partner program,channel (franchises),wilson pro painting,1,2,478,,,,,,
2025-11-01,influencer,brand partner/ambassador (+10k),oscar gil/detail groove,24,2,157,,,,,,
2025-03-01,partner program,channel (franchises),duraclean,1,1,219,,,,,,
2025-11-01,freemium paid,facebook,,42,4,845,,,,,,
2025-11-01,partner program,channel (all others),bin blasters,0,1,417,,,,,,
2025-11-01,influencer,brand partner/ambassador (+10k),e itzcoatl aguilar / ewokdoeshvac / ewok does hvac,1,0,0,,,,,,
2025-11-01,influencer,brand partner/ambassador (+10k),daniel stewart/liquid green hydroseeding,6,0,0,,,,,,
2025-11-01,advertising,print,,1,0,0,,,,,,
2025-11-01,influencer,ambassador,g&m outdoor services llc / garrett williams,1,0,0,,,,,,
2025-03-01,influencer,ambassador,codie sanchez/contrarian thinking,6,0,0,,,,,,
2025-11-01,social media,linkedin,organic,20,0,0,,,,,,
2025-10-01,influencer,macro brand partner (+1m),chase stetson/that lawn dude,26,1,349.99,,,,,,
2025-10-01,youtube,demand gen,prospecting,289,15,1517.95,,,,,,
2025-10-01,partner program,channel (franchises),garage floors 4 less,4,3,619,,,,,,
2025-10-01,influencer,brand partner/ambassador (+10k),hunter patrick/dumpire junk removal,10,2,68,,,,,,
2025-10-01,partner program,channel (all others),mosaic home services,1,1,279,,,,,,
2025-10-01,influencer,"influencer (+10k, not sp)",sam irwin / go build stuff,4,0,0,,,,,,
2025-10-01,influencer,brand partner/ambassador (+10k),jeff guldalian/ the 360 electrician,10,0,0,,,,,,
2025-10-01,influencer,brand partner/ambassador (+10k),shane goswick / lawn and light / lawn & light,2,0,0,,,,,,
2025-10-01,influencer,ambassador,dylan thornsberry / seattle pro wash,1,0,0,,,,,,
2025-10-01,directories,g2,organic,1,0,0,,,,,,
2025-10-01,influencer,brand partner/ambassador (+10k),kevin martinez / ksparky / k electric solutions,1,0,0,,,,,,
2025-10-01,influencer,brand partner/ambassador (+10k),blue collar licensing/luis gonzalez,20,0,0,,,,,,
2025-10-01,partner program,integrations,zapier,3,0,0,,,,,,
2025-10-01,influencer,brand partner/ambassador (+10k),jason geiman / christmas lights / christmaslights.io,3,0,0,,,,,,
2025-05-01,sem - competitors,google,,178,41,6963.97,,,,,,
2025-05-01,programmatic,mntn,prospecting - audience match,2126,389,57315.16,,,,,,
2025-05-01,partner program,channel (franchises),postech,1,1,200,,,,,,
2025-05-01,events,tradeshows,unspecified,4,1,199,,,,,,
2025-05-01,programmatic,the trade desk,prospecting - display,76,3,417,,,,,,
2025-05-01,partner program,channel (referrals),bookeepers/consultants/agencies,2,0,0,,,,,,
2025-05-01,influencer,brand partner/ambassador (+10k),tym o'laughlin/tymo/tymo paints,1,0,0,,,,,,
2025-05-01,influencer,brand partner/ambassador (+10k),bryan vincent / vip maintenance / bryyan vincent,1,0,0,,,,,,
2025-05-01,influencer,ambassador,spencer claeys/northwest pro wash,1,0,0,,,,,,
2025-08-01,sem - branded,bing,,716,296,43345.63,,,,,,
2025-08-01,app marketing - paid,moloco,,1,1,39.99,,,,,,
2025-08-01,partner program,channel (all others),roof savers,1,1,269,,,,,,
2025-08-01,influencer,macro brand partner (+1m),jeff thorman/home renovision diy/home renovision,12,0,0,,,,,,
2025-08-01,influencer,brand partner/ambassador (+10k),ashley hall/ashxkillz/srm heating & cooling,1,0,0,,,,,,
2025-08-01,influencer,brand partner/ambassador (+10k),brandon wagstaff / wagstaff auto detailing,2,0,0,,,,,,
2025-08-01,influencer,"influencer (+10k, not sp)",kory ballard/ballard inc,1,0,0,,,,,,
2025-08-01,influencer,ambassador,jumper guy/raul hernandez,1,0,0,,,,,,
2025-08-01,influencer,ambassador,rusty nesvig,1,0,0,,,,,,
2025-08-01,influencer,business brand partner,mark stetlock/finance unfolded/financeunfolded,8,0,0,,,,,,
2025-08-01,influencer,nano brand partner/ambassador (<10k),finn varette / varchuk/ howtohomeservice,1,0,0,,,,,,
2025-08-01,influencer,brand partner/ambassador (+10k),kevin watson/off the path with kevin/off the path,1,0,0,,,,,,
2025-11-01,events,tradeshows,,3,4,1253,,,,,,
2025-03-01,influencer,brand partner/ambassador (+10k),marvin joles/blacktop banter,1,1,199,,,,,,
2025-03-01,app marketing - organic,organic,,9,1,39,,,,,,
2025-11-01,influencer,brand partner/ambassador (+10k),jacqueline and tanner hurst/jt junk solutions,42,5,884,,,,,,
2025-11-01,influencer,brand partner/ambassador (+10k),tristan kalina / kalina's pressure washing / youngpressurewasher,0,1,199,,,,,,
2025-11-01,organic search,support documentation,,4,2,346,,,,,,
2025-11-01,sem - competitors,bing,,22,2,378,,,,,,
2025-11-01,experimental,podcast ads,,2,1,39,,,,,,
2025-03-01,affiliate program,,,1,0,0,,,,,,
2025-11-01,influencer,brand partner/ambassador (+10k),the lawnmower boys/lmb landscaping/lmb_landscaping,3,0,0,,,,,,
2025-11-01,app marketing - paid,smadex,,6,0,0,,,,,,
2025-11-01,influencer,brand partner/ambassador (+10k),tyler hinton/xpress mobile window tint/xpresstint,1,0,0,,,,,,
2025-11-01,influencer,ambassador,parker jay smith,1,0,0,,,,,,
2025-03-01,influencer,brand partner/ambassador (+10k),austin gray - ownr ops / ownr ops skool community / bear claw land services,1,0,0,,,,,,
2025-03-01,influencer,alumni partner,alyssa's cleaning company/alyssa,2,0,0,,,,,,
2025-03-01,influencer,alumni partner,jason cleans/jason shipway,1,0,0,,,,,,
2025-11-01,influencer,brand partner/ambassador (+10k),nick sanborn / sanborn construction,2,0,0,,,,,,
2025-11-01,influencer,ambassador,annie jones / annie cleans / annie cleans by lamplight,1,0,0,,,,,,
2025-11-01,partner program,channel (resellers),,5,0,0,,,,,,
2025-03-01,influencer,brand partner/ambassador (+10k),cornell mack/mack landscaping & lawn care,2,0,0,,,,,,
2025-11-01,influencer,ambassador,jaren powell/near me mobile detailing,1,0,0,,,,,,
2025-03-01,influencer,brand partner/ambassador (+10k),ivan carvalho/glaucio carvalho/mr. bubbles,1,0,0,,,,,,
2025-03-01,organic search,ai search,perplexity,1,0,0,,,,,,
2025-10-01,social media,facebook,always-on,225,16,2262.99,,,,,,
2025-10-01,sem - generic,bing,,565,50,6662.99,,,,,,
2025-10-01,influencer,brand partner/ambassador (+10k),glen c/glen cuevas/glen c landscaping,15,2,208.99,,,,,,
2025-10-01,influencer,nano brand partner/ambassador (<10k),mark cordova / m3 finish detailing / m3 finish mobile detailing,1,0,0,,,,,,
2025-10-01,partner program,integrations,thumbtack,1,0,0,,,,,,
2025-10-01,partner program,channel (all others),roof savers,1,0,0,,,,,,
2025-10-01,influencer,brand partner/ambassador (+10k),brandon wagstaff / wagstaff auto detailing,1,0,0,,,,,,
2025-10-01,partner program,integrations,intuit,8,0,0,,,,,,
2025-10-01,influencer,brand partner/ambassador (+10k),daryl baker / the finisher / daryl the finisher,1,0,0,,,,,,
2025-10-01,partner program,integrations,stripe,2,0,0,,,,,,
2025-10-01,influencer,alumni partner,charlotte bosanquet/care cleaning services sydney/charlotte,1,0,0,,,,,,
2025-10-01,app marketing - paid,moloco,,1,0,0,,,,,,
2025-02-01,influencer,brand partner/ambassador (+10k),keith kalfas,35,11,1288.98,,,,,,
2025-02-01,app marketing - paid,google uac,,5712,70,4504.54,,,,,,
2025-02-01,directories,technology advice,ppc,0,1,149,,,,,,
2025-02-01,partner program,channel (franchises),ihandyman,0,1,245,,,,,,
2025-02-01,influencer,"influencer (+10k, not sp)",mike swezey/the handyman business,8,2,78,,,,,,
2025-02-01,partner program,channel (resellers),verizon,3,3,492,,,,,,
2025-02-01,partner program,channel (franchises),preservan,1,1,230,,,,,,
2025-02-01,influencer,brand partner/ambassador (+10k),jessica bannister,1,0,0,,,,,,
2025-02-01,influencer,alumni partner,alyssa's cleaning company/alyssa,3,0,0,,,,,,
2025-02-01,directories,g2,paid,8,0,0,,,,,,
2025-02-01,organic search,reddit,,3,0,0,,,,,,
2025-02-01,app marketing - paid,smadex,ctv,1,0,0,,,,,,
2025-08-01,organic search,,,3592,651,109139.54,,,,,,
2025-08-01,referrals,customer referral program,,250,95,12748.05,,,,,,
2025-08-01,influencer,brand partner/ambassador (+10k),ray duke/bulletproof handyman,3,2,208,,,,,,
2025-08-01,social media,facebook,always-on,255,15,2624.98,,,,,,
2025-08-01,affiliate program,partnerstack,,112,15,3282.99,,,,,,
2025-08-01,youtube,trueview,remarketing,0,1,336,,,,,,
2025-08-01,app marketing - experimental,jampp,,5,2,79.98,,,,,,
2025-08-01,influencer,brand partner/ambassador (+10k),louis mouchet,2,1,119,,,,,,
2025-08-01,app marketing - paid,,,9,0,0,,,,,,
2025-08-01,influencer,brand partner/ambassador (+10k),sadi ingallina/ash tree enterprises,3,0,0,,,,,,
2025-08-01,partner program,integrations,thumbtack,3,0,0,,,,,,
2025-08-01,influencer,brand partner/ambassador (+10k),adam chapman/pad pal,1,0,0,,,,,,
2025-07-01,sem - competitors,google,,219,35,7042.97,,,,,,
2025-07-01,programmatic,mntn,prospecting,3,3,396,,,,,,
2025-07-01,influencer,brand partner/ambassador (+10k),john seaman/jc property professionals/jcp properties/jcp,4,2,548,,,,,,
2025-07-01,partner program,channel (franchises),waterloo turf,1,1,219,,,,,,
2025-07-01,app marketing - experimental,remerge,,1,0,0,,,,,,
2025-07-01,influencer,alumni partner,gary mccreadie/hvac know it all,1,0,0,,,,,,
2025-07-01,influencer,business brand partner,dave moerman/revive washing/home service business coach,1,0,0,,,,,,
2025-05-01,sem - branded,bing,,946,439,61258.64,,,,,,
2025-05-01,influencer,brand partner/ambassador (+10k),walter washington/ww hvac,8,2,79.98,,,,,,
2025-05-01,influencer,brand partner/ambassador (+10k),jon dawson / texas luxury cleaning,23,3,427.99,,,,,,
2025-05-01,partner program,channel (all others),,4,1,393,,,,,,
2025-05-01,partner program,channel (all others),roof savers,3,1,269,,,,,,
2025-05-01,influencer,macro brand partner (+1m),jeff thorman/home renovision diy/home renovision,8,1,169,,,,,,
2025-05-01,influencer,brand partner/ambassador (+10k),jersey cronin/jersey/window cleaning resource/wcr/wcr nation,2,1,119,,,,,,
2025-05-01,influencer,brand partner/ambassador (+10k),diamond and drake/drake lawn care,1,0,0,,,,,,
2025-05-01,influencer,brand partner/ambassador (+10k),darian jarrett/capital city professional,1,0,0,,,,,,
2025-05-01,influencer,nano brand partner/ambassador (<10k),manny mollinedo/construction concrete designs llc,1,0,0,,,,,,
2025-05-01,organic search,jobber academy,,1,0,0,,,,,,
2025-05-01,influencer,brand partner/ambassador (+10k),david reuk / daveystruggle,2,0,0,,,,,,
2025-05-01,influencer,brand partner/ambassador (+10k),adrian garcia,1,0,0,,,,,,
2025-05-01,partner program,channel (all others),mosaic home services,3,0,0,,,,,,
2025-01-01,app marketing - paid,smadex,ios,929,29,2871.83,,,,,,
2025-01-01,social media,facebook,paid,149,9,672.97,,,,,,
2025-01-01,programmatic,mntn,prospecting - hvac and plumbing,0,2,597,,,,,,
2025-01-01,directories,software advice,ppl,7,4,676,,,,,,
2025-01-01,events,virtual,jobber blueprint,8,1,89,,,,,,
2025-01-01,partner program,channel (franchises),patchmaster,2,2,250,,,,,,
2025-01-01,programmatic,the trade desk,lal - tv,1,0,0,,,,,,
2025-01-01,directories,getapp,organic,1,0,0,,,,,,
2025-12-01,social media,facebook,always-on,1,0,0,,,,,,
2025-01-01,advertising,pr,newspaper,1,0,0,,,,,,
2025-09-01,freemium paid,google,paid,2621,69,5371.95,,,,,,
2025-09-01,social media,facebook,organic,291,35,4035.83,,,,,,
2025-09-01,programmatic,mntn,prospecting,0,4,535,,,,,,
2025-09-01,youtube,organic,,331,54,5668.67,,,,,,
2025-09-01,direct/unknown,direct,,824,49,6628.98,,,,,,
2025-09-01,word of mouth,organic wom referrals,general,247,64,8201.08,,,,,,
2025-09-01,partner program,channel (franchises),chefs for seniors,3,3,328.95,,,,,,
2025-09-01,affiliate program,,,2,1,39,,,,,,
2025-09-01,influencer,brand partner/ambassador (+10k),josh canales / 949 garage,1,0,0,,,,,,
2025-09-01,influencer,brand partner/ambassador (+10k),leger landscapes/fil,1,0,0,,,,,,
2025-09-01,influencer,brand partner/ambassador (+10k),daniel stewart/liquid green hydroseeding,1,0,0,,,,,,
2025-09-01,influencer,brand partner/ambassador (+10k),david rus / daves auto detail,1,0,0,,,,,,
2025-09-01,influencer,brand partner/ambassador (+10k),antonio pagan – all things fresh detail,1,0,0,,,,,,
2025-09-01,influencer,brand partner/ambassador (+10k),louis mouchet,1,0,0,,,,,,
2025-08-01,programmatic,the trade desk,prospecting - display,353,56,8225.99,,,,,,
2025-08-01,app marketing - paid,smadex,,18,2,306.99,,,,,,
2025-08-01,organic search,ai search,chatgpt,45,10,1617,,,,,,
2025-08-01,partner program,channel (referrals),bookeepers/consultants/agencies,1,1,169,,,,,,
2025-08-01,influencer,brand partner/ambassador (+10k),roy thomas/pro era plumbing,2,0,0,,,,,,
2025-08-01,directories,mvf,paid,1,0,0,,,,,,
2025-08-01,influencer,brand partner/ambassador (+10k),matthew hawk/matthew's mowing & lawn maintenance,1,0,0,,,,,,
2025-08-01,social media,linkedin,organic,8,0,0,,,,,,
2025-04-01,sem - competitors,google,,276,59,8614.95,,,,,,
2025-04-01,social media,facebook,organic,365,30,3663.93,,,,,,
2025-04-01,programmatic,mntn,prospecting,145,41,6726.96,,,,,,
2025-04-01,influencer,alumni partner,mike coffey,0,1,428,,,,,,
2025-04-01,youtube,demand gen,remarketing,1,2,448,,,,,,
2025-06-01,affiliate program,partnerstack,,164,21,4306.99,,,,,,
2025-04-01,partner program,channel (franchises),patchmaster,5,5,625,,,,,,
2025-06-01,partner program,channel (all others),roof savers,1,3,807,,,,,,
2025-06-01,influencer,ambassador,paul jamison,1,1,248,,,,,,
2025-06-01,influencer,"influencer (+10k, not sp)",kory ballard/ballard inc,2,1,169,,,,,,
2025-06-01,influencer,nano brand partner/ambassador (<10k),john macfarland/ macfarland painting,2,1,662.1,,,,,,
2025-04-01,influencer,business brand partner,dave moerman/revive washing/home service business coach,3,0,0,,,,,,
2025-06-01,influencer,brand partner/ambassador (+10k),brent strickland / titan garage floors,1,0,0,,,,,,
2025-04-01,influencer,brand partner/ambassador (+10k),cornell mack/mack landscaping & lawn care,1,0,0,,,,,,
2025-04-01,influencer,brand partner/ambassador (+10k),ben thomson / hvac strong,1,0,0,,,,,,
2025-04-01,sem - franchise,bing,paid,1,0,0,,,,,,
2025-01-01,sem - competitors,bing,,18,6,853,,,,,,
2025-01-01,experimental,podcast ads,,3,2,397,,,,,,
2025-01-01,influencer,brand partner/ambassador (+10k),keith mcgillivary/mps/mcgillivary's plumbing,1,1,39,,,,,,
2025-01-01,sem - franchise,google,paid,15,3,515.99,,,,,,
2025-01-01,partner program,channel (franchises),crushr,1,1,175,,,,,,
2025-01-01,partner program,channel (franchises),lemon fresh,1,1,239,,,,,,
2025-01-01,influencer,brand partner/ambassador (+10k),erica krupin/kroopin poopin scoopin,4,1,169,,,,,,
2025-01-01,influencer,ambassador,sergio licea/edge cleaning,2,0,0,,,,,,
2025-01-01,influencer,alumni partner,branden sewell/seal pro painting,1,0,0,,,,,,
2025-12-01,sem - generic,google,,1,0,0,,,,,,
2025-01-01,programmatic,mntn,,4,0,0,,,,,,
2025-09-01,sem - generic,google,,1435,100,14806.93,,,,,,
2025-09-01,sem - competitors,bing,,32,9,1140.99,,,,,,
2025-09-01,programmatic,the trade desk,lal - tv,58,9,1275.99,,,,,,
2025-09-01,influencer,brand partner/ambassador (+10k),walter washington/ww hvac,1,1,119,,,,,,
2025-09-01,influencer,business brand partner,alex guzman / modern day contractor,2,0,0,,,,,,
2025-09-01,influencer,brand partner/ambassador (+10k),tom purcell/purcell's pro detail,1,0,0,,,,,,
2025-09-01,events,tradeshows,arcsi,1,0,0,,,,,,
2025-09-01,directories,other,paid,1,0,0,,,,,,
2025-09-01,influencer,brand partner/ambassador (+10k),ryan dandrea / roll with it,1,0,0,,,,,,
2025-09-01,influencer,brand partner/ambassador (+10k),jersey cronin/jersey/window cleaning resource/wcr/wcr nation,1,0,0,,,,,,
2025-09-01,advertising,pr,general,1,0,0,,,,,,
2025-05-01,organic search,,,4491,769,124357.85,,,,,,
2025-05-01,directories,getapp,paid,54,5,694.99,,,,,,
2025-05-01,affiliate program,partnerstack,,105,19,3109.99,,,,,,
2025-05-01,social media,facebook,paid,1037,14,1802.08,,,,,,
2025-05-01,app marketing - experimental,jampp,,229,9,517.93,,,,,,
2025-05-01,influencer,brand partner/ambassador (+10k),randy roblero/detailing beyond limits/beyond limits of palm beach,5,1,39.99,,,,,,
2025-05-01,influencer,brand partner/ambassador (+10k),louis mouchet,1,1,119,,,,,,
2025-05-01,app marketing - paid,,,31,1,39.99,,,,,,
2025-05-01,partner program,channel (franchises),advanced laser restoration,1,1,205,,,,,,
2025-05-01,influencer,brand partner/ambassador (+10k),josh canales / 949 garage,2,0,0,,,,,,
2025-05-01,influencer,brand partner/ambassador (+10k),tyler link/contractor ceo/concrete launch secrets,1,0,0,,,,,,
2025-08-01,directories,getapp,paid,1,3,797,,,,,,
2025-08-01,experimental,tiktok,organic,9,1,39,,,,,,
2025-08-01,influencer,brand partner/ambassador (+10k),austin gray - ownr ops / ownr ops skool community / bear claw land services,4,3,576,,,,,,
2025-08-01,partner program,channel (franchises),sunrise electric,1,1,239,,,,,,
2025-08-01,influencer,brand partner/ambassador (+10k),cornell mack/mack landscaping & lawn care,1,0,0,,,,,,
2025-08-01,social media,linkedin,,1,0,0,,,,,,
2025-08-01,influencer,brand partner/ambassador (+10k),udetailers/ethan dang /hangar club,1,0,0,,,,,,
2025-08-01,advertising,radio,general,9,0,0,,,,,,
2025-08-01,experimental,facebook,fb lead gen ebook,2,0,0,,,,,,
2025-08-01,influencer,business brand partner,logan sendle/blue collar business accelerator/bcba,1,0,0,,,,,,
2025-06-01,freemium paid,bing,paid,571,18,1324.97,,,,,,
2025-04-01,programmatic,mntn,prospecting - audience match,2277,330,50380.88,,,,,,
2025-06-01,app marketing - paid,apple search ads,,3915,218,13113.59,,,,,,
2025-06-01,sem - franchise,google,paid,21,10,1489.98,,,,,,
2025-06-01,sem - competitors,bing,,39,4,1330.99,,,,,,
2025-06-01,social media,,,255,18,2606.92,,,,,,
2025-04-01,sem - competitors,bing,,49,15,2552,,,,,,
2025-04-01,influencer,brand partner/ambassador (+10k),casey evertsen/bin blasters,6,5,901,,,,,,
2025-04-01,influencer,general,,26,2,238.99,,,,,,
2025-06-01,programmatic,the trade desk,lal - tv,131,21,3723,,,,,,
2025-04-01,influencer,brand partner/ambassador (+10k),erica krupin/kroopin poopin scoopin,1,1,119,,,,,,
2025-04-01,partner program,channel (franchises),bee organized,1,1,179,,,,,,
2025-04-01,influencer,brand partner/ambassador (+10k),jersey cronin/jersey/window cleaning resource/wcr/wcr nation,2,1,278,,,,,,
2025-06-01,partner program,channel (franchises),pink's window service,12,2,440,,,,,,
2025-06-01,influencer,brand partner/ambassador (+10k),oscar gil/detail groove,40,1,198,,,,,,
2025-06-01,organic search,support documentation,,11,3,346,,,,,,
2025-06-01,influencer,brand partner/ambassador (+10k),ben millen/benjamin millen/bluladder/ben the window cleaner,1,1,119,,,,,,
2025-06-01,influencer,brand partner/ambassador (+10k),tom maggs/maggs lawn/maggs lawn and landscape,4,0,0,,,,,,
2025-06-01,app marketing - organic,,,2,0,0,,,,,,
2025-06-01,app marketing - paid,smadex,,1,0,0,,,,,,
2025-06-01,directories,capterra,,4,0,0,,,,,,
2025-04-01,programmatic,the trade desk,prospecting - display,1,0,0,,,,,,
2025-07-01,direct/unknown,,,1167,57,7927.07,,,,,,
2025-07-01,influencer,brand partner/ambassador (+10k),robbie lynn/premier lawns,0,1,248,,,,,,
2025-07-01,influencer,general,,37,5,314.99,,,,,,
2025-07-01,programmatic,the trade desk,prospecting - display,207,34,6914.09,,,,,,
2025-07-01,influencer,brand partner/ambassador (+10k),casey evertsen/bin blasters,1,2,148,,,,,,
2025-07-01,app marketing - organic,organic,android,1605,39,2861.63,,,,,,
2025-07-01,affiliate program,commission junction,,81,30,3757.98,,,,,,
2025-07-01,programmatic,mntn,prospecting - audience match,1954,397,61202.16,,,,,,
2025-07-01,direct/unknown,direct,,1117,66,8838.78,,,,,,
2025-07-01,influencer,brand partner/ambassador (+10k),walter washington/ww hvac,0,1,89,,,,,,
2025-07-01,organic search,ai search,chatgpt,94,10,1568.99,,,,,,
2025-07-01,influencer,business brand partner,eduardo barboza / nmc development llc / wealth in construction,0,1,599,,,,,,
2025-07-01,partner program,channel (franchises),chefs for seniors,1,2,287.3,,,,,,
2025-07-01,partner program,integrations,square/block,1,1,278,,,,,,
2025-07-01,influencer,brand partner/ambassador (+10k),roy thomas/pro era plumbing,2,0,0,,,,,,
2025-07-01,influencer,brand partner/ambassador (+10k),darian jarrett/capital city professional,1,0,0,,,,,,
2025-07-01,advertising,,,3,0,0,,,,,,
2025-05-01,influencer,brand partner/ambassador (+10k),ray duke/bulletproof handyman,15,5,435,,,,,,
2025-05-01,influencer,brand partner/ambassador (+10k),adam chapman/pad pal,1,1,39,,,,,,
2025-05-01,partner program,integrations,thumbtack,1,0,0,,,,,,
2025-05-01,partner program,integrations,gusto,1,0,0,,,,,,
2025-05-01,influencer,brand partner/ambassador (+10k),hunter patrick/dumpire junk removal,7,0,0,,,,,,
2025-05-01,influencer,brand partner/ambassador (+10k),ji mobile mechanics/jacob ireland,2,0,0,,,,,,
2025-05-01,experimental,facebook - lead gen,paid - evergreen webinar,7,0,0,,,,,,
2025-05-01,influencer,brand partner/ambassador (+10k),ryaan tuttle/best handyman boston/rjt,2,0,0,,,,,,
2025-08-01,freemium paid,bing,paid,704,17,1616.94,,,,,,
2025-08-01,social media,facebook,remarketing,74,4,545,,,,,,
2025-08-01,influencer,brand partner/ambassador (+10k),jacqueline and tanner hurst/jt junk solutions,25,3,436.99,,,,,,
2025-08-01,influencer,brand partner/ambassador (+10k),zech osburn/z's exterior services/biz boosters,9,1,365,,,,,,
2025-08-01,partner program,channel (franchises),76 fence,5,5,1232,,,,,,
2025-08-01,partner program,integrations,,1,0,0,,,,,,
2025-08-01,influencer,nano brand partner/ambassador (<10k),rosie selvaggio/hocus pocus cleaning,1,0,0,,,,,,
2025-08-01,organic search,jobber academy,,1,0,0,,,,,,
2025-08-01,influencer,brand partner/ambassador (+10k),chase gallagher/cmg landscape/service pro elite,3,0,0,,,,,,
2025-08-01,influencer,brand partner/ambassador (+10k),misael avalos / time maid cleaning,1,0,0,,,,,,
2025-08-01,influencer,ambassador,michaels paving/michael stanley,2,0,0,,,,,,
2025-08-01,influencer,nano brand partner/ambassador (<10k),giovanni imbrogno/novapave,1,0,0,,,,,,
2025-01-01,social media,facebook,organic,345,24,3709.92,,,,,,
2025-01-01,freemium paid,google,paid,3863,99,7564.75,,,,,,
2025-01-01,direct/unknown,direct,,1271,31,5578.97,,,,,,
2025-01-01,app marketing - paid,tiktok,,1015,5,318.96,,,,,,
2025-01-01,word of mouth,organic wom referrals,general,244,27,3189.99,,,,,,
2025-01-01,influencer,brand partner/ambassador (+10k),oscar gil/detail groove,25,3,515,,,,,,
2025-01-01,app marketing - paid,google uac,ios,1,0,0,,,,,,
2025-12-01,sem - branded,google,,2,0,0,,,,,,
2025-12-01,social media,facebook,paid,1,0,0,,,,,,
2025-01-01,influencer,brand partner/ambassador (+10k),anthony salazar / poop scoops for noobs,3,0,0,,,,,,
2025-01-01,influencer,brand partner/ambassador (+10k),tj mccormack/worldsgreatestroofer/tj,1,0,0,,,,,,
2025-09-01,app marketing - paid,tiktok,,5023,67,3294.58,,,,,,
2025-09-01,organic search,ai search,chatgpt,10,3,836,,,,,,
2025-09-01,influencer,brand partner/ambassador (+10k),trey bohannan/trey bodirt,1,1,39.99,,,,,,
2025-09-01,influencer,brand partner/ambassador (+10k),erica krupin/kroopin poopin scoopin,6,3,456,,,,,,
2025-09-01,influencer,brand partner/ambassador (+10k),garrett davis/underwood & davis/gw custom decks,1,1,108.41,,,,,,
2025-09-01,influencer,alumni partner,nick glassett/let's get lit,3,1,199.99,,,,,,
2025-09-01,experimental,podcast ads,,2,0,0,,,,,,
2025-09-01,influencer,brand partner/ambassador (+10k),bryan vincent / vip maintenance / bryyan vincent,1,0,0,,,,,,
2025-09-01,social media,facebook,international,1,0,0,,,,,,
2025-09-01,influencer,brand partner/ambassador (+10k),jacob palmer / palmer electrical,1,0,0,,,,,,
2025-06-01,sem - branded,google,,1570,549,83178.63,,,,,,
2025-06-01,organic search,,,4290,737,116941.08,,,,,,
2025-04-01,freemium paid,google,paid,3460,106,8207.82,,,,,,
2025-04-01,app marketing - paid,tiktok,,1948,26,1234.79,,,,,,
2025-04-01,direct/unknown,direct,,1569,38,5494.09,,,,,,
2025-06-01,social media,facebook,paid,647,22,1841.93,,,,,,
2025-04-01,word of mouth,organic wom referrals,general,346,48,7448.96,,,,,,
2025-06-01,app marketing - experimental,jampp,,53,5,277.96,,,,,,
2025-06-01,referrals,customer referral program,,314,159,27370.09,,,,,,
2025-06-01,app marketing - paid,,,15,1,39,,,,,,
2025-04-01,partner program,channel (franchises),chefs for seniors,0,1,109.65,,,,,,
2025-04-01,influencer,brand partner/ambassador (+10k),ivan carvalho/glaucio carvalho/mr. bubbles,2,2,78.99,,,,,,
2025-06-01,influencer,brand partner/ambassador (+10k),ray duke/bulletproof handyman,17,5,752,,,,,,
2025-04-01,organic search,ai search,chatgpt,52,3,526,,,,,,
2025-04-01,influencer,brand partner/ambassador (+10k),anthony salazar / poop scoops for noobs,1,1,119,,,,,,
2025-04-01,partner program,channel (franchises),summit property group,2,2,440,,,,,,
2025-07-01,influencer,brand partner/ambassador (+10k),zech osburn/z's exterior services/biz boosters,13,3,537.99,,,,,,
2025-07-01,partner program,channel (franchises),bee organized,3,3,537,,,,,,
2025-07-01,influencer,brand partner/ambassador (+10k),joseph rivera/washpreneurs/wedoit4you,1,1,39,,,,,,
2025-07-01,influencer,brand partner/ambassador (+10k),diamond and drake/drake lawn care,1,0,0,,,,,,
2025-07-01,partner program,channel (referrals),bookeepers/consultants/agencies,3,0,0,,,,,,
2025-07-01,influencer,brand partner/ambassador (+10k),bryan vincent / vip maintenance / bryyan vincent,1,0,0,,,,,,
2025-03-01,app marketing - paid,google uac,,6176,108,8409.72,,,,,,
2025-03-01,app marketing - organic,organic,ios,5310,204,14786.69,,,,,,
2025-03-01,directories,capterra,paid,268,21,3088.98,,,,,,
2025-03-01,partner program,channel (franchises),preservan,1,1,230,,,,,,
2025-03-01,partner program,channel (all others),,3,2,698,,,,,,
2025-11-01,influencer,brand partner/ambassador (+10k),tom maggs/maggs lawn/maggs lawn and landscape,3,1,39,,,,,,
2025-11-01,influencer,brand partner/ambassador (+10k),adam chapman/pad pal,2,1,39.99,,,,,,
2025-11-01,youtube,demand gen,remarketing,10,1,427,,,,,,
2025-11-01,influencer,brand partner/ambassador (+10k),austin gray - ownr ops / ownr ops skool community / bear claw land services,5,2,278,,,,,,
2025-03-01,influencer,business brand partner,kevin cook / accelerate nation,3,0,0,,,,,,
2025-11-01,influencer,business brand partner,anatoly nazarov / digamark llc / average bro aesthetic,3,0,0,,,,,,
2025-11-01,directories,other,,1,0,0,,,,,,
2025-11-01,influencer,brand partner/ambassador (+10k),anthony salazar / poop scoops for noobs,1,0,0,,,,,,
2025-11-01,organic search,ai search,perplexity,7,0,0,,,,,,
2025-11-01,influencer,alumni partner,chanique stewart/chanique cleaning services/cleaning boss accelerator,1,0,0,,,,,,
2025-03-01,organic search,reddit,,1,0,0,,,,,,
2025-03-01,partner program,integrations,zapier,1,0,0,,,,,,
2025-11-01,influencer,brand partner/ambassador (+10k),ty lopez / pristine electric / tyler lopez,1,0,0,,,,,,
2025-11-01,influencer,brand partner/ambassador (+10k),influencer - grant mcmullen / mcmullen master services,1,0,0,,,,,,
2025-11-01,influencer,brand partner/ambassador (+10k),jacob palmer / palmer electrical,5,0,0,,,,,,
2025-11-01,influencer,brand partner/ambassador (+10k),tommy hunter/hunter window wash,3,0,0,,,,,,
2025-11-01,influencer,brand partner/ambassador (+10k),nick gentile / spartan hero electric,1,0,0,,,,,,
2025-11-01,affiliate program,,,1,0,0,,,,,,
2025-11-01,influencer,brand partner/ambassador (+10k),joshua parker/ishine valeting & detailing,1,0,0,,,,,,
2025-03-01,directories,g2,paid,4,0,0,,,,,,
2025-11-01,influencer,brand partner/ambassador (+10k),dominic kingery / domd2d,1,0,0,,,,,,
2025-03-01,influencer,ambassador,steve-o/steven richardson,1,0,0,,,,,,
2025-11-01,events,virtual,jobber blueprint,1,0,0,,,,,,
2025-11-01,influencer,alumni partner,jason cleans/jason shipway,1,0,0,,,,,,
2025-10-01,sem - generic,google,,1185,112,14805.92,,,,,,
2025-10-01,influencer,alumni partner,the epoxy pros/daniel george,0,1,448,,,,,,
2025-10-01,advertising,online/general,,25,5,595,,,,,,
2025-10-01,influencer,general,,41,3,695,,,,,,
2025-10-01,social media,facebook,remarketing,83,1,257,,,,,,
2025-10-01,advertising,radio,general,21,0,0,,,,,,
2025-10-01,influencer,brand partner/ambassador (+10k),zech osburn/z's exterior services/biz boosters,4,0,0,,,,,,
2025-10-01,partner program,channel (all others),,1,0,0,,,,,,
2025-10-01,influencer,brand partner/ambassador (+10k),diamond and drake/drake lawn care,1,0,0,,,,,,
2025-10-01,experimental,facebook,fb lead gen ebook,2,0,0,,,,,,
2025-10-01,influencer,brand partner/ambassador (+10k),tom purcell/purcell's pro detail,2,0,0,,,,,,
2025-10-01,influencer,brand partner/ambassador (+10k),chase gallagher/cmg landscape/service pro elite,1,0,0,,,,,,
2025-10-01,experimental,tiktok,organic,3,0,0,,,,,,
2025-10-01,partner program,channel (referrals),other,2,0,0,,,,,,
2025-02-01,direct/unknown,,,811,32,5022.75,,,,,,
2025-02-01,youtube,demand gen,prospecting,22,5,1035.98,,,,,,
2025-02-01,partner program,channel (franchises),,33,28,7445.05,,,,,,
2025-02-01,influencer,alumni partner,branden sewell/seal pro painting,0,1,169.99,,,,,,
2025-02-01,partner program,channel (franchises),summit property group,1,1,220,,,,,,
2025-02-01,partner program,channel (franchises),next day access,3,3,510,,,,,,
2025-02-01,influencer,brand partner/ambassador (+10k),walter washington/ww hvac,1,0,0,,,,,,
2025-02-01,programmatic,mntn,,2,0,0,,,,,,
2025-02-01,influencer,brand partner/ambassador (+10k),erica krupin/kroopin poopin scoopin,1,0,0,,,,,,
2025-04-01,affiliate program,,,3,1,199,,,,,,
2025-06-01,events,virtual,jobber blueprint,11,4,466,,,,,,
2025-06-01,influencer,brand partner/ambassador (+10k),brad behr/copper creek cuts/bctp/baker county trash pickup,9,1,39,,,,,,
2025-06-01,experimental,facebook - lead gen,paid - evergreen webinar,3,3,678.98,,,,,,
2025-06-01,influencer,brand partner/ambassador (+10k),roy thomas/pro era plumbing,7,1,39,,,,,,
2025-06-01,partner program,channel (all others),bin blasters,1,2,538,,,,,,
2025-06-01,influencer,brand partner/ambassador (+10k),skyler lane / realskylane / junk success,2,1,29,,,,,,
2025-06-01,programmatic,the trade desk,lal - audio,56,7,1331,,,,,,
2025-06-01,experimental,podcast ads,,4,1,169,,,,,,
2025-04-01,programmatic,mntn,,3,0,0,,,,,,
2025-06-01,influencer,brand partner/ambassador (+10k),trey bohannan/trey bodirt,1,0,0,,,,,,
2025-06-01,events,tradeshows,unspecified,1,0,0,,,,,,
2025-06-01,influencer,brand partner/ambassador (+10k),tommy hunter/hunter window wash,2,0,0,,,,,,
2025-04-01,advertising,,,3,0,0,,,,,,
2025-06-01,influencer,brand partner/ambassador (+10k),aron jones/big dog construction,1,0,0,,,,,,
2025-03-01,partner program,channel (franchises),,39,39,8630.44,,,,,,
2025-03-01,app marketing - paid,apple search ads,,4159,184,15104.22,,,,,,
2025-11-01,freemium organic,,,759,13,839.97,,,,,,
2025-11-01,freemium paid,google,paid,2903,49,6308.7,,,,,,
2025-03-01,social media,,,146,16,1357.95,,,,,,
2025-11-01,word of mouth,organic wom referrals,general,245,60,10471.1,,,,,,
2025-11-01,app marketing - paid,tiktok,,4943,65,5178.58,,,,,,
2025-03-01,sem - competitors,bing,,38,3,197,,,,,,
2025-11-01,influencer,brand partner/ambassador (+10k),keith kalfas,26,8,1538.99,,,,,,
2025-11-01,partner program,channel (resellers),verizon,4,5,628,,,,,,
2025-11-01,directories,software advice,ppl,5,6,1531,,,,,,
2025-03-01,sem - franchise,google,paid,30,16,3129,,,,,,
2025-03-01,influencer,business brand partner,alex guzman / modern day contractor,3,3,745,,,,,,
2025-03-01,partner program,channel (franchises),next day access,5,5,850,,,,,,
2025-03-01,partner program,channel (franchises),clozetivity,1,1,159,,,,,,
2025-03-01,organic search,support documentation,,10,1,349,,,,,,
2025-11-01,partner program,channel (franchises),screenmobile,0,1,239.2,,,,,,
2025-11-01,advertising,pr,forbes,0,1,29,,,,,,
2025-11-01,influencer,brand partner/ambassador (+10k),leger landscapes/fil,0,1,39,,,,,,
2025-11-01,social media,instagram,paid,7,1,198,,,,,,
2025-03-01,influencer,brand partner/ambassador (+10k),ben millen/benjamin millen/bluladder/ben the window cleaner,1,0,0,,,,,,
2025-11-01,sem - franchise,bing,paid,1,0,0,,,,,,
2025-03-01,influencer,brand partner/ambassador (+10k),tom maggs/maggs lawn/maggs lawn and landscape,3,0,0,,,,,,
2025-11-01,influencer,"influencer (+10k, not sp)",kory ballard/ballard inc,1,0,0,,,,,,
2025-11-01,influencer,brand partner/ambassador (+10k),james moreno/top class detail,1,0,0,,,,,,
2025-03-01,influencer,brand partner/ambassador (+10k),jeff guldalian/ the 360 electrician,6,0,0,,,,,,
2025-02-01,app marketing - paid,apple search ads,,3640,130,10824.07,,,,,,
2025-02-01,app marketing - organic,organic,ios,4095,115,8402.25,,,,,,
2025-02-01,app marketing - organic,organic,android,1401,26,2214.87,,,,,,
2025-02-01,sem - generic,google,,2678,175,20197.91,,,,,,
2025-02-01,affiliate program,commission junction,,42,10,1766,,,,,,
2025-02-01,social media,,,89,8,1553.98,,,,,,
2025-02-01,social media,facebook,organic,355,29,3606.27,,,,,,
2025-02-01,directories,capterra,paid,341,12,2754,,,,,,
2025-02-01,influencer,ambassador,sergio licea/edge cleaning,1,1,39,,,,,,
2025-02-01,organic search,support documentation,,16,4,830.1,,,,,,
2025-02-01,programmatic,the trade desk,lal - tv,1,0,0,,,,,,
2025-02-01,influencer,brand partner/ambassador (+10k),tom maggs/maggs lawn/maggs lawn and landscape,2,0,0,,,,,,
2025-10-01,programmatic,the trade desk,prospecting - display,744,113,20111.97,,,,,,
2025-10-01,direct/unknown,,,1153,52,9524,,,,,,
2025-10-01,organic search,ai search,chatgpt,23,6,694,,,,,,
2025-10-01,partner program,channel (franchises),moldman,0,1,140,,,,,,
2025-10-01,programmatic,the trade desk,ttd - remarketing,12,3,357,,,,,,
2025-10-01,partner program,channel (franchises),wings mobile detailing,1,1,165,,,,,,
2025-10-01,partner program,channel (franchises),summit property group,1,1,220,,,,,,
2025-10-01,influencer,brand partner/ambassador (+10k),tucker baney/plumb hero,1,0,0,,,,,,
2025-01-01,directories,getapp,paid,183,4,456,,,,,,
2025-01-01,influencer,brand partner/ambassador (+10k),adam chapman/pad pal,10,1,119,,,,,,
2025-01-01,influencer,brand partner/ambassador (+10k),louis mouchet,1,0,0,,,,,,
2025-01-01,experimental,facebook - lead gen,paid - evergreen webinar,7,0,0,,,,,,
2025-01-01,partner program,channel (referrals),other,1,0,0,,,,,,
2025-01-01,social media,linkedin,,6,0,0,,,,,,
2025-01-01,advertising,radio,sirius,1,0,0,,,,,,
2025-01-01,influencer,brand partner/ambassador (+10k),austin gray - ownr ops / ownr ops skool community / bear claw land services,1,0,0,,,,,,
2025-05-01,directories,capterra,paid,75,7,1272,,,,,,
2025-05-01,app marketing - organic,organic,android,1639,45,2993.65,,,,,,
2025-05-01,partner program,channel (franchises),,47,44,9671.33,,,,,,
2025-05-01,direct/unknown,,,1248,41,5445.02,,,,,,
2025-05-01,experimental,tiktok,paid,0,1,39.99,,,,,,
2025-05-01,youtube,paid,,12,3,278.98,,,,,,
2025-05-01,organic search,ai search,chatgpt,89,16,1193.99,,,,,,
2025-05-01,advertising,online/general,,257,2,148,,,,,,
2025-05-01,influencer,general,,41,2,78.99,,,,,,
2025-05-01,influencer,brand partner/ambassador (+10k),casey evertsen/bin blasters,20,2,398.99,,,,,,
2025-05-01,partner program,channel (franchises),next day access,1,1,170,,,,,,
2025-05-01,partner program,channel (franchises),bee organized,1,1,179,,,,,,
2025-05-01,influencer,business brand partner,aaron wilton-jones / autoclean academy,2,0,0,,,,,,
2025-05-01,programmatic,mntn,,4,0,0,,,,,,
2025-05-01,events,virtual,jobber grants,5,0,0,,,,,,
2025-05-01,influencer,brand partner/ambassador (+10k),erica krupin/kroopin poopin scoopin,4,0,0,,,,,,
2025-05-01,influencer,brand partner/ambassador (+10k),warren chappell / boss plumbing and heating,2,0,0,,,,,,
2025-08-01,programmatic,mntn,prospecting - audience match,1893,359,61014.22,,,,,,
2025-08-01,programmatic,mntn,prospecting,1,2,78,,,,,,
2025-08-01,partner program,integrations,intuit,11,3,507,,,,,,
2025-08-01,influencer,brand partner/ambassador (+10k),walter washington/ww hvac,0,1,298,,,,,,
2025-08-01,affiliate program,commission junction,,80,19,2327.98,,,,,,
2025-08-01,influencer,brand partner/ambassador (+10k),john seaman/jc property professionals/jcp properties/jcp,15,2,208,,,,,,
2025-08-01,partner program,integrations,companycam,3,0,0,,,,,,
2025-08-01,influencer,brand partner/ambassador (+10k),eric gonzalez / castillos landscaping,1,0,0,,,,,,
2025-06-01,directories,software advice,ppl,7,6,1795.98,,,,,,
2025-04-01,app marketing - paid,google uac,,5659,105,6461.3,,,,,,
2025-04-01,youtube,organic,,410,70,6436.87,,,,,,
2025-04-01,directories,getapp,paid,72,4,943,,,,,,
2025-06-01,partner program,channel (franchises),screenmobile,2,2,382,,,,,,
2025-04-01,youtube,trueview,prospecting,221,18,2231.97,,,,,,
2025-06-01,youtube,demand gen,prospecting,239,6,367.96,,,,,,
2025-04-01,influencer,brand partner/ambassador (+10k),austin gray - ownr ops / ownr ops skool community / bear claw land services,2,1,39,,,,,,
2025-06-01,influencer,brand partner/ambassador (+10k),tyler link/contractor ceo/concrete launch secrets,1,1,39,,,,,,
2025-06-01,influencer,brand partner/ambassador (+10k),louis mouchet,1,1,249,,,,,,
2025-06-01,partner program,integrations,intuit,21,3,636,,,,,,
2025-06-01,partner program,channel (franchises),waterloo turf,2,2,438,,,,,,
2025-06-01,influencer,nano brand partner/ambassador (<10k),robert dill /texas premier pressure washing,1,1,169,,,,,,
2025-06-01,directories,g2,organic,1,0,0,,,,,,
2025-04-01,organic search,ai search,perplexity,2,0,0,,,,,,
2025-04-01,directories,g2,paid,5,0,0,,,,,,
2025-06-01,partner program,industry associations,,2,0,0,,,,,,
2025-04-01,influencer,brand partner/ambassador (+10k),blake albertson/b&b lawn care/bblawncarekc,1,0,0,,,,,,
2025-06-01,influencer,alumni partner,the epoxy pros/daniel george,1,0,0,,,,,,
2025-06-01,partner program,integrations,stripe,2,0,0,,,,,,
2025-06-01,influencer,brand partner/ambassador (+10k),ji mobile mechanics/jacob ireland,1,0,0,,,,,,
2025-04-01,programmatic,,,18,0,0,,,,,,
2025-06-01,influencer,brand partner/ambassador (+10k),kevin watson/off the path with kevin/off the path,2,0,0,,,,,,
2025-04-01,partner program,channel (referrals),other,1,0,0,,,,,,
2025-09-01,app marketing - paid,google uac,,6100,94,6773.63,,,,,,
2025-09-01,directories,software advice,ppl,9,6,744,,,,,,
2025-09-01,organic search,ai search,perplexity,8,1,39,,,,,,
2025-09-01,influencer,brand partner/ambassador (+10k),austin gray - ownr ops / ownr ops skool community / bear claw land services,3,1,39,,,,,,
2025-09-01,influencer,nano brand partner/ambassador (<10k),mark mcginty/ mcginty toman electric,2,0,0,,,,,,
2025-09-01,influencer,brand partner/ambassador (+10k),blake albertson/b&b lawn care/bblawncarekc,1,0,0,,,,,,
2025-09-01,influencer,brand partner/ambassador (+10k),gabe jose cruz / drace detailing,1,0,0,,,,,,
2025-09-01,influencer,ambassador,elizabeth williams/lemonade liz,1,0,0,,,,,,
2025-09-01,influencer,brand partner/ambassador (+10k),udetailers/ethan dang /hangar club,2,0,0,,,,,,
2025-07-01,app marketing - paid,google uac,,5847,118,10076.39,,,,,,
2025-07-01,youtube,organic,,477,59,6690.81,,,,,,
2025-07-01,app marketing - paid,smadex,ctv,0,1,39.99,,,,,,
2025-07-01,directories,g2,paid,5,1,199,,,,,,
2025-07-01,partner program,channel (referrals),,11,11,3151,,,,,,
2025-07-01,youtube,trueview,prospecting,29,4,395,,,,,,
2025-07-01,influencer,brand partner/ambassador (+10k),austin gray - ownr ops / ownr ops skool community / bear claw land services,2,2,258,,,,,,
2025-07-01,social media,instagram,paid,10,1,39.99,,,,,,
2025-07-01,partner program,channel (resellers),verizon,1,1,190,,,,,,
2025-07-01,influencer,ambassador,stevenj120volts/steven ravesi,1,0,0,,,,,,
2025-07-01,influencer,"influencer (+10k, not sp)",mike swezey/the handyman business,1,0,0,,,,,,
2025-07-01,influencer,ambassador,elizabeth williams/lemonade liz,1,0,0,,,,,,
2025-07-01,influencer,business brand partner,alex smoot / sweat venture,1,0,0,,,,,,
2025-07-01,app marketing - experimental,meta apps,ios,1,0,0,,,,,,
2025-07-01,influencer,business brand partner,anatoly nazarov / digamark llc / average bro aesthetic,3,0,0,,,,,,
2025-03-01,freemium paid,google,paid,4217,135,9393.82,,,,,,
2025-03-01,social media,facebook,organic,398,37,3544.85,,,,,,
2025-11-01,advertising,online/general,,26,3,707,,,,,,
2025-03-01,youtube,trueview,remarketing,15,2,78,,,,,,
2025-03-01,influencer,brand partner/ambassador (+10k),james moreno/top class detail,1,1,39,,,,,,
2025-11-01,social media,facebook,remarketing,52,6,1692,,,,,,
2025-03-01,influencer,"influencer (+10k, not sp)",kory ballard/ballard inc,5,1,169,,,,,,
2025-11-01,organic search,jobber academy,,5,1,39,,,,,,
2025-03-01,partner program,channel (all others),bin blasters,4,4,1136,,,,,,
2025-11-01,influencer,brand partner/ambassador (+10k),eric gonzalez / castillos landscaping,3,1,198,,,,,,
2025-11-01,partner program,channel (franchises),fibrenew,10,10,590,,,,,,
2025-11-01,experimental,facebook,fb lead gen ebook,4,2,238.99,,,,,,
2025-03-01,influencer,ambassador,paul jamison,1,0,0,,,,,,
2025-03-01,directories,other,,3,0,0,,,,,,
2025-11-01,influencer,brand partner/ambassador (+10k),tom purcell/purcell's pro detail,4,0,0,,,,,,
2025-11-01,influencer,brand partner/ambassador (+10k),justin sizemore / sizemore tree works,1,0,0,,,,,,
2025-11-01,influencer,alumni partner,the epoxy pros/daniel george,2,0,0,,,,,,
2025-11-01,influencer,brand partner/ambassador (+10k),zech osburn/z's exterior services/biz boosters,7,0,0,,,,,,
2025-11-01,influencer,brand partner/ambassador (+10k),chase gallagher/cmg landscape/service pro elite,2,0,0,,,,,,
2025-03-01,influencer,brand partner/ambassador (+10k),ricardo diaz/legacy junk removal,2,0,0,,,,,,
2025-11-01,experimental,tiktok,organic,9,0,0,,,,,,
2025-11-01,partner program,channel (franchises),76 fence,2,0,0,,,,,,
2025-03-01,influencer,brand partner/ambassador (+10k),brad behr/copper creek cuts/bctp/baker county trash pickup,1,0,0,,,,,,
2025-10-01,affiliate program,commission junction,,88,29,3537.97,,,,,,
2025-10-01,programmatic,mntn,prospecting,1,3,536,,,,,,
2025-10-01,sem - competitors,google,,144,23,3818,,,,,,
2025-10-01,word of mouth,organic wom referrals,general,229,59,9419.99,,,,,,
2025-10-01,app marketing - organic,organic,android,1560,41,2939.35,,,,,,
2025-10-01,youtube,organic,,333,55,6537.88,,,,,,
2025-10-01,influencer,"influencer (+10k, not sp)",mike swezey/the handyman business,4,1,39.99,,,,,,
2025-10-01,partner program,channel (franchises),chefs for seniors,3,3,328.95,,,,,,
2025-10-01,partner program,channel (franchises),waterloo turf,1,1,219,,,,,,
2025-10-01,influencer,brand partner/ambassador (+10k),antonio pagan – all things fresh detail,4,0,0,,,,,,
2025-10-01,influencer,brand partner/ambassador (+10k),timmy riggs / streakers window cleaning,1,0,0,,,,,,
2025-10-01,influencer,brand partner/ambassador (+10k),jason ambro/ambro's landscaping,1,0,0,,,,,,
2025-10-01,influencer,brand partner/ambassador (+10k),khyara hiles / maid for this cleaning,1,0,0,,,,,,
2025-10-01,app marketing - organic,organic,,4,0,0,,,,,,
2025-10-01,influencer,brand partner/ambassador (+10k),amanda stevens / mandy's cleaning,3,0,0,,,,,,
2025-02-01,freemium paid,google,paid,3937,82,6848.94,,,,,,
2025-02-01,influencer,"influencer (+10k, not sp)",kory ballard/ballard inc,5,3,127,,,,,,
2025-02-01,social media,instagram,paid,4,1,39.99,,,,,,
2025-02-01,partner program,channel (franchises),barrios prestige brands,1,1,288.25,,,,,,
2025-02-01,influencer,ambassador,mario lentsch/radiant striping,1,0,0,,,,,,
2025-02-01,directories,other,,2,0,0,,,,,,
2025-02-01,influencer,brand partner/ambassador (+10k),adam chapman/pad pal,7,0,0,,,,,,
2025-02-01,affiliate program,,,1,0,0,,,,,,
2025-02-01,influencer,general,brown brothers lawn care,1,0,0,,,,,,
2025-02-01,influencer,brand partner/ambassador (+10k),blake albertson/b&b lawn care/bblawncarekc,2,0,0,,,,,,
2025-02-01,youtube,demand gen,remarketing,1,0,0,,,,,,
2025-06-01,influencer,business brand partner,andrew letersky / ultimate landscape academy,1,0,0,,,,,,
2025-04-01,advertising,pr,newspaper,1,0,0,,,,,,
2025-06-01,partner program,channel (franchises),g.i. bins,1,0,0,,,,,,
2025-06-01,directories,other,,5,0,0,,,,,,
2025-06-01,influencer,brand partner/ambassador (+10k),james moreno/top class detail,5,0,0,,,,,,
2025-06-01,social media,linkedin,organic,3,0,0,,,,,,
2025-11-01,app marketing - paid,smadex,ios,1355,91,9317.42,,,,,,
2025-03-01,app marketing - paid,tiktok,,1465,39,3118.79,,,,,,
2025-03-01,referrals,customer referral program,,370,216,38404.82,,,,,,
2025-03-01,experimental,podcast ads,,6,2,497,,,,,,
2025-03-01,partner program,channel (franchises),pink's window service,9,10,2200,,,,,,
2025-11-01,programmatic,the trade desk,prospecting - audio,327,65,9956.09,,,,,,
2025-11-01,outbound,,,3,3,1155,,,,,,
2025-11-01,influencer,ambassador,codie sanchez/contrarian thinking,3,1,129,,,,,,
2025-03-01,influencer,brand partner/ambassador (+10k),anthony salazar / poop scoops for noobs,6,0,0,,,,,,
2025-03-01,influencer,brand partner/ambassador (+10k),trey bohannan/trey bodirt,1,0,0,,,,,,
2025-11-01,advertising,radio,general,8,0,0,,,,,,
2025-11-01,influencer,macro brand partner (+1m),sarah mcallister / gocleanco,9,0,0,,,,,,
2025-11-01,youtube,paid,,7,0,0,,,,,,
2025-11-01,influencer,brand partner/ambassador (+10k),keisha garcia/digital cleaning academy,3,0,0,,,,,,
2025-03-01,programmatic,the trade desk,lal - audio,2,0,0,,,,,,
2025-11-01,influencer,brand partner/ambassador (+10k),gabe jose cruz / drace detailing,2,0,0,,,,,,
2025-03-01,influencer,brand partner/ambassador (+10k),skyler lane / realskylane / junk success,1,0,0,,,,,,
2025-11-01,social media,linkedin,,8,0,0,,,,,,
2025-03-01,influencer,brand partner/ambassador (+10k),tommy hunter/hunter window wash,1,0,0,,,,,,
2025-03-01,influencer,brand partner/ambassador (+10k),cameron vogelsang/tennessee electrician,1,0,0,,,,,,
2025-02-01,youtube,organic,,295,60,6768.9,,,,,,
2025-02-01,app marketing - paid,tiktok,,935,24,1100.85,,,,,,
2025-02-01,events,virtual,jobber blueprint,5,3,646.98,,,,,,
2025-02-01,partner program,channel (franchises),chefs for seniors,1,1,109.65,,,,,,
2025-02-01,partner program,channel (franchises),advanced laser restoration,1,1,205,,,,,,
2025-02-01,influencer,brand partner/ambassador (+10k),austin gray - ownr ops / ownr ops skool community / bear claw land services,1,0,0,,,,,,
2025-02-01,influencer,alumni partner,terence chan/impetus plumbing,2,0,0,,,,,,
2025-02-01,influencer,brand partner/ambassador (+10k),ivan carvalho/glaucio carvalho/mr. bubbles,2,0,0,,,,,,
2025-02-01,influencer,brand partner/ambassador (+10k),anthony salazar / poop scoops for noobs,1,0,0,,,,,,
2025-02-01,app marketing - organic,organic,,12,0,0,,,,,,
2025-10-01,social media,facebook,organic,398,37,7018.91,,,,,,
2025-10-01,programmatic,mntn,prospecting - audience match,1743,348,61281.24,,,,,,
2025-10-01,influencer,brand partner/ambassador (+10k),john seaman/jc property professionals/jcp properties/jcp,15,4,555.99,,,,,,
2025-10-01,direct/unknown,direct,,844,39,6182,,,,,,
2025-10-01,programmatic,the trade desk,prospecting - olv,45,8,1380,,,,,,
2025-10-01,influencer,brand partner/ambassador (+10k),roy thomas/pro era plumbing,6,1,39.99,,,,,,
2025-10-01,advertising,,,1,0,0,,,,,,
2025-10-01,influencer,ambassador,reuben potter/floors by southern boys,1,0,0,,,,,,
2025-10-01,partner program,integrations,square/block,1,0,0,,,,,,
2025-10-01,influencer,brand partner/ambassador (+10k),erica krupin/kroopin poopin scoopin,2,0,0,,,,,,
2025-10-01,influencer,business brand partner,eduardo barboza / nmc development llc / wealth in construction,1,0,0,,,,,,
2025-11-01,youtube,organic,,,,,276.4264734,32.66426472,3102.168124,,,
2025-11-01,organic search,ai search,perplexity,,,,10.8,0,0,,,
2025-11-01,partner program,channel (franchises),next day access,,,,1,1,170,,,
2025-11-01,youtube,demand gen,remarketing,,,,8.304761905,0.071428571,12.07142857,,,
2025-11-01,partner program,channel (all others),window cleaning resource association,,,,1,0,0,,,
2025-11-01,directories,other,,,,,1,0,0,,,
2025-11-01,influencer,brand partner/ambassador (+10k),kirk mckinney / jacob mckinney / junk teens llc / junk teens junk removal,,,,6,0,0,,,
2025-11-01,influencer,brand partner/ambassador (+10k),joshua parker/ishine valeting & detailing,,,,1,0,0,,,
2025-11-01,influencer,brand partner/ambassador (+10k),amanda stevens / mandy's cleaning,,,,1,0,0,,,
2025-11-01,influencer,brand partner/ambassador (+10k),jacob palmer / palmer electrical,,,,4,0,0,,,
2025-11-01,influencer,brand partner/ambassador (+10k),alex stevens/even stevens lawn care,,,,1,0,0,,,
2025-11-01,influencer,brand partner/ambassador (+10k),tom maggs/maggs lawn/maggs lawn and landscape,,,,2,0,0,,,
2025-11-01,influencer,brand partner/ambassador (+10k),adam nasser / wolf of hvac,,,,2,0,0,,,
2025-11-01,influencer,alumni partner,jason cleans/jason shipway,,,,1,0,0,,,
2025-11-01,influencer,brand partner/ambassador (+10k),timmy riggs / streakers window cleaning,,,,1,0,0,,,
2025-11-01,influencer,brand partner/ambassador (+10k),tommy hunter/hunter window wash,,,,2,0,0,,,
2025-11-01,influencer,brand partner/ambassador (+10k),tucker baney/plumb hero,,,,1,0,0,,,
2025-11-01,influencer,brand partner/ambassador (+10k),adam chapman/pad pal,,,,2,1,39.99,,,
2025-11-01,app marketing - organic,organic,android,,,,1377,31,2646.37,,,
2025-11-01,influencer,brand partner/ambassador (+10k),austin gray - ownr ops / ownr ops skool community / bear claw land services,,,,2,0,0,,,
2025-11-01,app marketing - organic,organic,,,,,1,0,0,,,
2025-11-01,influencer,brand partner/ambassador (+10k),ty lopez / pristine electric / tyler lopez,,,,1,0,0,,,
2025-11-01,programmatic,the trade desk,lal - tv,,,,7,0,0,,,
2025-11-01,events,virtual,jobber blueprint,,,,2.351097246,0.231454389,74.36022662,,,
2025-11-01,programmatic,the trade desk,lal - audio,,,,5,0,0,,,
2025-11-01,affiliate program,,,,,,1,0,0,,,
2025-11-01,affiliate program,commission junction,,,,,46.45622867,19.24663462,1690.724866,,,
2025-11-01,directories,capterra,paid,,,,0,3,276.99,,,
2025-11-01,youtube,demand gen,prospecting,,,,180.6818838,8.040966871,1473.326708,,,
2025-11-01,freemium paid,google,paid,,,,2965.904039,34.47301004,3877.136417,,,
2025-11-01,app marketing - experimental,meta apps,ios,,,,549,1,198,,,
2025-11-01,social media,facebook,organic,,,,283.0357143,17,1488.96,,,
2025-11-01,directories,capterra,organic,,,,0,1,29,,,
2025-11-01,sem - competitors,bing,,,,,27.44281609,2.826149425,501.5359195,,,
2025-11-01,youtube,trueview,prospecting,,,,1.368566393,0.822561863,152.7980279,,,
2025-11-01,social media,,,,,,178,11,1700.94,,,
2025-11-01,influencer,brand partner/ambassador (+10k),josh isaac/saiibu auto,,,,1,0,0,,,
2025-11-01,influencer,brand partner/ambassador (+10k),jacqueline and tanner hurst/jt junk solutions,,,,36,2,78,,,
2025-11-01,organic search,reddit,,,,,1,0,0,,,
2025-11-01,partner program,channel (franchises),,,,,15,4,894.1,,,
2025-11-01,influencer,brand partner/ambassador (+10k),jeff guldalian/ the 360 electrician,,,,1,0,0,,,
2025-11-01,influencer,ambassador,annie jones / annie cleans / annie cleans by lamplight,,,,1,0,0,,,
2025-11-01,influencer,brand partner/ambassador (+10k),jeff kult / trusted electric,,,,2,0,0,,,
2025-11-01,direct/unknown,,,,,,889.0917607,52.37468671,9593.997076,,,
2025-11-01,influencer,brand partner/ambassador (+10k),hunter patrick/dumpire junk removal,,,,4,1,198,,,
2025-11-01,influencer,ambassador,jaren powell/near me mobile detailing,,,,1,0,0,,,
2025-11-01,influencer,brand partner/ambassador (+10k),jacob moreno / super clean bins,,,,1,0,0,,,
2025-11-01,influencer,general,,,,,45,3,199.97,,,
2025-11-01,partner program,integrations,zapier,,,,2.320605897,1.428298205,142.0843482,,,
2025-11-01,influencer,brand partner/ambassador (+10k),tyler hinton/xpress mobile window tint/xpresstint,,,,1,0,0,,,
2025-11-01,influencer,ambassador,stevenj120volts/steven ravesi,,,,1,0,0,,,
2025-11-01,influencer,ambassador,josh vinciguerra/vinci's mow and snow/jash cv,,,,1,0,0,,,
2025-11-01,sem - branded,bing,,,,,372.2302994,154.9747059,23247.48086,,,
2025-11-01,influencer,brand partner/ambassador (+10k),nick sanborn / sanborn construction,,,,1,0,0,,,
2025-11-01,influencer,business brand partner,logan sendle/blue collar business accelerator/bcba,,,,1,0,0,,,
2025-11-01,influencer,brand partner/ambassador (+10k),chant's daily hustle,,,,1,0,0,,,
2025-11-01,programmatic,the trade desk,ttd - remarketing,,,,2,1,169,,,
2025-11-01,influencer,brand partner/ambassador (+10k),the lawnmower boys/lmb landscaping/lmb_landscaping,,,,3,0,0,,,
2025-11-01,influencer,business brand partner,dave moerman/revive washing/home service business coach,,,,1,1,228,,,
2025-11-01,influencer,brand partner/ambassador (+10k),jon dawson / texas luxury cleaning,,,,3,1,278,,,
2025-11-01,app marketing - paid,smadex,,,,,6,0,0,,,
2025-11-01,influencer,alumni partner,alyssa's cleaning company/alyssa,,,,0,1,119,,,
2025-11-01,influencer,business brand partner,aaron wilton-jones / autoclean academy,,,,2,0,0,,,
2025-11-01,events,virtual,jobber now,,,,14.60313817,15.58273108,3514.434573,,,
2025-11-01,app marketing - paid,google uac,,,,,3562,82,7142.53,,,
2025-11-01,influencer,ambassador,mainstream landscaping/edward simpson,,,,1,1,199,,,
2025-11-01,events,tradeshows,,,,,0,1,428,,,
2025-11-01,programmatic,the trade desk,prospecting - tv,,,,45,6,962,,,
2025-11-01,influencer,brand partner/ambassador (+10k),walter washington/ww hvac,,,,1,1,39.99,,,
2025-11-01,sem - competitors,google,,,,,125.5520337,23.2687004,4199.404395,,,
2025-11-01,organic search,,,,,,4994.578522,1048.96876,180556.3136,,,
2025-11-01,influencer,brand partner/ambassador (+10k),erica krupin/kroopin poopin scoopin,,,,0,2,368,,,
2025-11-01,influencer,brand partner/ambassador (+10k),blue collar licensing/luis gonzalez,,,,9,0,0,,,
2025-11-01,app marketing - experimental,jampp,,,,,3,0,0,,,
2025-11-01,sem - generic,google,,,,,1227.671132,101.5359609,15706.31143,,,
2025-11-01,influencer,brand partner/ambassador (+10k),shane goswick / lawn and light / lawn & light,,,,1,0,0,,,
2025-11-01,influencer,brand partner/ambassador (+10k),randy roblero/detailing beyond limits/beyond limits of palm beach,,,,1,0,0,,,
2025-11-01,programmatic,mntn,,,,,506.6379711,127.8287459,20961.2982,,,
2025-11-01,influencer,brand partner/ambassador (+10k),raphael simon / simon electric,,,,1,0,0,,,
2025-11-01,influencer,macro brand partner (+1m),dustin stelzer / electrician u,,,,7,0,0,,,
2025-11-01,direct/unknown,direct,,,,,216.2263385,11.34795332,1086.884386,,,
2025-11-01,influencer,business brand partner,trevor cowley / real business owners / real business owners podcast,,,,1,0,0,,,
2025-11-01,influencer,ambassador,jumper guy/raul hernandez,,,,6,1,198,,,
2025-11-01,influencer,brand partner/ambassador (+10k),john seaman/jc property professionals/jcp properties/jcp,,,,8,1,39.99,,,
2025-11-01,influencer,"influencer (+10k, not sp)",mike swezey/the handyman business,,,,0,1,39,,,
2025-11-01,influencer,brand partner/ambassador (+10k),ray duke/bulletproof handyman,,,,6,4.25,355.9975,,,
2025-11-01,programmatic,mntn,prospecting - audience match,,,,105,14,2002,,,
2025-11-01,influencer,ambassador,steve-o/steven richardson,,,,0,1,199,,,
2025-11-01,influencer,ambassador,,,,,0,0.5,64.5,,,
2025-11-01,programmatic,the trade desk,prospecting - olv,,,,6,0,0,,,
2025-11-01,dynamic search ads,google,,,,,0,2,388,,,
2025-11-01,affiliate program,partnerstack,,,,,52.04332435,11.38856245,1943.136066,,,
2025-11-01,partner program,integrations,companycam,,,,1.71494709,1.409098229,365.2938003,,,
2025-11-01,word of mouth,organic wom referrals,,,,,1,0,0,,,
2025-11-01,app marketing - paid,,,,,,12,0,0,,,
2025-11-01,sem - generic,bing,,,,,603.1093386,41.08047819,6263.791347,,,
2025-11-01,social media,instagram,organic,,,,83.02404606,7.058628324,1189.80068,,,
2025-11-01,programmatic,mntn,prospecting,,,,744.2527444,129.9678777,20043.39072,,,
2025-11-01,partner program,integrations,intuit,,,,2.01492158,0.796667612,253.0673426,,,
2025-11-01,events,virtual,jobber summit,,,,15.13003117,0.106717163,14.35991973,,,
2025-11-01,partner program,channel (franchises),the patch boys,,,,1,1,149,,,
2025-11-01,events,paid social events,,,,,0.5,0,0,,,
2025-11-01,directories,getapp,paid,,,,0.25,2,367,,,
2025-11-01,directories,g2,paid,,,,3.5,1.428571429,541.4285714,,,
2025-11-01,app marketing - paid,moloco,,,,,4,1,39.99,,,
2025-11-01,performance max,,,,,,0.526326171,1.664073213,541.3358035,,,
2025-11-01,influencer,brand partner/ambassador (+10k),glen c/glen cuevas/glen c landscaping,,,,32,2,556,,,
2025-11-01,programmatic,,,,,,4,0,0,,,
2025-11-01,influencer,macro brand partner (+1m),jeff thorman/home renovision diy/home renovision,,,,11.33333333,0,0,,,
2025-11-01,influencer,macro brand partner (+1m),chase stetson/that lawn dude,,,,22.10409066,1.051851852,136.0962963,,,
2025-11-01,influencer,brand partner/ambassador (+10k),ji mobile mechanics/jacob ireland,,,,1,0,0,,,
2025-11-01,influencer,brand partner/ambassador (+10k),nolan hope/hope detailing,,,,1,0,0,,,
2025-11-01,social media,facebook,always-on,,,,244.5149684,27.22132337,4053.711382,,,
2025-11-01,influencer,brand partner/ambassador (+10k),zeb lopata / enjay improvements / general enjay,,,,4,0,0,,,
2025-11-01,partner program,integrations,stripe,,,,24.95935863,23.7748854,6769.878782,,,
2025-11-01,influencer,ambassador,dominic rosales/poor pumper society,,,,1,0,0,,,
2025-11-01,partner program,channel (all others),,,,,1,1,39,,,
2025-11-01,influencer,brand partner/ambassador (+10k),maigan dowell / do well cleaning,,,,1,0,0,,,
2025-11-01,partner program,integrations,thumbtack,,,,1,0,0,,,
2025-11-01,sem - franchise,google,paid,,,,18.55564415,11.06071166,2056.873634,,,
2025-11-01,influencer,brand partner/ambassador (+10k),casey evertsen/bin blasters,,,,3,0,0,,,
2025-11-01,partner program,channel (referrals),,,,,1,1,208,,,
2025-11-01,influencer,ambassador,michaels paving/michael stanley,,,,1,1,158,,,
2025-11-01,freemium paid,bing,paid,,,,63,5,315.99,,,
2025-11-01,influencer,brand partner/ambassador (+10k),keven bermeo / pressure washing plays,,,,1,0,0,,,
2025-11-01,organic search,jobber academy,,,,,3,1,39,,,
2025-11-01,influencer,brand partner/ambassador (+10k),roy thomas/pro era plumbing,,,,1,0,0,,,
2025-11-01,influencer,brand partner/ambassador (+10k),zech osburn/z's exterior services/biz boosters,,,,5.5,0,0,,,
2025-11-01,organic search,ai search,chatgpt,,,,85.78503368,45.67125266,10334.42711,,,
2025-11-01,influencer,brand partner/ambassador (+10k),eric gonzalez / castillos landscaping,,,,2,1,198,,,
2025-11-01,organic search,ai search,claude,,,,2.516666667,0.015384615,4.723076923,,,
2025-11-01,influencer,brand partner/ambassador (+10k),chase gallagher/cmg landscape/service pro elite,,,,2,0,0,,,
2025-11-01,directories,mvf,paid,,,,0.25,0,0,,,
2025-11-01,social media,facebook,remarketing,,,,55.3,4.366666667,1426.766667,,,
2025-11-01,programmatic,the trade desk,prospecting - display,,,,76,7,1551,,,
2025-11-01,partner program,channel (franchises),fibrenew,,,,6,6,354,,,
2025-11-01,partner program,integrations,,,,,1.833333333,0.33402826,199.853602,,,
2025-11-01,partner program,integrations,responsibid,,,,0.4,0,0,,,
2025-11-01,youtube,trueview,remarketing,,,,0,0.142857143,24.14285714,,,
2025-11-01,advertising,online/general,,,,,13,2,258,,,
2025-11-01,influencer,ambassador,g&m outdoor services llc / garrett williams,,,,1,0,0,,,
2025-11-01,partner program,channel (franchises),76 fence,,,,2,0,0,,,
2025-11-01,influencer,brand partner/ambassador (+10k),oscar gil/detail groove,,,,21,2,78.99,,,
2025-11-01,experimental,tiktok,organic,,,,8,0,0,,,
2025-11-01,app marketing - paid,apple search ads,,,,,2938,126,12378.24,,,
2025-11-01,experimental,facebook,fb lead gen ebook,,,,3,2,238.99,,,
2025-11-01,app marketing - organic,organic,ios,,,,6667.025641,170,13465.34,,,
2025-11-01,youtube,paid,,,,,7,0,0,,,
2025-11-01,social media,facebook,paid,,,,266.2777778,23.11111111,3130.642222,,,
2025-11-01,freemium paid,bing,paid,,,,689.6475254,14.64384891,1715.335206,,,
2025-11-01,social media,linkedin,organic,,,,18.53067152,0.018766756,5.217158177,,,
2025-11-01,influencer,macro brand partner (+1m),sarah mcallister / gocleanco,,,,8,0,0,,,
2025-11-01,sem - branded,google,,,,,1799.760976,454.1988562,73582.32437,,,
2025-11-01,direct/unknown,online/general,,,,,1,0,0,,,
2025-11-01,referrals,customer referral program,,,,,98.44639349,59.45468545,8720.158198,,,
2025-11-01,influencer,ambassador,codie sanchez/contrarian thinking,,,,2,0,0,,,
2025-11-01,freemium paid,facebook,,,,,29.15,1.333333333,242,,,
2025-11-01,influencer,brand partner/ambassador (+10k),keisha garcia/digital cleaning academy,,,,1,0,0,,,
2025-11-01,freemium organic,,,,,,134,6,365.98,,,
2025-11-01,app marketing - paid,smadex,ios,,,,1299,81,7972.48,,,
2025-11-01,directories,software advice,ppl,,,,3,4,1134,,,
2025-11-01,programmatic,the trade desk,prospecting - audio,,,,27,3,916,,,
2025-11-01,influencer,brand partner/ambassador (+10k),keith kalfas,,,,20.62380952,7.023809524,1374.182857,,,
2025-11-01,sem - generic,google,paid,,,,0,1,89,,,
2025-11-01,influencer,"influencer (+10k, not sp)",kory ballard/ballard inc,,,,1,0,0,,,
2025-11-01,advertising,radio,general,,,,6,0,0,,,
2025-11-01,sem - franchise,bing,paid,,,,3.7,1.2,344.1,,,
2025-11-01,social media,linkedin,,,,,4,0,0,,,
2025-11-01,app marketing - paid,tiktok,,,,,4830,52,3880.61,,,
2025-11-01,partner program,integrations,nicejob,,,,1.035714286,0.038940092,7.394239631,,,
2025-11-01,word of mouth,organic wom referrals,general,,,,109,19,2199,,,
2025-11-01,outbound,,,,,,2,1,278,,,
2025-11-01,partner program,channel (resellers),verizon,,,,2,3,248,,,
2025-11-01,social media,instagram,paid,,,,6,1,198,,,
2025-11-01,freemium paid,google,paid,,,,296,15,2190.75,,,
2025-10-01,influencer,general,,,,,34,1,39,,,
2025-10-01,organic search,ai search,chatgpt,,,,148.6181054,87.27547281,21350.15206,,,
2025-10-01,influencer,brand partner/ambassador (+10k),zech osburn/z's exterior services/biz boosters,,,,2,0,0,,,
2025-10-01,organic search,ai search,claude,,,,0.265384615,0,0,,,
2025-10-01,influencer,brand partner/ambassador (+10k),tom purcell/purcell's pro detail,,,,2,0,0,,,
2025-10-01,direct/unknown,,,,,,1076.882341,51.64530442,8722.40268,,,
2025-10-01,influencer,brand partner/ambassador (+10k),diamond and drake/drake lawn care,,,,1,0,0,,,
2025-10-01,direct/unknown,organic,ios,,,,1,0,0,,,
2025-10-01,influencer,brand partner/ambassador (+10k),chase gallagher/cmg landscape/service pro elite,,,,1,0,0,,,
2025-10-01,programmatic,the trade desk,prospecting - display,,,,31,7,1332.99,,,
2025-10-01,influencer,alumni partner,the epoxy pros/daniel george,,,,0,1,448,,,
2025-10-01,programmatic,mntn,,,,,581.3232287,141.5262369,21367.86601,,,
2025-10-01,advertising,radio,general,,,,19,0,0,,,
2025-10-01,programmatic,the trade desk,ttd - remarketing,,,,1,0,0,,,
2025-10-01,social media,facebook,remarketing,,,,86.71923077,2.5,474.5,,,
2025-10-01,partner program,integrations,,,,,1.167361594,3.023594698,355.7182281,,,
2025-10-01,advertising,online/general,,,,,6,1,119,,,
2025-10-01,influencer,brand partner/ambassador (+10k),keith kalfas,,,,11.25,2,298,,,
2025-10-01,influencer,brand partner/ambassador (+10k),john seaman/jc property professionals/jcp properties/jcp,,,,13,3,277.99,,,
2025-10-01,influencer,brand partner/ambassador (+10k),tom maggs/maggs lawn/maggs lawn and landscape,,,,1,0,0,,,
2025-10-01,partner program,channel (referrals),other,,,,1,0,0,,,
2025-10-01,influencer,ambassador,codie sanchez/contrarian thinking,,,,1,0,0,,,
2025-10-01,direct/unknown,direct,,,,,242.1564389,7.818357514,1524.840055,,,
2025-10-01,influencer,brand partner/ambassador (+10k),kirk mckinney / jacob mckinney / junk teens llc / junk teens junk removal,,,,2,0,0,,,
2025-10-01,partner program,integrations,responsibid,,,,0.12,0.12,30.84,,,
2025-10-01,influencer,business brand partner,anatoly nazarov / digamark llc / average bro aesthetic,,,,1,0,0,,,
2025-10-01,influencer,brand partner/ambassador (+10k),roy thomas/pro era plumbing,,,,2,0,0,,,
2025-10-01,influencer,brand partner/ambassador (+10k),ray duke/bulletproof handyman,,,,3,4,236,,,
2025-10-01,sem - generic,google,,,,,1330.626528,112.2186398,14841.41822,,,
2025-10-01,influencer,business brand partner,logan sendle/blue collar business accelerator/bcba,,,,1,0,0,,,
2025-10-01,influencer,brand partner/ambassador (+10k),erica krupin/kroopin poopin scoopin,,,,1,0,0,,,
2025-10-01,influencer,brand partner/ambassador (+10k),jacob palmer / palmer electrical,,,,3,0,0,,,
2025-10-01,experimental,tiktok,organic,,,,3.5,0,0,,,
2025-10-01,directories,g2,paid,,,,7.178571429,0,0,,,
2025-10-01,programmatic,mntn,prospecting - audience match,,,,86,12,3087.99,,,
2025-10-01,influencer,brand partner/ambassador (+10k),the lawnmower boys/lmb landscaping/lmb_landscaping,,,,1,0,0,,,
2025-10-01,experimental,facebook,fb lead gen ebook,,,,2,0,0,,,
2025-10-01,performance max,,,,,,0.18070881,1.11620146,449.9459658,,,
2025-10-01,programmatic,the trade desk,prospecting - olv,,,,3,1,169,,,
2025-10-01,app marketing - paid,smadex,,,,,61,0,0,,,
2025-10-01,app marketing - paid,smadex,ios,,,,1725,84,5772.46,,,
2025-10-01,programmatic,,,,,,3,0,0,,,
2025-10-01,social media,facebook,organic,,,,351.45,28.66666667,5020.243333,,,
2025-10-01,programmatic,the trade desk,lal - tv,,,,3,1,278,,,
2025-10-01,youtube,paid,,,,,9,1,39,,,
2025-10-01,social media,twitter,,,,,1,0,0,,,
2025-10-01,partner program,integrations,square/block,,,,1.083333333,0.083333333,25.58333333,,,
2025-10-01,events,virtual,jobber blueprint,,,,0.545899376,0.499015443,121.543517,,,
2025-10-01,freemium paid,bing,paid,,,,859.6183473,18.18831169,989.9150649,,,
2025-10-01,partner program,channel (referrals),,,,,1,3,725,,,
2025-10-01,affiliate program,,,,,,1,1,39,,,
2025-10-01,directories,getapp,paid,,,,0.25,2.25,213,,,
2025-10-01,youtube,demand gen,remarketing,,,,8.538095238,1.266666667,170.7333333,,,
2025-10-01,influencer,macro brand partner (+1m),sarah mcallister / gocleanco,,,,15,0,0,,,
2025-10-01,partner program,integrations,nicejob,,,,1.719530461,1.716304655,214.5380819,,,
2025-10-01,youtube,trueview,remarketing,,,,0.528178244,0.051987768,2.027522936,,,
2025-10-01,influencer,brand partner/ambassador (+10k),oscar gil/detail groove,,,,15.83333333,2,78.99,,,
2025-10-01,partner program,channel (franchises),screenmobile,,,,1,0,0,,,
2025-10-01,directories,other,,,,,9,0,0,,,
2025-10-01,influencer,brand partner/ambassador (+10k),trey bohannan/trey bodirt,,,,2,0,0,,,
2025-10-01,influencer,brand partner/ambassador (+10k),ryaan tuttle/best handyman boston/rjt,,,,0.06036036,1.06036036,284.4645946,,,
2025-10-01,directories,software advice,ppl,,,,2,0,0,,,
2025-10-01,influencer,brand partner/ambassador (+10k),eric gonzalez / castillos landscaping,,,,1,0,0,,,
2025-10-01,influencer,brand partner/ambassador (+10k),tyler link/contractor ceo/concrete launch secrets,,,,1,0,0,,,
2025-10-01,app marketing - paid,tiktok,,,,,5540,71,4547.49,,,
2025-10-01,influencer,brand partner/ambassador (+10k),cameron vogelsang/tennessee electrician,,,,1,0,0,,,
2025-10-01,influencer,nano brand partner/ambassador (<10k),mark cordova / m3 finish detailing / m3 finish mobile detailing,,,,1,0,0,,,
2025-10-01,social media,linkedin,organic,,,,54.95292564,0.815076815,273.473513,,,
2025-10-01,social media,facebook,paid,,,,382.2291667,19.0875,1886.3625,,,
2025-10-01,influencer,brand partner/ambassador (+10k),glen c/glen cuevas/glen c landscaping,,,,14,1,39.99,,,
2025-10-01,influencer,brand partner/ambassador (+10k),daniel stewart/liquid green hydroseeding,,,,3,0,0,,,
2025-10-01,partner program,integrations,companycam,,,,1.214737677,0.671273625,175.8080927,,,
2025-10-01,influencer,brand partner/ambassador (+10k),daryl baker / the finisher / daryl the finisher,,,,1,0,0,,,
2025-10-01,influencer,macro brand partner (+1m),jeff thorman/home renovision diy/home renovision,,,,12,0,0,,,
2025-10-01,sem - branded,google,,,,,1767.920241,498.2537613,79777.92778,,,
2025-10-01,app marketing - paid,moloco,,,,,1,0,0,,,
2025-10-01,sem - franchise,bing,paid,,,,0.090909091,0,0,,,
2025-10-01,freemium paid,facebook,,,,,8.583333333,0,0,,,
2025-10-01,sem - generic,bing,,,,,617.5160647,48.95002553,6592.904032,,,
2025-10-01,sem - branded,bing,,,,,478.4155909,176.8084742,24150.55517,,,
2025-10-01,social media,facebook,always-on,,,,268.8193353,14.16933527,2019.024128,,,
2025-10-01,referrals,customer referral program,,,,,124.1935802,56.26316808,8936.744939,,,
2025-10-01,partner program,integrations,stripe,,,,54.09002297,50.88771912,11928.60691,,,
2025-10-01,freemium paid,google,paid,,,,160,25,1493.91,,,
2025-10-01,partner program,integrations,intuit,,,,8.873246236,0.264543303,48.18366054,,,
2025-10-01,youtube,demand gen,prospecting,,,,357.7044251,16.54360016,2190.906658,,,
2025-10-01,partner program,integrations,thumbtack,,,,2.044047619,0.3,36.9,,,
2025-10-01,directories,g2,organic,,,,1,0,0,,,
2025-10-01,app marketing - paid,apple search ads,,,,,3443,135,11041.32,,,
2025-10-01,influencer,brand partner/ambassador (+10k),blue collar licensing/luis gonzalez,,,,9,0,0,,,
2025-10-01,sem - competitors,bing,,,,,15.93229167,6.532291667,879.9420833,,,
2025-10-01,influencer,macro brand partner (+1m),chase stetson/that lawn dude,,,,26.12658411,1.198225747,415.0272516,,,
2025-10-01,influencer,brand partner/ambassador (+10k),skyler lane / realskylane / junk success,,,,3,0,0,,,
2025-10-01,influencer,brand partner/ambassador (+10k),jeff guldalian/ the 360 electrician,,,,9,0,0,,,
2025-10-01,partner program,channel (franchises),,,,,6,5,1215.29,,,
2025-10-01,influencer,brand partner/ambassador (+10k),hunter patrick/dumpire junk removal,,,,2,1,278,,,
2025-10-01,partner program,channel (franchises),next day access,,,,1,1,170,,,
2025-10-01,influencer,brand partner/ambassador (+10k),kevin martinez / ksparky / k electric solutions,,,,1,0,0,,,
2025-10-01,sem - franchise,google,paid,,,,13.03650337,10.62957444,1455.337514,,,
2025-10-01,influencer,brand partner/ambassador (+10k),jason geiman / christmas lights / christmaslights.io,,,,3,0,0,,,
2025-10-01,app marketing - organic,organic,ios,,,,7924.019608,177.0196078,14997.58471,,,
2025-10-01,influencer,brand partner/ambassador (+10k),shane goswick / lawn and light / lawn & light,,,,2,0,0,,,
2025-10-01,programmatic,the trade desk,lal - audio,,,,1,0,0,,,
2025-10-01,partner program,integrations,zapier,,,,4.862920902,2.420647072,268.8924562,,,
2025-10-01,freemium paid,bing,paid,,,,52,4,157.98,,,
2025-10-01,app marketing - experimental,meta apps,ios,,,,16,1,39.99,,,
2025-10-01,influencer,brand partner/ambassador (+10k),jacqueline and tanner hurst/jt junk solutions,,,,43.50909091,0.009090909,0.363545455,,,
2025-10-01,directories,capterra,paid,,,,2.071428571,1.166666667,434.5,,,
2025-10-01,influencer,ambassador,jaren powell/near me mobile detailing,,,,1,0,0,,,
2025-10-01,influencer,ambassador,austin davis,,,,1,0,0,,,
2025-10-01,direct/unknown,organic,android,,,,1,1,169,,,
2025-10-01,influencer,brand partner/ambassador (+10k),jacob moreno / super clean bins,,,,1,0,0,,,
2025-10-01,freemium paid,google,paid,,,,3280.749317,59.9695592,6972.949544,,,
2025-10-01,influencer,business brand partner,aaron wilton-jones / autoclean academy,,,,3,0,0,,,
2025-10-01,freemium organic,,,,,,124,6,1393.99,,,
2025-10-01,influencer,brand partner/ambassador (+10k),jon dawson / texas luxury cleaning,,,,0,1,39.99,,,
2025-10-01,programmatic,the trade desk,prospecting - audio,,,,15,2,388,,,
2025-10-01,social media,,,,,,182,10,714.93,,,
2025-10-01,events,virtual,jobber now,,,,33.30202291,25.13523976,5899.720602,,,
2025-10-01,youtube,organic,,,,,325.0803317,46.28337056,4961.011255,,,
2025-10-01,events,tradeshows,,,,,7,5,1843,,,
2025-10-01,sem - competitors,google,,,,,164.8593449,25.42910178,3960.630112,,,
2025-10-01,organic search,,,,,,6175.627917,1182.732476,201637.2052,,,
2025-10-01,influencer,brand partner/ambassador (+10k),antonio pagan – all things fresh detail,,,,1,0,0,,,
2025-10-01,app marketing - paid,,,,,,9,0,0,,,
2025-10-01,influencer,"influencer (+10k, not sp)",mike swezey/the handyman business,,,,3.25,1,39.99,,,
2025-10-01,programmatic,the trade desk,prospecting - tv,,,,21,1,198,,,
2025-10-01,influencer,brand partner/ambassador (+10k),timmy riggs / streakers window cleaning,,,,1,0,0,,,
2025-10-01,influencer,macro brand partner (+1m),dustin stelzer / electrician u,,,,21,0,0,,,
2025-10-01,influencer,brand partner/ambassador (+10k),jason ambro/ambro's landscaping,,,,1,0,0,,,
2025-10-01,influencer,brand partner/ambassador (+10k),sadi ingallina/ash tree enterprises,,,,1,0,0,,,
2025-10-01,word of mouth,organic wom referrals,general,,,,112,19,3086,,,
2025-10-01,influencer,brand partner/ambassador (+10k),harry harvey / garage style,,,,1,0,0,,,
2025-10-01,app marketing - organic,organic,android,,,,1534,28,1589.39,,,
2025-10-01,influencer,ambassador,annie jones / annie cleans / annie cleans by lamplight,,,,2,0,0,,,
2025-10-01,app marketing - organic,organic,,,,,2,0,0,,,
2025-10-01,influencer,brand partner/ambassador (+10k),randy roblero/detailing beyond limits/beyond limits of palm beach,,,,2,0,0,,,
2025-10-01,programmatic,mntn,prospecting,,,,1140.610974,179.0872451,28578.69434,,,
2025-10-01,social media,instagram,organic,,,,71.96378992,2.903809142,409.2151668,,,
2025-10-01,affiliate program,commission junction,,,,,68.21002515,12.00868347,1445.427419,,,
2025-10-01,advertising,radio,sirius,,,,1,0,0,,,
2025-10-01,organic search,ai search,perplexity,,,,9.675,0,0,,,
2025-10-01,partner program,integrations,sendjim,,,,0,0.111111111,18.77777778,,,
2025-10-01,youtube,trueview,prospecting,,,,2.907899097,2.770897868,484.063715,,,
2025-10-01,events,virtual,jobber summit,,,,18.99091319,2.60166247,541.1621722,,,
2025-10-01,app marketing - paid,google uac,,,,,5191,75,4477.26,,,
2025-10-01,affiliate program,partnerstack,,,,,42.70143496,19.94980775,2258.145806,,,
2025-10-01,social media,linkedin,,,,,3,0,0,,,
2025-10-01,events,paid social events,,,,,0.25,0,0,,,
2025-10-01,social media,instagram,paid,,,,9,1,39,,,
2025-09-01,youtube,demand gen,remarketing,,,,20.83333333,0,0,,,
2025-09-01,influencer,brand partner/ambassador (+10k),zech osburn/z's exterior services/biz boosters,,,,2,0,0,,,
2025-09-01,app marketing - organic,organic,,,,,1,0,0,,,
2025-09-01,influencer,brand partner/ambassador (+10k),harry burgos / cnb renovations,,,,1,0,0,,,
2025-09-01,programmatic,mntn,prospecting - audience match,,,,76,9,1038.99,,,
2025-09-01,influencer,brand partner/ambassador (+10k),raylyn dunlap/dunlap cleaning services/the real hustle network,,,,1,0,0,,,
2025-09-01,influencer,macro brand partner (+1m),dustin stelzer / electrician u,,,,10,0,0,,,
2025-09-01,directories,mvf,paid,,,,3.222222222,0.222222222,19.77777778,,,
2025-09-01,influencer,brand partner/ambassador (+10k),hunter patrick/dumpire junk removal,,,,5,0,0,,,
2025-09-01,partner program,integrations,,,,,7.557004609,6.193381098,738.2471827,,,
2025-09-01,influencer,nano brand partner/ambassador (<10k),cory byron/vancity electric,,,,1,1,89,,,
2025-09-01,advertising,radio,general,,,,17,1,39,,,
2025-09-01,influencer,ambassador,stevenj120volts/steven ravesi,,,,1,0,0,,,
2025-09-01,social media,linkedin,,,,,3,0,0,,,
2025-09-01,influencer,brand partner/ambassador (+10k),jeff kult / trusted electric,,,,1,0,0,,,
2025-09-01,partner program,channel (referrals),savvy jobz,,,,0,0.011904762,3.55952381,,,
2025-09-01,influencer,business brand partner,anatoly nazarov / digamark llc / average bro aesthetic,,,,1,0,0,,,
2025-09-01,experimental,facebook,fb lead gen ebook,,,,2,0,0,,,
2025-09-01,influencer,alumni partner,alyssa's cleaning company/alyssa,,,,0.011494253,0,0,,,
2025-09-01,influencer,"influencer (+10k, not sp)",mike swezey/the handyman business,,,,2,1,39,,,
2025-09-01,organic search,ai search,chatgpt,,,,140.3834009,97.09996959,22141.23502,,,
2025-09-01,youtube,organic,,,,,303.7945865,39.24413076,3625.469479,,,
2025-09-01,influencer,brand partner/ambassador (+10k),jessica bannister,,,,0.011494253,0,0,,,
2025-09-01,influencer,brand partner/ambassador (+10k),john seaman/jc property professionals/jcp properties/jcp,,,,7,2,447,,,
2025-09-01,freemium paid,google,paid,,,,2655.883147,50.12838208,3869.648324,,,
2025-09-01,direct/unknown,direct,,,,,255.8347108,15.12590444,2199.768309,,,
2025-09-01,social media,instagram,organic,,,,63.59308954,8.356350055,729.7058621,,,
2025-09-01,influencer,brand partner/ambassador (+10k),connor maendel / maendel construction llc,,,,8,0,0,,,
2025-09-01,influencer,brand partner/ambassador (+10k),erica krupin/kroopin poopin scoopin,,,,3.261494253,0.00154321,0.429012346,,,
2025-09-01,influencer,brand partner/ambassador (+10k),david rus / daves auto detail,,,,1,0,0,,,
2025-09-01,organic search,ai search,claude,,,,0.446969697,0.363636364,14.18181818,,,
2025-09-01,influencer,alumni partner,gary mccreadie/hvac know it all,,,,0.011494253,0,0,,,
2025-09-01,influencer,brand partner/ambassador (+10k),jacob palmer / palmer electrical,,,,1,0,0,,,
2025-09-01,sem - franchise,bing,paid,,,,0.5,0.5,84.5,,,
2025-09-01,directories,other,paid,,,,1,0,0,,,
2025-09-01,influencer,brand partner/ambassador (+10k),roger scheck / roger scheck construction,,,,1,0,0,,,
2025-09-01,influencer,brand partner/ambassador (+10k),garrett davis/underwood & davis/gw custom decks,,,,1,1,108.41,,,
2025-09-01,programmatic,mntn,prospecting,,,,924.5396774,143.8242262,19662.99492,,,
2025-09-01,sem - competitors,bing,,,,,40.60240374,8.230975165,1178.827264,,,
2025-09-01,programmatic,the trade desk,prospecting - tv,,,,40,0,0,,,
2025-09-01,influencer,brand partner/ambassador (+10k),trey bohannan/trey bodirt,,,,1,1,39.99,,,
2025-09-01,word of mouth,organic wom referrals,general,,,,99,20,2047.99,,,
2025-09-01,influencer,brand partner/ambassador (+10k),mary-anne bowcott/the lady plumber/westcom plumbing,,,,0.011494253,0,0,,,
2025-09-01,social media,facebook,always-on,,,,229.5676741,8.797435989,900.0140317,,,
2025-09-01,influencer,alumni partner,nick glassett/let's get lit,,,,1,0,0,,,
2025-09-01,social media,facebook,organic,,,,263.6597701,28.5,3361.35,,,
2025-09-01,influencer,brand partner/ambassador (+10k),tom purcell/purcell's pro detail,,,,1,0,0,,,
2025-09-01,partner program,integrations,companycam,,,,0.389033599,0.358688127,79.98409262,,,
2025-09-01,influencer,brand partner/ambassador (+10k),bryan vincent / vip maintenance / bryyan vincent,,,,1,0,0,,,
2025-09-01,partner program,channel (franchises),chefs for seniors,,,,1,0,0,,,
2025-09-01,advertising,pr,general,,,,1,0,0,,,
2025-09-01,partner program,integrations,intuit,,,,8.188206535,1.638754027,301.5683334,,,
2025-09-01,app marketing - paid,tiktok,,,,,5000,60,2729.6,,,
2025-09-01,freemium paid,google,paid,,,,249,26,2583.97,,,
2025-09-01,sem - generic,google,,,,,1525.864053,93.71097442,12036.19983,,,
2025-09-01,social media,linkedin,paid,,,,0.011494253,0,0,,,
2025-09-01,programmatic,mntn,,,,,551.9881689,134.4623885,20094.87307,,,
2025-09-01,programmatic,the trade desk,lal - tv,,,,3,0,0,,,
2025-09-01,affiliate program,commission junction,,,,,49.57954592,12.07427526,2061.399264,,,
2025-09-01,social media,facebook,international,,,,1,0,0,,,
2025-09-01,events,tradeshows,arcsi,,,,0.598930481,0,0,,,
2025-09-01,events,paid social events,,,,,1.088041603,0.023255814,0.906976744,,,
2025-09-01,youtube,demand gen,prospecting,,,,904.4584644,13.52529655,2134.229081,,,
2025-09-01,organic search,jobber academy,,,,,1.053558844,0.023255814,0.906976744,,,
2025-09-01,events,virtual,jobber summit,,,,6.895853726,3.637355432,545.5445027,,,
2025-09-01,youtube,paid,,,,,11,1,39.99,,,
2025-09-01,influencer,brand partner/ambassador (+10k),jacqueline and tanner hurst/jt junk solutions,,,,39.51149425,4,474.99,,,
2025-09-01,youtube,trueview,remarketing,,,,1,0,0,,,
2025-09-01,directories,capterra,paid,,,,1.689655172,3.666666667,574.6666667,,,
2025-09-01,influencer,brand partner/ambassador (+10k),chase gallagher/cmg landscape/service pro elite,,,,2.5,0,0,,,
2025-09-01,directories,other,,,,,2,0,0,,,
2025-09-01,partner program,channel (franchises),,,,,6,0,0,,,
2025-09-01,influencer,nano brand partner/ambassador (<10k),matthew hernandez/hvacmagicmatt,,,,1,0,0,,,
2025-09-01,influencer,brand partner/ambassador (+10k),lee farrington / pinpoint carpentry,,,,1,0,0,,,
2025-09-01,partner program,channel (all others),,,,,1,0,0,,,
2025-09-01,influencer,brand partner/ambassador (+10k),roy thomas/pro era plumbing,,,,1,0,0,,,
2025-09-01,influencer,brand partner/ambassador (+10k),ray duke/bulletproof handyman,,,,4.5,2.5,167.5,,,
2025-09-01,partner program,integrations,responsibid,,,,0.003649635,0.008527684,2.626170554,,,
2025-09-01,influencer,brand partner/ambassador (+10k),cameron vogelsang/tennessee electrician,,,,0.011494253,0,0,,,
2025-09-01,influencer,brand partner/ambassador (+10k),johan labrana/johan's junk removal,,,,1,0,0,,,
2025-09-01,influencer,general,,,,,25,0,0,,,
2025-09-01,influencer,brand partner/ambassador (+10k),tyler westfall,,,,0.011494253,0,0,,,
2025-09-01,influencer,business brand partner,mark stetlock/finance unfolded/financeunfolded,,,,1,0,0,,,
2025-09-01,influencer,brand partner/ambassador (+10k),ji mobile mechanics/jacob ireland,,,,1,0,0,,,
2025-09-01,social media,facebook,remarketing,,,,58.13689218,2.356589147,268.0736434,,,
2025-09-01,social media,linkedin,organic,,,,7.179271907,0.441500358,215.3242537,,,
2025-09-01,direct/unknown,online/general,,,,,1,0,0,,,
2025-09-01,events,virtual,jobber now,,,,160.4728567,50.53956399,7488.517196,,,
2025-09-01,advertising,radio,sirius,,,,1,0,0,,,
2025-09-01,influencer,brand partner/ambassador (+10k),ryaan tuttle/best handyman boston/rjt,,,,2,1,39,,,
2025-09-01,partner program,integrations,thumbtack,,,,1.773543689,0.148543689,21.56019417,,,
2025-09-01,influencer,alumni partner,the epoxy pros/daniel george,,,,1,0,0,,,
2025-09-01,partner program,integrations,square/block,,,,0.053558844,0.023255814,0.906976744,,,
2025-09-01,influencer,brand partner/ambassador (+10k),casey evertsen/bin blasters,,,,0.011494253,0,0,,,
2025-09-01,partner program,integrations,nicejob,,,,0.035714286,0,0,,,
2025-09-01,experimental,tiktok,paid,,,,1,0,0,,,
2025-09-01,experimental,facebook - lead gen,paid - evergreen webinar,,,,0.390804598,0,0,,,
2025-09-01,organic search,ai search,perplexity,,,,8.953891051,1.003891051,41.3307393,,,
2025-09-01,referrals,customer referral program,,,,,87.54657313,38.19190672,4812.397746,,,
2025-09-01,freemium paid,bing,paid,,,,673.5974977,11.21808598,493.8936949,,,
2025-09-01,app marketing - experimental,meta apps,ios,,,,1,0,0,,,
2025-09-01,directories,software advice,ppl,,,,1,0,0,,,
2025-09-01,organic search,support documentation,,,,,2,0,0,,,
2025-09-01,directories,getapp,paid,,,,0.5,0.5,19.5,,,
2025-09-01,organic search,reddit,,,,,0,1.142857143,186,,,
2025-09-01,influencer,ambassador,elizabeth williams/lemonade liz,,,,1,0,0,,,
2025-09-01,directories,g2,paid,,,,4,1,119,,,
2025-09-01,influencer,brand partner/ambassador (+10k),udetailers/ethan dang /hangar club,,,,1,0,0,,,
2025-09-01,influencer,macro brand partner (+1m),chase stetson/that lawn dude,,,,31.78497717,7.210623318,823.3871012,,,
2025-09-01,influencer,nano brand partner/ambassador (<10k),mark mcginty/ mcginty toman electric,,,,1.533333333,0,0,,,
2025-09-01,influencer,brand partner/ambassador (+10k),jeff guldalian/ the 360 electrician,,,,2,1,119.99,,,
2025-09-01,influencer,brand partner/ambassador (+10k),austin gray - ownr ops / ownr ops skool community / bear claw land services,,,,1,0,0,,,
2025-09-01,influencer,general,brian's lawn maintenance,,,,2,0,0,,,
2025-09-01,influencer,brand partner/ambassador (+10k),gabe jose cruz / drace detailing,,,,1,0,0,,,
2025-09-01,influencer,brand partner/ambassador (+10k),pablo serrano/black sheep/the black sheep lawn,,,,1,0,0,,,
2025-09-01,influencer,brand partner/ambassador (+10k),blake albertson/b&b lawn care/bblawncarekc,,,,1,0,0,,,
2025-09-01,sem - franchise,google,paid,,,,14.325598,11.32218087,2069.406107,,,
2025-09-01,app marketing - paid,google uac,,,,,6054,75,4968.71,,,
2025-09-01,app marketing - organic,,,,,,2,0,0,,,
2025-09-01,app marketing - paid,smadex,ios,,,,1797,94,6366.33,,,
2025-09-01,performance max,,,,,,0.146009755,0.691830985,166.0284866,,,
2025-09-01,app marketing - paid,moloco,,,,,3,0,0,,,
2025-09-01,programmatic,the trade desk,prospecting - audio,,,,17,1,428,,,
2025-09-01,partner program,integrations,stripe,,,,67.00155143,60.56743044,13441.41914,,,
2025-09-01,partner program,channel (franchises),fibrenew,,,,9,9,531,,,
2025-09-01,partner program,integrations,zapier,,,,4.033882711,1.796683,221.1295456,,,
2025-09-01,youtube,trueview,prospecting,,,,2.697264105,3.714921637,642.8563753,,,
2025-09-01,influencer,macro brand partner (+1m),jeff thorman/home renovision diy/home renovision,,,,7.022988506,1,39,,,
2025-09-01,freemium organic,,,,,,136,4,446.99,,,
2025-09-01,influencer,brand partner/ambassador (+10k),kevin watson/off the path with kevin/off the path,,,,1,0,0,,,
2025-09-01,influencer,brand partner/ambassador (+10k),keith kalfas,,,,8.775323276,3.338541667,344.6775,,,
2025-09-01,sem - branded,bing,,,,,493.283708,189.2311453,26797.0104,,,
2025-09-01,influencer,brand partner/ambassador (+10k),cody romer/cr carpentry & remodeling,,,,4,1,39.99,,,
2025-09-01,events,local events,,,,,1,0,0,,,
2025-09-01,influencer,ambassador,gian villafuerte / revibe auto detail,,,,1,1,39.99,,,
2025-09-01,direct/unknown,,,,,,982.1937219,38.8627978,6750.645532,,,
2025-09-01,influencer,brand partner/ambassador (+10k),dan holliday,,,,1,0,0,,,
2025-09-01,sem - competitors,google,,,,,206.9293218,25.64494736,4530.404604,,,
2025-09-01,influencer,brand partner/ambassador (+10k),jacob moreno / super clean bins,,,,2,0,0,,,
2025-09-01,app marketing - organic,organic,android,,,,1508,28,1487.84,,,
2025-09-01,influencer,ambassador,dominic rosales/poor pumper society,,,,1,0,0,,,
2025-09-01,programmatic,the trade desk,prospecting - display,,,,33,2,447,,,
2025-09-01,dynamic search ads,google,,,,,0,1,249,,,
2025-09-01,advertising,online/general,,,,,9,0,0,,,
2025-09-01,sem - generic,bing,,,,,868.794007,50.05246794,5959.32926,,,
2025-09-01,partner program,channel (referrals),bookeepers/consultants/agencies,,,,1,0,0,,,
2025-09-01,programmatic,,,,,,8,0,0,,,
2025-09-01,experimental,tiktok,organic,,,,14.50990099,0.00990099,0.881188119,,,
2025-09-01,social media,instagram,paid,,,,8,1,39.99,,,
2025-09-01,freemium paid,facebook,,,,,1.166666667,0,0,,,
2025-09-01,partner program,channel (resellers),verizon,,,,1,1,112,,,
2025-09-01,organic search,,,,,,6040.984535,1201.479316,203668.7801,,,
2025-09-01,partner program,channel (referrals),,,,,1,0,0,,,
2025-09-01,app marketing - experimental,jampp,,,,,2,2,208.99,,,
2025-09-01,app marketing - organic,organic,ios,,,,6279,176,12241.83,,,
2025-09-01,organic search,direct/other,,,,,0,1,39,,,
2025-09-01,influencer,brand partner/ambassador (+10k),oscar gil/detail groove,,,,13.02298851,1,118,,,
2025-09-01,app marketing - paid,smadex,,,,,4,0,0,,,
2025-09-01,influencer,nano brand partner/ambassador (<10k),luis lucena/lucena painting,,,,1,1,278,,,
2025-09-01,app marketing - paid,,,,,,6,0,0,,,
2025-09-01,direct/unknown,organic,android,,,,1,0,0,,,
2025-09-01,influencer,brand partner/ambassador (+10k),keven bermeo / pressure washing plays,,,,1,1,199,,,
2025-09-01,influencer,nano brand partner/ambassador (<10k),rosie selvaggio/hocus pocus cleaning,,,,1,0,0,,,
2025-09-01,influencer,brand partner/ambassador (+10k),randy roblero/detailing beyond limits/beyond limits of palm beach,,,,1,0,0,,,
2025-09-01,app marketing - paid,apple search ads,,,,,2939,135,8900.89,,,
2025-09-01,social media,facebook,paid,,,,283.9928161,19,2438.88,,,
2025-09-01,social media,,,,,,139,8,525.96,,,
2025-09-01,advertising,print,,,,,1,0,0,,,
2025-09-01,sem - branded,google,,,,,1659.790422,502.1537619,76640.66882,,,
2025-09-01,partner program,industry associations,,,,,1,0,0,,,
2025-09-01,freemium paid,bing,paid,,,,81,3,276,,,
2025-09-01,partner program,integrations,sendjim,,,,0.111111111,0,0,,,
2025-09-01,advertising,radio,denver,,,,1,0,0,,,
2025-09-01,programmatic,the trade desk,lal - audio,,,,2,1,119,,,
2025-09-01,affiliate program,partnerstack,,,,,53.62520258,13.87532538,1786.403313,,,
2025-09-01,events,virtual,jobber blueprint,,,,1.553971126,2.252431318,361.2245476,,,
2025-08-01,programmatic,mntn,,,,,694.6499037,159.243595,23855.00122,,,
2025-08-01,directories,capterra,paid,,,,1.638138138,3.111111111,680.2222222,,,
2025-08-01,youtube,demand gen,prospecting,,,,333.6012248,22.23228562,2520.268813,,,
2025-08-01,influencer,general,,,,,64,0,0,,,
2025-08-01,youtube,paid,,,,,8,0,0,,,
2025-08-01,influencer,business brand partner,aaron wilton-jones / autoclean academy,,,,3,0,0,,,
2025-08-01,directories,g2,organic,,,,0,1,39,,,
2025-08-01,social media,,,,,,144,9,674.94,,,
2025-08-01,direct/unknown,,,,,,886.1408457,34.79524375,7015.492283,,,
2025-08-01,advertising,online/general,,,,,1,0,0,,,
2025-08-01,influencer,brand partner/ambassador (+10k),jacob moreno / super clean bins,,,,4,0,0,,,
2025-08-01,sem - generic,google,,,,,1745.696887,101.3173634,11256.58606,,,
2025-08-01,influencer,brand partner/ambassador (+10k),huda saleh / spotless auto care,,,,2,0,0,,,
2025-08-01,programmatic,the trade desk,lal - tv,,,,10,2,237,,,
2025-08-01,influencer,brand partner/ambassador (+10k),erica krupin/kroopin poopin scoopin,,,,0.092452301,0,0,,,
2025-08-01,experimental,tiktok,paid,,,,1,0,0,,,
2025-08-01,influencer,brand partner/ambassador (+10k),ian mitzelfeld/mitzelfeld construction,,,,1,0,0,,,
2025-08-01,youtube,trueview,prospecting,,,,4.466682718,5.356180809,1021.579135,,,
2025-08-01,organic search,ai search,chatgpt,,,,174.8409632,111.625193,24085.78124,,,
2025-08-01,sem - competitors,google,,,,,262.5496934,41.37115677,6526.51344,,,
2025-08-01,influencer,brand partner/ambassador (+10k),hunter patrick/dumpire junk removal,,,,0,1,119,,,
2025-08-01,influencer,ambassador,elizabeth williams/lemonade liz,,,,1,0,0,,,
2025-08-01,directories,mvf,paid,,,,1.081081081,0,0,,,
2025-08-01,influencer,macro brand partner (+1m),dustin stelzer / electrician u,,,,5,0,0,,,
2025-08-01,app marketing - paid,smadex,ios,,,,2179,105,7862.47,,,
2025-08-01,directories,g2,paid,,,,6,0,0,,,
2025-08-01,influencer,brand partner/ambassador (+10k),matthew hawk/matthew's mowing & lawn maintenance,,,,0.5,0,0,,,
2025-08-01,influencer,"influencer (+10k, not sp)",mike swezey/the handyman business,,,,2.015873016,0.015873016,3.158730159,,,
2025-08-01,partner program,integrations,zapier,,,,3.598456253,1.302036725,277.2305666,,,
2025-08-01,app marketing - paid,smadex,ctv,,,,1,0,0,,,
2025-08-01,influencer,brand partner/ambassador (+10k),roy thomas/pro era plumbing,,,,2,0,0,,,
2025-08-01,influencer,brand partner/ambassador (+10k),ryaan tuttle/best handyman boston/rjt,,,,0,1,39.99,,,
2025-08-01,partner program,integrations,responsibid,,,,0.004878049,0,0,,,
2025-08-01,sem - generic,bing,,,,,716.406133,44.97182577,4826.66844,,,
2025-08-01,app marketing - paid,smadex,,,,,17,1,39.99,,,
2025-08-01,youtube,organic,,,,,384.330287,48.63334243,4129.634696,,,
2025-08-01,partner program,channel (franchises),,,,,0,1,148,,,
2025-08-01,social media,instagram,paid,,,,18,1,118,,,
2025-08-01,programmatic,the trade desk,prospecting - display,,,,20,4,236,,,
2025-08-01,app marketing - organic,organic,,,,,1,0,0,,,
2025-08-01,influencer,brand partner/ambassador (+10k),skyler lane / realskylane / junk success,,,,2,1,119,,,
2025-08-01,partner program,channel (referrals),,,,,3,1,129,,,
2025-08-01,social media,linkedin,organic,,,,5.477963452,2.061048763,515.288122,,,
2025-08-01,programmatic,the trade desk,prospecting - tv,,,,35,1,349,,,
2025-08-01,influencer,brand partner/ambassador (+10k),keven bermeo / pressure washing plays,,,,5,1,118,,,
2025-08-01,organic search,support documentation,,,,,3,0,0,,,
2025-08-01,social media,instagram,organic,,,,97.40542174,16.46579638,2254.191337,,,
2025-08-01,direct/unknown,organic,,,,,1,0,0,,,
2025-08-01,influencer,brand partner/ambassador (+10k),oscar gil/detail groove,,,,27,1,39,,,
2025-08-01,events,virtual,jobber summit,,,,4.198352006,0.92124337,237.5314322,,,
2025-08-01,influencer,brand partner/ambassador (+10k),randy roblero/detailing beyond limits/beyond limits of palm beach,,,,1,0,0,,,
2025-08-01,direct/unknown,organic,android,,,,2,1,119,,,
2025-08-01,organic search,jobber academy,,,,,1,0,0,,,
2025-08-01,influencer,brand partner/ambassador (+10k),tom maggs/maggs lawn/maggs lawn and landscape,,,,1,0,0,,,
2025-08-01,influencer,general,brian's lawn maintenance,,,,1,0,0,,,
2025-08-01,influencer,brand partner/ambassador (+10k),jacqueline and tanner hurst/jt junk solutions,,,,17,1,119.99,,,
2025-08-01,social media,facebook,paid,,,,291.25,21,2623.93,,,
2025-08-01,influencer,brand partner/ambassador (+10k),trey bohannan/trey bodirt,,,,2,0,0,,,
2025-08-01,influencer,ambassador,michaels paving/michael stanley,,,,2,0,0,,,
2025-08-01,sem - branded,google,,,,,1751.59966,496.0558278,73085.47687,,,
2025-08-01,influencer,brand partner/ambassador (+10k),chad cooke/cooke pressure washing/cooke,,,,1,0,0,,,
2025-08-01,influencer,brand partner/ambassador (+10k),chase gallagher/cmg landscape/service pro elite,,,,3,0,0,,,
2025-08-01,freemium paid,bing,paid,,,,696.6049784,11.41025641,721.3161538,,,
2025-08-01,app marketing - paid,apple search ads,,,,,3264,130,10441.24,,,
2025-08-01,influencer,brand partner/ambassador (+10k),zech osburn/z's exterior services/biz boosters,,,,7.090909091,1.5,384.5,,,
2025-08-01,directories,getapp,paid,,,,1,3,797,,,
2025-08-01,app marketing - organic,organic,ios,,,,6601.268627,155.0686275,10902.67824,,,
2025-08-01,social media,facebook,remarketing,,,,75.45833333,4.153846154,551,,,
2025-08-01,influencer,brand partner/ambassador (+10k),cornell mack/mack landscaping & lawn care,,,,1,0,0,,,
2025-08-01,social media,facebook,organic,,,,397.5596639,23.98809524,3133.842857,,,
2025-08-01,partner program,integrations,,,,,6.021100023,2.048003126,212.317594,,,
2025-08-01,influencer,brand partner/ambassador (+10k),udetailers/ethan dang /hangar club,,,,1,0,0,,,
2025-08-01,experimental,podcast ads,,,,,3,0,0,,,
2025-08-01,freemium paid,bing,paid,,,,40,6,475.97,,,
2025-08-01,influencer,brand partner/ambassador (+10k),austin gray - ownr ops / ownr ops skool community / bear claw land services,,,,1,0,0,,,
2025-08-01,events,virtual,jobber now,,,,30.47276347,21.0380192,2995.686726,,,
2025-08-01,direct/unknown,general,,,,,1,0,0,,,
2025-08-01,organic search,,,,,,6135.402457,1249.671313,205839.9421,,,
2025-08-01,partner program,integrations,nicejob,,,,0.816594828,0.816594828,102.0743534,,,
2025-08-01,app marketing - experimental,jampp,,,,,4,2,79.98,,,
2025-08-01,advertising,radio,general,,,,9,0,0,,,
2025-08-01,youtube,trueview,remarketing,,,,0.25,1.25,385.75,,,
2025-08-01,social media,linkedin,,,,,1,0,0,,,
2025-08-01,influencer,brand partner/ambassador (+10k),louis mouchet,,,,1.090909091,0,0,,,
2025-08-01,experimental,facebook,fb lead gen ebook,,,,2,0,0,,,
2025-08-01,influencer,brand partner/ambassador (+10k),ray duke/bulletproof handyman,,,,2.5,2,208,,,
2025-08-01,experimental,tiktok,organic,,,,10,1,39,,,
2025-08-01,influencer,brand partner/ambassador (+10k),adam chapman/pad pal,,,,1,0,0,,,
2025-08-01,influencer,brand partner/ambassador (+10k),john seaman/jc property professionals/jcp properties/jcp,,,,15,2,208,,,
2025-08-01,app marketing - paid,,,,,,9,0,0,,,
2025-08-01,influencer,brand partner/ambassador (+10k),eric gonzalez / castillos landscaping,,,,1,0,0,,,
2025-08-01,social media,facebook,always-on,,,,284.98649,13.13852814,2407.716645,,,
2025-08-01,programmatic,mntn,prospecting - audience match,,,,142,19,3018.99,,,
2025-08-01,partner program,integrations,thumbtack,,,,1,0,0,,,
2025-08-01,programmatic,mntn,prospecting,,,,1150.290188,159.2885928,24711.66575,,,
2025-08-01,affiliate program,partnerstack,,,,,105.5963222,7.238166734,1475.573863,,,
2025-08-01,partner program,integrations,intuit,,,,6.486771726,3.940203099,592.503381,,,
2025-08-01,referrals,customer referral program,,,,,109.1058948,34.64394767,4344.659331,,,
2025-08-01,partner program,integrations,companycam,,,,1.232656835,0.608869105,115.5002379,,,
2025-08-01,app marketing - paid,google uac,,,,,5339,79,5861.87,,,
2025-08-01,partner program,integrations,square/block,,,,0.25,0.25,29.75,,,
2025-08-01,freemium organic,,,,,,132,10,781.98,,,
2025-08-01,partner program,channel (franchises),linkedin,,,,0.090909091,0,0,,,
2025-08-01,partner program,channel (resellers),verizon,,,,1,2,58,,,
2025-08-01,affiliate program,commission junction,,,,,69.55674271,8.453075086,607.3866055,,,
2025-08-01,word of mouth,organic wom referrals,general,,,,97,7,1343,,,
2025-08-01,organic search,ai search,claude,,,,1.416666667,0,0,,,
2025-08-01,influencer,brand partner/ambassador (+10k),tyler link/contractor ceo/concrete launch secrets,,,,1,0,0,,,
2025-08-01,sem - competitors,bing,,,,,28.17386114,2.806613757,556.3896825,,,
2025-08-01,influencer,brand partner/ambassador (+10k),james moreno/top class detail,,,,2,1,39,,,
2025-08-01,influencer,brand partner/ambassador (+10k),anthony salazar / poop scoops for noobs,,,,1,0,0,,,
2025-08-01,influencer,macro brand partner (+1m),chase stetson/that lawn dude,,,,77.96581602,2.690748109,325.3873123,,,
2025-08-01,influencer,brand partner/ambassador (+10k),jermaine hester jr / mellodirt / the gravel driveway company,,,,1,0,0,,,
2025-08-01,influencer,brand partner/ambassador (+10k),keith kalfas,,,,18,2,68.99,,,
2025-08-01,influencer,brand partner/ambassador (+10k),joseph rivera/washpreneurs/wedoit4you,,,,2,0,0,,,
2025-08-01,influencer,brand partner/ambassador (+10k),pablo serrano/black sheep/the black sheep lawn,,,,2,0,0,,,
2025-08-01,influencer,brand partner/ambassador (+10k),timmy riggs / streakers window cleaning,,,,2,0,0,,,
2025-08-01,influencer,brand partner/ambassador (+10k),cody romer/cr carpentry & remodeling,,,,1,0,0,,,
2025-08-01,sem - franchise,google,paid,,,,20.78222391,10.54952876,2696.776398,,,
2025-08-01,influencer,brand partner/ambassador (+10k),jeff guldalian/ the 360 electrician,,,,1.090909091,0,0,,,
2025-08-01,social media,facebook,international,,,,1,0,0,,,
2025-08-01,influencer,brand partner/ambassador (+10k),dan holliday,,,,1,0,0,,,
2025-08-01,app marketing - organic,organic,android,,,,1694,26,2044.85,,,
2025-08-01,influencer,brand partner/ambassador (+10k),keith mcgillivary/mps/mcgillivary's plumbing,,,,0,1,29,,,
2025-08-01,programmatic,the trade desk,lal - audio,,,,1,0,0,,,
2025-08-01,organic search,reddit,,,,,0.16988417,1.012987013,171.1818182,,,
2025-08-01,events,virtual,jobber blueprint,,,,1.452231293,1.203180886,336.3347642,,,
2025-08-01,freemium paid,google,paid,,,,3236.862811,57.5543292,5022.869601,,,
2025-08-01,events,tradeshows,arcsi,,,,0.2,0.2,25.8,,,
2025-08-01,programmatic,the trade desk,prospecting - audio,,,,20,1,39,,,
2025-08-01,organic search,direct/other,,,,,0.333333333,0,0,,,
2025-08-01,performance max,,,,,,0.628223939,2.173514892,760.5217528,,,
2025-08-01,influencer,nano brand partner/ambassador (<10k),finn varette / varchuk/ howtohomeservice,,,,1,0,0,,,
2025-08-01,partner program,channel (referrals),savvy jobz,,,,0.011904762,0.028571429,8.542857143,,,
2025-08-01,influencer,macro brand partner (+1m),jeff thorman/home renovision diy/home renovision,,,,12,0,0,,,
2025-08-01,youtube,demand gen,remarketing,,,,14.01515152,1.181818182,46.09090909,,,
2025-08-01,influencer,brand partner/ambassador (+10k),kevin watson/off the path with kevin/off the path,,,,1,0,0,,,
2025-08-01,organic search,ai search,perplexity,,,,5.166666667,0,0,,,
2025-08-01,influencer,brand partner/ambassador (+10k),brandon wagstaff / wagstaff auto detailing,,,,2,0,0,,,
2025-08-01,directories,other,,,,,0,1,39.99,,,
2025-08-01,influencer,ambassador,jumper guy/raul hernandez,,,,1,0,0,,,
2025-08-01,app marketing - paid,tiktok,,,,,5574,50,4120.72,,,
2025-08-01,influencer,ambassador,rusty nesvig,,,,1,0,0,,,
2025-08-01,direct/unknown,direct,,,,,271.0459737,5.088830511,811.3839397,,,
2025-08-01,influencer,"influencer (+10k, not sp)",kory ballard/ballard inc,,,,1,0,0,,,
2025-08-01,influencer,alumni partner,jason cleans/jason shipway,,,,1,0,0,,,
2025-08-01,influencer,business brand partner,mark stetlock/finance unfolded/financeunfolded,,,,2,0,0,,,
2025-08-01,freemium paid,google,paid,,,,302,25,1539.94,,,
2025-08-01,app marketing - paid,moloco,,,,,1,1,39.99,,,
2025-08-01,partner program,integrations,stripe,,,,63.04042088,49.1761765,11576.05002,,,
2025-08-01,sem - branded,bing,,,,,689.9667131,238.3484386,30541.36249,,,
2025-07-01,influencer,brand partner/ambassador (+10k),keith kalfas,,,,11.5,1,39.99,,,
2025-07-01,directories,capterra,paid,,,,61.00745342,5.265821617,1574.727149,,,
2025-07-01,influencer,brand partner/ambassador (+10k),chad cooke/cooke pressure washing/cooke,,,,1,1,119,,,
2025-07-01,influencer,business brand partner,aaron wilton-jones / autoclean academy,,,,4,0,0,,,
2025-07-01,influencer,brand partner/ambassador (+10k),oscar gil/detail groove,,,,13.33333333,4.333333333,488.6566667,,,
2025-07-01,influencer,business brand partner,kevin cook / accelerate nation,,,,1,0,0,,,
2025-07-01,influencer,general,brian's lawn maintenance,,,,1,0,0,,,
2025-07-01,app marketing - paid,apple search ads,,,,,3740,167,11145.9,,,
2025-07-01,influencer,brand partner/ambassador (+10k),dan holliday,,,,1,0,0,,,
2025-07-01,app marketing - organic,organic,ios,,,,7340,192,12941.47,,,
2025-07-01,freemium organic,,,,,,119,3,117.99,,,
2025-07-01,sem - generic,google,,,,,1710.744821,139.0509755,16747.53144,,,
2025-07-01,performance max,,,,,,1.413086058,2.240718673,437.8048877,,,
2025-07-01,social media,,,,,,139,16,1313.89,,,
2025-07-01,programmatic,the trade desk,prospecting - audio,,,,19,3,667,,,
2025-07-01,partner program,channel (franchises),,,,,1,0,0,,,
2025-07-01,partner program,channel (franchises),fibrenew,,,,6,6,354,,,
2025-07-01,app marketing - paid,tiktok,,,,,6463,75,3933.41,,,
2025-07-01,freemium paid,bing,paid,,,,704.0615957,12.47738095,919.762619,,,
2025-07-01,organic search,ai search,chatgpt,,,,233.4019921,121.4949067,26253.23287,,,
2025-07-01,experimental,podcast ads,,,,,4,1,39,,,
2025-07-01,influencer,alumni partner,jason cleans/jason shipway,,,,1,0,0,,,
2025-07-01,directories,getapp,paid,,,,17.6,1.433333333,477.23,,,
2025-07-01,direct/unknown,direct,,,,,308.4408686,18.67015644,2231.454597,,,
2025-07-01,events,virtual,jobber now,,,,14,16,1466.44,,,
2025-07-01,influencer,alumni partner,chanique stewart/chanique cleaning services/cleaning boss accelerator,,,,1,0,0,,,
2025-07-01,partner program,integrations,nicejob,,,,0.422478992,0.422478992,52.80987395,,,
2025-07-01,influencer,brand partner/ambassador (+10k),roy thomas/pro era plumbing,,,,2,0,0,,,
2025-07-01,programmatic,the trade desk,lal - audio,,,,4,1,119,,,
2025-07-01,influencer,brand partner/ambassador (+10k),brad behr/copper creek cuts/bctp/baker county trash pickup,,,,2,0.5,84.5,,,
2025-07-01,influencer,brand partner/ambassador (+10k),ji mobile mechanics/jacob ireland,,,,3,0,0,,,
2025-07-01,influencer,brand partner/ambassador (+10k),darian jarrett/capital city professional,,,,1,0,0,,,
2025-07-01,programmatic,the trade desk,lal - tv,,,,6,0,0,,,
2025-07-01,partner program,channel (resellers),,,,,1,0,0,,,
2025-07-01,influencer,brand partner/ambassador (+10k),huda saleh / spotless auto care,,,,3,0,0,,,
2025-07-01,influencer,brand partner/ambassador (+10k),walter washington/ww hvac,,,,0,1,89,,,
2025-07-01,organic search,support documentation,,,,,2,0,0,,,
2025-07-01,referrals,customer referral program,,,,,133.9864512,51.2190401,8995.635548,,,
2025-07-01,direct/unknown,online/general,,,,,1,0,0,,,
2025-07-01,app marketing - organic,organic,android,,,,1571,29,2101.64,,,
2025-07-01,sem - competitors,bing,,,,,27.03761905,4.623333333,341.3433333,,,
2025-07-01,events,virtual,jobber blueprint,,,,3.531531748,3.919597045,559.6659424,,,
2025-07-01,influencer,ambassador,jumper guy/raul hernandez,,,,1,0,0,,,
2025-07-01,programmatic,mntn,,,,,788.7155867,197.0494304,31387.1883,,,
2025-07-01,influencer,brand partner/ambassador (+10k),tom maggs/maggs lawn/maggs lawn and landscape,,,,3,1,39.99,,,
2025-07-01,freemium paid,google,paid,,,,292,32,2702.93,,,
2025-07-01,experimental,tiktok,organic,,,,15,0,0,,,
2025-07-01,programmatic,mntn,prospecting - audience match,,,,114,15,2760.1,,,
2025-07-01,influencer,brand partner/ambassador (+10k),tommy hunter/hunter window wash,,,,2,2,158.99,,,
2025-07-01,experimental,facebook,fb lead gen ebook,,,,1,0,0,,,
2025-07-01,advertising,,,,,,1,0,0,,,
2025-07-01,influencer,brand partner/ambassador (+10k),ivan carvalho/glaucio carvalho/mr. bubbles,,,,1,0,0,,,
2025-07-01,sem - generic,bing,,,,,734.7934601,55.20797097,5934.344138,,,
2025-07-01,affiliate program,commission junction,,,,,63.7530294,11.89954955,1387.532793,,,
2025-07-01,influencer,brand partner/ambassador (+10k),skyler lane / realskylane / junk success,,,,1,0,0,,,
2025-07-01,programmatic,the trade desk,prospecting - tv,,,,29,4,926.99,,,
2025-07-01,app marketing - experimental,remerge,,,,,1,0,0,,,
2025-07-01,sem - franchise,google,paid,,,,22.64897456,11.63488845,2311.445539,,,
2025-07-01,influencer,brand partner/ambassador (+10k),glen c/glen cuevas/glen c landscaping,,,,2,0,0,,,
2025-07-01,sem - competitors,google,,,,,246.8790396,39.07159874,5969.27032,,,
2025-07-01,social media,facebook,organic,,,,273.4650794,27.43888889,1803.333333,,,
2025-07-01,influencer,brand partner/ambassador (+10k),connor maendel / maendel construction llc,,,,1,0,0,,,
2025-07-01,influencer,brand partner/ambassador (+10k),john seaman/jc property professionals/jcp properties/jcp,,,,4,1,349,,,
2025-07-01,social media,facebook,international,,,,1,0,0,,,
2025-07-01,influencer,brand partner/ambassador (+10k),kevin watson/off the path with kevin/off the path,,,,1,0,0,,,
2025-07-01,influencer,alumni partner,gary mccreadie/hvac know it all,,,,1,0,0,,,
2025-07-01,influencer,macro brand partner (+1m),chase stetson/that lawn dude,,,,86.25,7,405.97,,,
2025-07-01,social media,instagram,organic,,,,141.5794704,22.97219598,2935.099867,,,
2025-07-01,programmatic,mntn,prospecting,,,,1287.727711,201.4242578,26668.11261,,,
2025-07-01,influencer,brand partner/ambassador (+10k),pablo serrano/black sheep/the black sheep lawn,,,,3,0,0,,,
2025-07-01,partner program,integrations,stripe,,,,41.2992363,34.40600542,8176.718067,,,
2025-07-01,influencer,business brand partner,logan sendle/blue collar business accelerator/bcba,,,,1,0,0,,,
2025-07-01,sem - branded,bing,,,,,767.8005892,293.2457402,39447.40227,,,
2025-07-01,influencer,brand partner/ambassador (+10k),jacqueline and tanner hurst/jt junk solutions,,,,11.33333333,0,0,,,
2025-07-01,influencer,brand partner/ambassador (+10k),keven bermeo / pressure washing plays,,,,12,0,0,,,
2025-07-01,influencer,brand partner/ambassador (+10k),jacob ortiz/yourtexaspatio,,,,1,0,0,,,
2025-07-01,influencer,brand partner/ambassador (+10k),randy roblero/detailing beyond limits/beyond limits of palm beach,,,,2,0,0,,,
2025-07-01,freemium paid,google,paid,,,,3052.437435,51.02714621,5271.825736,,,
2025-07-01,influencer,brand partner/ambassador (+10k),eric gonzalez / castillos landscaping,,,,1,0,0,,,
2025-07-01,programmatic,,,,,,8,2,207,,,
2025-07-01,influencer,brand partner/ambassador (+10k),austin mccallister / noschooljusttools / boyd landscaping,,,,1,0,0,,,
2025-07-01,partner program,integrations,mailchimp,,,,1,0,0,,,
2025-07-01,influencer,brand partner/ambassador (+10k),tym o'laughlin/tymo/tymo paints,,,,1,0,0,,,
2025-07-01,partner program,channel (referrals),savvy jobz,,,,0.028571429,0,0,,,
2025-07-01,influencer,brand partner/ambassador (+10k),e itzcoatl aguilar / ewokdoeshvac / ewok does hvac,,,,0,0.5,19.995,,,
2025-07-01,freemium paid,bing,paid,,,,76,6,384,,,
2025-07-01,app marketing - organic,,,,,,2,0,0,,,
2025-07-01,youtube,demand gen,prospecting,,,,213.2217977,10.83823898,2059.999876,,,
2025-07-01,social media,facebook,paid,,,,337.5277778,16.02777778,2184.614444,,,
2025-07-01,organic search,reddit,,,,,1.634781885,0.288461538,34.71153846,,,
2025-07-01,social media,linkedin,organic,,,,7.506235219,0.629990668,224.653465,,,
2025-07-01,directories,g2,organic,,,,1,0,0,,,
2025-07-01,partner program,integrations,companycam,,,,1.110271833,0.623956044,240.1806593,,,
2025-07-01,influencer,brand partner/ambassador (+10k),jacob moreno / super clean bins,,,,4,0,0,,,
2025-07-01,sem - branded,google,,,,,1712.261508,479.0662786,75155.7762,,,
2025-07-01,influencer,brand partner/ambassador (+10k),jeff guldalian/ the 360 electrician,,,,1.142857143,0,0,,,
2025-07-01,organic search,,,,,,6440.160898,1376.814663,221544.0505,,,
2025-07-01,app marketing - paid,moloco,,,,,5,0,0,,,
2025-07-01,app marketing - experimental,jampp,,,,,7,3,198.98,,,
2025-07-01,partner program,integrations,zapier,,,,3.255960975,1.006749356,212.8366732,,,
2025-07-01,influencer,brand partner/ambassador (+10k),ray duke/bulletproof handyman,,,,4.724390244,3.524390244,212.3436585,,,
2025-07-01,directories,mvf,paid,,,,1,0.5,174.5,,,
2025-07-01,influencer,ambassador,,,,,0.006756757,0.006756757,2.013513514,,,
2025-07-01,direct/unknown,,,,,,1057.330379,36.71550333,6663.486312,,,
2025-07-01,app marketing - paid,,,,,,8,1,39.99,,,
2025-07-01,influencer,brand partner/ambassador (+10k),zech osburn/z's exterior services/biz boosters,,,,11.5,3,537.99,,,
2025-07-01,social media,facebook,always-on,,,,162.9050117,20.52783217,3146.482669,,,
2025-07-01,influencer,general,,,,,23,2,78.99,,,
2025-07-01,partner program,integrations,intuit,,,,12.26836766,1.560034331,172.7260651,,,
2025-07-01,influencer,brand partner/ambassador (+10k),diamond and drake/drake lawn care,,,,1,0,0,,,
2025-07-01,advertising,print,,,,,1,0,0,,,
2025-07-01,influencer,brand partner/ambassador (+10k),joseph rivera/washpreneurs/wedoit4you,,,,1,1,39,,,
2025-07-01,advertising,radio,sirius,,,,1,0,0,,,
2025-07-01,influencer,brand partner/ambassador (+10k),bryan vincent / vip maintenance / bryyan vincent,,,,1,0,0,,,
2025-07-01,partner program,integrations,thumbtack,,,,0.379110251,0.379110251,34.85338491,,,
2025-07-01,programmatic,the trade desk,prospecting - display,,,,16,2,388,,,
2025-07-01,affiliate program,partnerstack,,,,,91.58707092,10.86813073,2818.52165,,,
2025-07-01,youtube,demand gen,remarketing,,,,24.66666667,1.166666667,125.5,,,
2025-07-01,events,virtual,jobber summit,,,,6.243145366,2.861555482,565.6535545,,,
2025-07-01,organic search,ai search,perplexity,,,,3.277027027,0.266129032,56.97580645,,,
2025-07-01,events,paid social events,,,,,0,0.5,124,,,
2025-07-01,youtube,trueview,remarketing,,,,0.24,0.24,18.96,,,
2025-07-01,youtube,organic,,,,,444.8943877,49.61213082,4538.412878,,,
2025-07-01,directories,software advice,ppl,,,,2,1,119,,,
2025-07-01,youtube,trueview,prospecting,,,,36.77925128,6.491515982,720.3763444,,,
2025-07-01,directories,other,,,,,1,0,0,,,
2025-07-01,app marketing - experimental,meta apps,ios,,,,1,0,0,,,
2025-07-01,influencer,business brand partner,andrew letersky / ultimate landscape academy,,,,2,1,129,,,
2025-07-01,directories,g2,paid,,,,5,1,119.495,,,
2025-07-01,influencer,macro brand partner (+1m),jeff thorman/home renovision diy/home renovision,,,,7,0,0,,,
2025-07-01,influencer,"influencer (+10k, not sp)",mike swezey/the handyman business,,,,1.5,0,0,,,
2025-07-01,app marketing - paid,google uac,ios,,,,1,0,0,,,
2025-07-01,influencer,ambassador,stevenj120volts/steven ravesi,,,,1,0,0,,,
2025-07-01,word of mouth,organic wom referrals,general,,,,99,10,2448.99,,,
2025-07-01,influencer,ambassador,elizabeth williams/lemonade liz,,,,1,0,0,,,
2025-07-01,sem - generic,google,paid,,,,0,1,39.99,,,
2025-07-01,influencer,business brand partner,anatoly nazarov / digamark llc / average bro aesthetic,,,,1,0,0,,,
2025-07-01,app marketing - paid,smadex,ios,,,,2559,89,7675.5,,,
2025-07-01,app marketing - paid,google uac,,,,,5788,94,7826.46,,,
2025-07-01,youtube,paid,,,,,15,1,39.99,,,
2025-07-01,app marketing - paid,smadex,ctv,,,,0,1,39.99,,,
2025-07-01,organic search,jobber academy,,,,,1,0,0,,,
2025-07-01,social media,instagram,paid,,,,10,1,39.99,,,
2025-07-01,advertising,radio,general,,,,13,0,0,,,
2025-07-01,partner program,channel (resellers),verizon,,,,1,1,190,,,
2025-07-01,social media,facebook,remarketing,,,,41.23717949,5.395833333,591.075,,,
2025-07-01,partner program,integrations,,,,,5.446420287,0.559545996,98.31787289,,,
2025-07-01,advertising,online/general,,,,,10,1,248,,,
2025-07-01,social media,linkedin,,,,,1,0,0,,,
2025-07-01,influencer,brand partner/ambassador (+10k),chase gallagher/cmg landscape/service pro elite,,,,2,0,0,,,
2025-07-01,influencer,brand partner/ambassador (+10k),ryaan tuttle/best handyman boston/rjt,,,,3,0,0,,,
2025-07-01,influencer,brand partner/ambassador (+10k),corey powell/powell's lawn care,,,,1,0,0,,,
2025-06-01,influencer,brand partner/ambassador (+10k),randy roblero/detailing beyond limits/beyond limits of palm beach,,,,4,0,0,,,
2025-06-01,app marketing - paid,google uac,,,,,6172,97,6707.08,,,
2025-06-01,social media,facebook,always-on,,,,165.4963095,17.39484127,3066.922004,,,
2025-06-01,organic search,reddit,,,,,2.233333333,0.333333333,13,,,
2025-06-01,advertising,online/general,,,,,177,4,395,,,
2025-06-01,app marketing - experimental,meta apps,ios,,,,0,1,39,,,
2025-06-01,word of mouth,organic wom referrals,,,,,2,0,0,,,
2025-06-01,directories,capterra,paid,,,,74.5208682,7.895833333,2010.350833,,,
2025-06-01,programmatic,mntn,prospecting - audience match,,,,109,17,2838.98,,,
2025-06-01,directories,g2,paid,,,,9.5,1,326.59,,,
2025-06-01,events,virtual,jobber summit,,,,45.86707503,4.783763562,684.2936297,,,
2025-06-01,partner program,channel (franchises),,,,,1,2,468,,,
2025-06-01,events,paid social events,,,,,0.5,0,0,,,
2025-06-01,partner program,channel (resellers),verizon,,,,0,1,112,,,
2025-06-01,youtube,trueview,remarketing,,,,0.431451613,0.380525687,77.69892473,,,
2025-06-01,youtube,demand gen,prospecting,,,,261.2602564,6.076923077,370.96,,,
2025-06-01,freemium organic,,,,,,141,13,757.99,,,
2025-06-01,influencer,brand partner/ambassador (+10k),keith kalfas,,,,15.5,0,0,,,
2025-06-01,directories,other,,,,,4,0,0,,,
2025-06-01,directories,g2,organic,,,,2,0,0,,,
2025-06-01,influencer,brand partner/ambassador (+10k),zech osburn/z's exterior services/biz boosters,,,,38,0,0,,,
2025-06-01,influencer,brand partner/ambassador (+10k),dan holliday,,,,5,1,39.99,,,
2025-06-01,influencer,ambassador,,,,,8.083333333,0,0,,,
2025-06-01,directories,software advice,ppl,,,,3,3,248.98,,,
2025-06-01,influencer,alumni partner,christine hodge/clearview washing,,,,1.333333333,0,0,,,
2025-06-01,app marketing - organic,organic,ios,,,,7269.833333,183.3333333,13080.7,,,
2025-06-01,direct/unknown,organic,,,,,5,0,0,,,
2025-06-01,influencer,brand partner/ambassador (+10k),tyler link/contractor ceo/concrete launch secrets,,,,1,0,0,,,
2025-06-01,influencer,brand partner/ambassador (+10k),joshua chapman/gutter ghosts,,,,1,0,0,,,
2025-06-01,direct/unknown,,,,,,1528.859466,40.0118691,7031.527869,,,
2025-06-01,influencer,brand partner/ambassador (+10k),james moreno/top class detail,,,,5,0,0,,,
2025-06-01,influencer,brand partner/ambassador (+10k),ji mobile mechanics/jacob ireland,,,,1,0,0,,,
2025-06-01,programmatic,the trade desk,prospecting - audio,,,,102,1,278,,,
2025-06-01,influencer,general,,,,,23,2,238,,,
2025-06-01,influencer,"influencer (+10k, not sp)",kory ballard/ballard inc,,,,2,1,169,,,
2025-06-01,direct/unknown,online/general,,,,,28,0,0,,,
2025-06-01,performance max,,,,,,2.550654745,7.408756279,2051.602765,,,
2025-06-01,influencer,brand partner/ambassador (+10k),jon dawson / texas luxury cleaning,,,,10.5,0,0,,,
2025-06-01,influencer,nano brand partner/ambassador (<10k),john macfarland/ macfarland painting,,,,1,0,0,,,
2025-06-01,influencer,alumni partner,the epoxy pros/daniel george,,,,1,0,0,,,
2025-06-01,sem - branded,bing,,,,,738.3403896,319.769586,34848.08024,,,
2025-06-01,influencer,brand partner/ambassador (+10k),keith mcgillivary/mps/mcgillivary's plumbing,,,,1,0,0,,,
2025-06-01,influencer,brand partner/ambassador (+10k),brent strickland / titan garage floors,,,,1,0,0,,,
2025-06-01,influencer,brand partner/ambassador (+10k),louis mouchet,,,,1,0,0,,,
2025-06-01,experimental,tiktok,organic,,,,14.5,0,0,,,
2025-06-01,influencer,brand partner/ambassador (+10k),erica krupin/kroopin poopin scoopin,,,,2,1,29,,,
2025-06-01,social media,linkedin,organic,,,,5.069882232,0.415331367,242.0262366,,,
2025-06-01,influencer,brand partner/ambassador (+10k),kevin watson/off the path with kevin/off the path,,,,2,0,0,,,
2025-06-01,influencer,brand partner/ambassador (+10k),jeff guldalian/ the 360 electrician,,,,6,1,278,,,
2025-06-01,affiliate program,partnerstack,,,,,149.651628,18.05895627,2720.658197,,,
2025-06-01,partner program,integrations,stripe,,,,28.43796372,17.5733239,4224.115908,,,
2025-06-01,influencer,brand partner/ambassador (+10k),jersey cronin/jersey/window cleaning resource/wcr/wcr nation,,,,1,1,168,,,
2025-06-01,app marketing - organic,organic,android,,,,1556,25,2341.9,,,
2025-06-01,partner program,integrations,intuit,,,,17.48897059,0.85,187.65,,,
2025-06-01,influencer,brand partner/ambassador (+10k),walter washington/ww hvac,,,,2,0,0,,,
2025-06-01,sem - generic,google,,,,,2112.729605,159.9347629,19485.66467,,,
2025-06-01,partner program,integrations,responsibid,,,,0.197594502,0.030927835,1.206185567,,,
2025-06-01,influencer,brand partner/ambassador (+10k),tom purcell/purcell's pro detail,,,,1,0,0,,,
2025-06-01,directories,mvf,paid,,,,1,0,0,,,
2025-06-01,partner program,industry associations,,,,,1,0,0,,,
2025-06-01,influencer,business brand partner,aaron wilton-jones / autoclean academy,,,,1,0,0,,,
2025-06-01,influencer,brand partner/ambassador (+10k),keven bermeo / pressure washing plays,,,,25,0,0,,,
2025-06-01,partner program,channel (franchises),screenmobile,,,,0,1,191,,,
2025-06-01,influencer,brand partner/ambassador (+10k),bryan vincent / vip maintenance / bryyan vincent,,,,1,0,0,,,
2025-06-01,influencer,"influencer (+10k, not sp)",jon irwin / revive home tips,,,,1,0,0,,,
2025-06-01,app marketing - paid,moloco,,,,,8,2,78.99,,,
2025-06-01,influencer,brand partner/ambassador (+10k),casey evertsen/bin blasters,,,,0.25,1,89,,,
2025-06-01,influencer,brand partner/ambassador (+10k),eric gonzalez / castillos landscaping,,,,1,0,0,,,
2025-06-01,partner program,integrations,zapier,,,,2.791937303,0.765014226,167.8379938,,,
2025-06-01,freemium paid,google,paid,,,,3232.349802,55.36547589,4684.566379,,,
2025-06-01,influencer,brand partner/ambassador (+10k),chase gallagher/cmg landscape/service pro elite,,,,0,1,39.99,,,
2025-06-01,sem - competitors,google,,,,,190.4968043,21.65506054,3834.761445,,,
2025-06-01,events,tradeshows,arcsi,,,,0.430555556,0.146464646,23.03535354,,,
2025-06-01,affiliate program,commission junction,,,,,70.67957904,14.70596793,1026.509208,,,
2025-06-01,influencer,macro brand partner (+1m),chase stetson/that lawn dude,,,,158.8333333,4.5,462.48,,,
2025-06-01,organic search,,,,,,7397.627306,1330.99454,217706.2562,,,
2025-06-01,events,virtual,jobber grants,,,,7,0,0,,,
2025-06-01,influencer,brand partner/ambassador (+10k),glen c/glen cuevas/glen c landscaping,,,,3,0,0,,,
2025-06-01,app marketing - experimental,jampp,,,,,53,4,159.96,,,
2025-06-01,advertising,radio,general,,,,20,2,78.99,,,
2025-06-01,influencer,"influencer (+10k, not sp)",sam irwin / go build stuff,,,,2.5,0,0,,,
2025-06-01,influencer,brand partner/ambassador (+10k),skyler lane / realskylane / junk success,,,,2,0,0,,,
2025-06-01,partner program,channel (referrals),bookeepers/consultants/agencies,,,,2,0,0,,,
2025-06-01,influencer,brand partner/ambassador (+10k),jacob moreno / super clean bins,,,,1,0,0,,,
2025-06-01,influencer,brand partner/ambassador (+10k),ray duke/bulletproof handyman,,,,34.43127896,5.864612295,411.2276027,,,
2025-06-01,partner program,integrations,companycam,,,,2.785675684,1.703069167,270.384476,,,
2025-06-01,influencer,brand partner/ambassador (+10k),trey bohannan/trey bodirt,,,,1,0,0,,,
2025-06-01,outbound,,,,,,2,0,0,,,
2025-06-01,influencer,brand partner/ambassador (+10k),diana cruz/dee takes over cleaning,,,,2.5,0,0,,,
2025-06-01,influencer,brand partner/ambassador (+10k),hunter patrick/dumpire junk removal,,,,3.5,0,0,,,
2025-06-01,influencer,brand partner/ambassador (+10k),roy thomas/pro era plumbing,,,,8,1,39,,,
2025-06-01,influencer,business brand partner,anatoly nazarov / digamark llc / average bro aesthetic,,,,2,1,39.99,,,
2025-06-01,influencer,brand partner/ambassador (+10k),brad behr/copper creek cuts/bctp/baker county trash pickup,,,,9.299088146,1,39,,,
2025-06-01,social media,instagram,organic,,,,119.6384615,6.016666667,327.3166667,,,
2025-06-01,influencer,brand partner/ambassador (+10k),tommy hunter/hunter window wash,,,,2,0,0,,,
2025-06-01,partner program,channel (referrals),,,,,1,0,0,,,
2025-06-01,app marketing - paid,,,,,,15,1,39,,,
2025-06-01,app marketing - organic,organic,,,,,3,0,0,,,
2025-06-01,programmatic,the trade desk,lal - audio,,,,12,0,0,,,
2025-06-01,sem - generic,bing,,,,,851.5367034,51.46001828,5449.058713,,,
2025-06-01,social media,facebook,paid,,,,558.8333333,14.83333333,773.44,,,
2025-06-01,programmatic,the trade desk,prospecting - tv,,,,230,5,1234,,,
2025-06-01,referrals,customer referral program,,,,,155.8480119,82.03623378,12893.30261,,,
2025-06-01,affiliate program,,,,,,4,0,0,,,
2025-06-01,sem - branded,google,,,,,1709.162659,516.3804341,75937.167,,,
2025-06-01,influencer,brand partner/ambassador (+10k),darian jarrett/capital city professional,,,,1,0,0,,,
2025-06-01,experimental,facebook - lead gen,paid - evergreen webinar,,,,2.5,1.5,339.49,,,
2025-06-01,organic search,ai search,chatgpt,,,,266.3251895,144.8813553,27524.73507,,,
2025-06-01,experimental,podcast ads,,,,,2,0,0,,,
2025-06-01,organic search,ai search,claude,,,,0.5,0,0,,,
2025-06-01,events,virtual,jobber blueprint,,,,8.904648466,2.004150888,266.1447653,,,
2025-06-01,app marketing - paid,tiktok,,,,,6269,93,5433.64,,,
2025-06-01,youtube,organic,,,,,481.2805694,58.78680733,3839.807933,,,
2025-06-01,programmatic,mntn,,,,,890.0189525,213.4300899,30770.36669,,,
2025-06-01,youtube,demand gen,remarketing,,,,29.39285714,2.392857143,249.8214286,,,
2025-06-01,programmatic,the trade desk,prospecting - display,,,,26,2,238,,,
2025-06-01,youtube,trueview,prospecting,,,,117.4896647,14.46125539,2476.82718,,,
2025-06-01,advertising,,,,,,1,0,0,,,
2025-06-01,organic search,ai search,perplexity,,,,4.279462366,0.315270936,31.03768473,,,
2025-06-01,social media,facebook - lead gen,paid - evergreen webinar,,,,0,1,39.99,,,
2025-06-01,freemium paid,bing,paid,,,,559.7180642,13.22044514,938.7688007,,,
2025-06-01,freemium paid,google,paid,,,,539,35,3479.91,,,
2025-06-01,directories,getapp,paid,,,,17.23333333,3.983333333,381.6733333,,,
2025-06-01,influencer,brand partner/ambassador (+10k),huda saleh / spotless auto care,,,,2,0,0,,,
2025-06-01,influencer,alumni partner,chanique stewart/chanique cleaning services/cleaning boss accelerator,,,,4.5,0,0,,,
2025-06-01,influencer,ambassador,nicolas sevrette/montreal sparky,,,,1,0,0,,,
2025-06-01,influencer,brand partner/ambassador (+10k),austin gray - ownr ops / ownr ops skool community / bear claw land services,,,,2,0,0,,,
2025-06-01,organic search,jobber academy,,,,,3.333333333,1,119,,,
2025-06-01,influencer,nano brand partner/ambassador (<10k),mark mcginty/ mcginty toman electric,,,,1,0,0,,,
2025-06-01,youtube,paid,,,,,15,1,39.99,,,
2025-06-01,influencer,brand partner/ambassador (+10k),cornell mack/mack landscaping & lawn care,,,,1,0,0,,,
2025-06-01,app marketing - paid,smadex,ios,,,,2326,95,7214.35,,,
2025-06-01,partner program,integrations,thumbtack,,,,2.555555556,0.5,139,,,
2025-06-01,partner program,integrations,,,,,3.067722996,0.07189406,28.41428837,,,
2025-06-01,direct/unknown,direct,,,,,1090.19604,13.44038461,1862.01868,,,
2025-06-01,partner program,integrations,google lsa,,,,2,0,0,,,
2025-06-01,influencer,brand partner/ambassador (+10k),john seaman/jc property professionals/jcp properties/jcp,,,,24,1,39.99,,,
2025-06-01,experimental,facebook,fb lead gen ebook,,,,1,0,0,,,
2025-06-01,influencer,brand partner/ambassador (+10k),ricardo diaz/legacy junk removal,,,,1,1,39.99,,,
2025-06-01,influencer,business brand partner,logan sendle/blue collar business accelerator/bcba,,,,1,2,518,,,
2025-06-01,influencer,brand partner/ambassador (+10k),david rus / daves auto detail,,,,1,0,0,,,
2025-06-01,influencer,macro brand partner (+1m),jeff thorman/home renovision diy/home renovision,,,,13,1,349,,,
2025-06-01,influencer,nano brand partner/ambassador (<10k),greg schmitt/huge handyman,,,,1,1,198,,,
2025-06-01,direct/unknown,general,,,,,5,0,0,,,
2025-06-01,influencer,brand partner/ambassador (+10k),ivan carvalho/glaucio carvalho/mr. bubbles,,,,1,0,0,,,
2025-06-01,influencer,brand partner/ambassador (+10k),jacqueline and tanner hurst/jt junk solutions,,,,5,0,0,,,
2025-06-01,word of mouth,organic wom referrals,general,,,,244,8,992.99,,,
2025-06-01,influencer,brand partner/ambassador (+10k),jerome moors/shark pressure washing,,,,1,0,0,,,
2025-06-01,programmatic,mntn,prospecting,,,,1208.710328,155.9749373,23745.97214,,,
2025-06-01,influencer,general,brown brothers lawn care,,,,0.042372881,0.042372881,1.652542373,,,
2025-06-01,social media,facebook,organic,,,,844.0926537,22.30169051,2015.833901,,,
2025-06-01,influencer,ambassador,courtney copeland/san diego scoop squad,,,,1,0,0,,,
2025-06-01,advertising,pr,online article,,,,2,0,0,,,
2025-06-01,influencer,ambassador,codie sanchez/contrarian thinking,,,,1,0,0,,,
2025-06-01,social media,twitter,organic,,,,1,1,119,,,
2025-06-01,programmatic,,,,,,7,0,0,,,
2025-06-01,organic search,support documentation,,,,,3,0,0,,,
2025-06-01,sem - generic,google,paid,,,,2,0,0,,,
2025-06-01,directories,capterra,,,,,3,0,0,,,
2025-06-01,social media,facebook,remarketing,,,,68.08333333,6.726190476,947.7161905,,,
2025-06-01,influencer,brand partner/ambassador (+10k),oscar gil/detail groove,,,,108.6714286,1.971428571,313.6,,,
2025-06-01,social media,linkedin,,,,,11,0,0,,,
2025-06-01,sem - competitors,bing,,,,,39.88586498,3.635864979,634.9922426,,,
2025-06-01,social media,instagram,paid,,,,28,1,39.99,,,
2025-06-01,influencer,brand partner/ambassador (+10k),e itzcoatl aguilar / ewokdoeshvac / ewok does hvac,,,,5.333333333,0,0,,,
2025-06-01,partner program,integrations,fundbox,,,,0.25,0,0,,,
2025-06-01,influencer,brand partner/ambassador (+10k),tom maggs/maggs lawn/maggs lawn and landscape,,,,1,0,0,,,
2025-06-01,partner program,channel (referrals),savvy jobz,,,,0.043478261,0.033119658,8.748931624,,,
2025-06-01,influencer,brand partner/ambassador (+10k),ben millen/benjamin millen/bluladder/ben the window cleaner,,,,0.850574713,0.017241379,5.637931034,,,
2025-06-01,partner program,integrations,nicejob,,,,1,0,0,,,
2025-06-01,sem - franchise,google,paid,,,,29.36126077,15.63035251,2805.629124,,,
2025-06-01,events,virtual,jobber now,,,,19,10,1252.97,,,
2025-06-01,app marketing - paid,apple search ads,,,,,3873,195,11302.74,,,
2025-06-01,app marketing - paid,smadex,,,,,1,0,0,,,
2025-06-01,app marketing - organic,,,,,,1,0,0,,,
2025-06-01,social media,,,,,,213,10,924.93,,,
2025-06-01,partner program,channel (franchises),pink's window service,,,,1,0,0,,,
2025-06-01,programmatic,the trade desk,lal - tv,,,,31,1,328,,,
2025-06-01,freemium paid,bing,paid,,,,40,5,196.98,,,
2025-05-01,sem - competitors,google,,,,,191.0596542,35.51389535,5382.572059,,,
2025-05-01,organic search,,,,,,7737.192936,1476.492319,243696.329,,,
2025-05-01,influencer,brand partner/ambassador (+10k),diana cruz/dee takes over cleaning,,,,1,0,0,,,
2025-05-01,app marketing - experimental,jampp,,,,,225,8,398.93,,,
2025-05-01,programmatic,mntn,prospecting - audience match,,,,158,11,1927,,,
2025-05-01,freemium paid,bing,paid,,,,671.2832596,19.29873581,2084.846207,,,
2025-05-01,programmatic,the trade desk,prospecting - display,,,,26,0,0,,,
2025-05-01,directories,getapp,paid,,,,59.66466245,5.006329114,697.1988608,,,
2025-05-01,events,tradeshows,unspecified,,,,2,0,0,,,
2025-05-01,influencer,brand partner/ambassador (+10k),randy roblero/detailing beyond limits/beyond limits of palm beach,,,,2,1,39.99,,,
2025-05-01,organic search,support documentation,,,,,1,0,0,,,
2025-05-01,influencer,brand partner/ambassador (+10k),keven bermeo / pressure washing plays,,,,2,2,398,,,
2025-05-01,youtube,demand gen,prospecting,,,,93.99358974,8.166666667,1088.323333,,,
2025-05-01,app marketing - paid,,,,,,31,1,39.99,,,
2025-05-01,freemium paid,google,paid,,,,3385.160565,86.51094694,6430.229759,,,
2025-05-01,influencer,brand partner/ambassador (+10k),roy thomas/pro era plumbing,,,,4,0,0,,,
2025-05-01,organic search,reddit,,,,,4.75,0.25,33.75,,,
2025-05-01,social media,facebook,paid,,,,916.9889277,10.33333333,1189.08,,,
2025-05-01,social media,twitter,,,,,2,0,0,,,
2025-05-01,influencer,brand partner/ambassador (+10k),chase gallagher/cmg landscape/service pro elite,,,,1.25,0,0,,,
2025-05-01,directories,g2,paid,,,,2.076923077,0.576923077,145.0769231,,,
2025-05-01,affiliate program,partnerstack,,,,,102.6298376,16.48420014,2278.384448,,,
2025-05-01,advertising,radio,denver,,,,1,0,0,,,
2025-05-01,influencer,brand partner/ambassador (+10k),eric gonzalez / castillos landscaping,,,,1,0,0,,,
2025-05-01,app marketing - paid,google uac,,,,,7241,97,5389.85,,,
2025-05-01,app marketing - paid,apple search ads,,,,,4244,210,13150.87,,,
2025-05-01,partner program,channel (resellers),,,,,1,0,0,,,
2025-05-01,influencer,brand partner/ambassador (+10k),matthew hawk/matthew's mowing & lawn maintenance,,,,1,0,0,,,
2025-05-01,app marketing - paid,smadex,ctv,,,,1,0,0,,,
2025-05-01,youtube,trueview,remarketing,,,,0.074074074,0,0,,,
2025-05-01,influencer,brand partner/ambassador (+10k),jeff guldalian/ the 360 electrician,,,,0.366666667,2,157,,,
2025-05-01,sem - generic,bing,paid,,,,1,0,0,,,
2025-05-01,influencer,"influencer (+10k, not sp)",sam irwin / go build stuff,,,,2,0,0,,,
2025-05-01,social media,linkedin,organic,,,,5.559279903,0.426417748,231.4133371,,,
2025-05-01,influencer,macro brand partner (+1m),chase stetson/that lawn dude,,,,156.1455711,3.033333333,131.28,,,
2025-05-01,social media,facebook,always-on,,,,382.3672569,31.4489578,3735.471712,,,
2025-05-01,influencer,alumni partner,alyssa's cleaning company/alyssa,,,,0.037412587,0,0,,,
2025-05-01,direct/unknown,organic,,,,,13,0,0,,,
2025-05-01,influencer,brand partner/ambassador (+10k),brad behr/copper creek cuts/bctp/baker county trash pickup,,,,17.5,0,0,,,
2025-05-01,social media,facebook,remarketing,,,,81.46369048,4.341666667,978.2066667,,,
2025-05-01,influencer,brand partner/ambassador (+10k),jeff kult / trusted electric,,,,1,0,0,,,
2025-05-01,influencer,brand partner/ambassador (+10k),oscar gil/detail groove,,,,117.5748252,3,597,,,
2025-05-01,influencer,brand partner/ambassador (+10k),cameron vogelsang/tennessee electrician,,,,3,0,0,,,
2025-05-01,partner program,channel (referrals),managed service providers (msp),,,,4,4,540,,,
2025-05-01,social media,instagram,organic,,,,114.1805556,2.027681992,218.7368774,,,
2025-05-01,influencer,ambassador,,,,,31.83333333,0,0,,,
2025-05-01,influencer,ambassador,desmond tse/the siding guy,,,,1,0,0,,,
2025-05-01,partner program,integrations,sendjim,,,,0.25,0.25,38.025,,,
2025-05-01,partner program,channel (franchises),halo home maintenance,,,,1,0,0,,,
2025-05-01,influencer,brand partner/ambassador (+10k),e itzcoatl aguilar / ewokdoeshvac / ewok does hvac,,,,12.5,0,0,,,
2025-05-01,influencer,brand partner/ambassador (+10k),jacqueline and tanner hurst/jt junk solutions,,,,2,0,0,,,
2025-05-01,sem - branded,google,,,,,2283.998789,694.7135243,99411.27994,,,
2025-05-01,advertising,pr,magazine,,,,1,0,0,,,
2025-05-01,influencer,ambassador,paul jamison,,,,3.5,0,0,,,
2025-05-01,influencer,brand partner/ambassador (+10k),tyler westfall,,,,0.037412587,0,0,,,
2025-05-01,events,tradeshows,huge convention,,,,0,1,39.99,,,
2025-05-01,influencer,brand partner/ambassador (+10k),aron jones/big dog construction,,,,1,0,0,,,
2025-05-01,influencer,brand partner/ambassador (+10k),mary-anne bowcott/the lady plumber/westcom plumbing,,,,0.037412587,0,0,,,
2025-05-01,youtube,organic,,,,,468.7726588,57.73227348,4915.049229,,,
2025-05-01,direct/unknown,organic,android,,,,1,0,0,,,
2025-05-01,performance max,,,,,,2.787861183,1.471151616,164.1646425,,,
2025-05-01,youtube,demand gen,remarketing,,,,27.22619048,2.5,507.99,,,
2025-05-01,influencer,brand partner/ambassador (+10k),kipp bender / rocksteady tile company,,,,1,0,0,,,
2025-05-01,programmatic,the trade desk,lal - audio,,,,15,0,0,,,
2025-05-01,organic search,ai search,perplexity,,,,1.288346692,1.115932899,133.5432678,,,
2025-05-01,app marketing - organic,organic,ios,,,,7593.533333,213.2,14848.91,,,
2025-05-01,experimental,podcast ads,,,,,4,1,248,,,
2025-05-01,influencer,alumni partner,chanique stewart/chanique cleaning services/cleaning boss accelerator,,,,16,0,0,,,
2025-05-01,referrals,customer referral program,,,,,159.0715067,79.54677365,9882.965057,,,
2025-05-01,events,virtual,jobber now,,,,9,11,1192.95,,,
2025-05-01,influencer,brand partner/ambassador (+10k),jessica bannister,,,,1.037412587,0,0,,,
2025-05-01,freemium paid,facebook,,,,,1,0,0,,,
2025-05-01,freemium paid,bing,paid,,,,62,6,374,,,
2025-05-01,influencer,brand partner/ambassador (+10k),ivan carvalho/glaucio carvalho/mr. bubbles,,,,1,0,0,,,
2025-05-01,organic search,jobber academy,,,,,0.5,0.333333333,13,,,
2025-05-01,organic search,ai search,chatgpt,,,,274.3182097,139.7806482,26647.29051,,,
2025-05-01,influencer,brand partner/ambassador (+10k),cornell mack/mack landscaping & lawn care,,,,1,0,0,,,
2025-05-01,influencer,brand partner/ambassador (+10k),jon dawson / texas luxury cleaning,,,,22,2,78.99,,,
2025-05-01,youtube,paid,,,,,7,3,278.98,,,
2025-05-01,influencer,alumni partner,gary mccreadie/hvac know it all,,,,0.037412587,0,0,,,
2025-05-01,influencer,brand partner/ambassador (+10k),jersey cronin/jersey/window cleaning resource/wcr/wcr nation,,,,1,0,0,,,
2025-05-01,directories,capterra,paid,,,,83.51108819,7.469596344,1081.692223,,,
2025-05-01,influencer,brand partner/ambassador (+10k),james moreno/top class detail,,,,4,0,0,,,
2025-05-01,influencer,brand partner/ambassador (+10k),walter washington/ww hvac,,,,8.25,2,79.98,,,
2025-05-01,direct/unknown,,,,,,1948.561408,54.12435552,10727.15798,,,
2025-05-01,influencer,brand partner/ambassador (+10k),austin gray - ownr ops / ownr ops skool community / bear claw land services,,,,1,0,0,,,
2025-05-01,influencer,brand partner/ambassador (+10k),david reuk / daveystruggle,,,,1,0,0,,,
2025-05-01,influencer,general,,,,,30,2,78.99,,,
2025-05-01,app marketing - paid,tiktok,,,,,7333,86,5315.35,,,
2025-05-01,influencer,macro brand partner (+1m),jeff thorman/home renovision diy/home renovision,,,,7,1,169,,,
2025-05-01,influencer,brand partner/ambassador (+10k),casey evertsen/bin blasters,,,,17.01818182,1,199.99,,,
2025-05-01,app marketing - organic,organic,,,,,8,1,249,,,
2025-05-01,influencer,nano brand partner/ambassador (<10k),manny mollinedo/construction concrete designs llc,,,,1,0,0,,,
2025-05-01,influencer,brand partner/ambassador (+10k),erica krupin/kroopin poopin scoopin,,,,8.333333333,0.333333333,76,,,
2025-05-01,social media,facebook - lead gen,paid - evergreen webinar,,,,2,0,0,,,
2025-05-01,influencer,brand partner/ambassador (+10k),diamond and drake/drake lawn care,,,,1,0,0,,,
2025-05-01,influencer,business brand partner,aaron wilton-jones / autoclean academy,,,,1,0,0,,,
2025-05-01,advertising,pr,online article,,,,2,0,0,,,
2025-05-01,direct/unknown,organic,ios,,,,2,0,0,,,
2025-05-01,influencer,brand partner/ambassador (+10k),warren chappell / boss plumbing and heating,,,,2,0,0,,,
2025-05-01,events,virtual,jobber blueprint,,,,8.577522967,2.896425065,577.2704556,,,
2025-05-01,influencer,alumni partner,mike garvey/side hustle squad podcast,,,,1,0,0,,,
2025-05-01,direct/unknown,other,,,,,1,0,0,,,
2025-05-01,influencer,brand partner/ambassador (+10k),darian jarrett/capital city professional,,,,1,0,0,,,
2025-05-01,app marketing - organic,organic,android,,,,1607,36,2272.67,,,
2025-05-01,partner program,integrations,zapier,,,,1.854127396,1.370794063,211.3281963,,,
2025-05-01,programmatic,mntn,,,,,922.2870153,230.0547142,35353.74587,,,
2025-05-01,partner program,channel (all others),,,,,2,0,0,,,
2025-05-01,advertising,online/general,,,,,134,1,119,,,
2025-05-01,sem - branded,bing,,,,,822.0862087,314.9521342,37981.48021,,,
2025-05-01,partner program,channel (franchises),,,,,6,5,538.63,,,
2025-05-01,freemium organic,,,,,,97,11,1178.98,,,
2025-05-01,experimental,tiktok,paid,,,,0,1,39.99,,,
2025-05-01,directories,software advice,ppl,,,,1,0,0,,,
2025-05-01,events,virtual,jobber grants,,,,3,0,0,,,
2025-05-01,influencer,brand partner/ambassador (+10k),keith kalfas,,,,47.22447552,5,574.98,,,
2025-05-01,influencer,brand partner/ambassador (+10k),hunter patrick/dumpire junk removal,,,,35.5,2,78,,,
2025-05-01,influencer,general,brian's lawn maintenance,,,,1,0,0,,,
2025-05-01,direct/unknown,online/general,,,,,77,0,0,,,
2025-05-01,app marketing - paid,smadex,ios,,,,2168,99,5881.36,,,
2025-05-01,influencer,brand partner/ambassador (+10k),ray duke/bulletproof handyman,,,,11.5,2,238,,,
2025-05-01,programmatic,the trade desk,prospecting - audio,,,,146,3,277,,,
2025-05-01,influencer,brand partner/ambassador (+10k),ryaan tuttle/best handyman boston/rjt,,,,1,0,0,,,
2025-05-01,sem - generic,google,paid,,,,2,0,0,,,
2025-05-01,influencer,brand partner/ambassador (+10k),ji mobile mechanics/jacob ireland,,,,2,0,0,,,
2025-05-01,partner program,channel (franchises),new creations,,,,0,1,290.65,,,
2025-05-01,partner program,integrations,gusto,,,,1,0,0,,,
2025-05-01,programmatic,mntn,prospecting,,,,1278.241115,175.7895333,23240.41721,,,
2025-05-01,partner program,integrations,thumbtack,,,,1.125,0,0,,,
2025-05-01,sem - generic,bing,,,,,968.7086814,67.43931489,8552.867109,,,
2025-05-01,experimental,facebook - lead gen,paid - evergreen webinar,,,,3.52039627,0,0,,,
2025-05-01,programmatic,the trade desk,prospecting - tv,,,,362,3,376,,,
2025-05-01,youtube,trueview,prospecting,,,,162.0854755,13.34975374,1860.620319,,,
2025-05-01,influencer,brand partner/ambassador (+10k),john seaman/jc property professionals/jcp properties/jcp,,,,32,0,0,,,
2025-05-01,sem - competitors,bing,,,,,33.23333333,8.566666667,1294.523333,,,
2025-05-01,influencer,"influencer (+10k, not sp)",mike swezey/the handyman business,,,,2,0,0,,,
2025-05-01,influencer,brand partner/ambassador (+10k),tom maggs/maggs lawn/maggs lawn and landscape,,,,4,1,278,,,
2025-05-01,direct/unknown,paid,,,,,1,0,0,,,
2025-05-01,influencer,brand partner/ambassador (+10k),ben millen/benjamin millen/bluladder/ben the window cleaner,,,,11.8627451,0.029411765,3.5,,,
2025-05-01,influencer,brand partner/ambassador (+10k),kevin watson/off the path with kevin/off the path,,,,1,0,0,,,
2025-05-01,influencer,brand partner/ambassador (+10k),dan holliday,,,,7,1.166666667,77.99,,,
2025-05-01,events,virtual,jobber summit,,,,35.0854398,10.71900353,2428.837857,,,
2025-05-01,influencer,business brand partner,casper opala / casper captial,,,,1,0,0,,,
2025-05-01,events,paid social events,,,,,7.89001554,0,0,,,
2025-05-01,influencer,business brand partner,logan sendle/blue collar business accelerator/bcba,,,,1,1,39.99,,,
2025-05-01,app marketing - paid,moloco,,,,,7,0,0,,,
2025-05-01,sem - franchise,google,paid,,,,18.68085143,14.36361534,2923.846495,,,
2025-05-01,partner program,integrations,intuit,,,,15.25,1.25,207.025,,,
2025-05-01,partner program,channel (referrals),savvy jobz,,,,0.121706827,0.088587169,24.01375424,,,
2025-05-01,partner program,integrations,companycam,,,,2.945253291,0.763338223,224.566897,,,
2025-05-01,partner program,channel (referrals),,,,,2,3,324.1,,,
2025-05-01,partner program,integrations,stripe,,,,11.61661384,7.057479053,1987.532836,,,
2025-05-01,social media,facebook,,,,,1,0,0,,,
2025-05-01,word of mouth,organic wom referrals,,,,,1,0,0,,,
2025-05-01,partner program,channel (franchises),pink's window service,,,,0,1,220,,,
2025-05-01,direct/unknown,direct,,,,,800.0915314,17.74399795,2285.523072,,,
2025-05-01,programmatic,,,,,,4,1,119,,,
2025-05-01,influencer,brand partner/ambassador (+10k),timmy riggs / streakers window cleaning,,,,2,0,0,,,
2025-05-01,events,tradeshows,arcsi,,,,0.923160173,0.71002886,137.4810245,,,
2025-05-01,influencer,brand partner/ambassador (+10k),skyler lane / realskylane / junk success,,,,1,0,0,,,
2025-05-01,influencer,brand partner/ambassador (+10k),caleb moore/clean cleans,,,,1,0,0,,,
2025-05-01,influencer,brand partner/ambassador (+10k),dan janzen/dj tiling,,,,1,0,0,,,
2025-05-01,influencer,alumni partner,jason cleans/jason shipway,,,,1,0,0,,,
2025-05-01,directories,other,paid,,,,1.25,0,0,,,
2025-05-01,influencer,general,brown brothers lawn care,,,,0.046511628,0.046511628,7.074418605,,,
2025-05-01,sem - generic,google,,,,,1958.410685,196.3285803,21574.10799,,,
2025-05-01,influencer,ambassador,lexi abreu/lex the electrician,,,,0,1,39,,,
2025-05-01,programmatic,the trade desk,lal - tv,,,,36,1,349,,,
2025-05-01,sem - franchise,bing,paid,,,,1,0,0,,,
2025-05-01,social media,facebook,organic,,,,1945.009367,33.42419173,3919.146976,,,
2025-05-01,directories,other,,,,,2,0,0,,,
2025-05-01,social media,,,,,,220,12,668.89,,,
2025-05-01,word of mouth,organic wom referrals,general,,,,221,12,1665.97,,,
2025-05-01,partner program,channel (referrals),coaches/trainers,,,,0,1,169,,,
2025-05-01,social media,instagram,paid,,,,43,0,0,,,
2025-05-01,affiliate program,commission junction,,,,,89.27377796,6.952349389,481.2178728,,,
2025-05-01,partner program,integrations,nicejob,,,,3.014285714,0.180952381,28.48571429,,,
2025-05-01,app marketing - experimental,meta apps,ios,,,,1,0,0,,,
2025-05-01,affiliate program,,,,,,4,0,0,,,
2025-05-01,directories,mvf,paid,,,,0.264925373,0.264925373,67.45895522,,,
2025-05-01,freemium paid,google,paid,,,,353,37,2871.88,,,
2025-05-01,app marketing - organic,,,,,,2,0,0,,,
2025-05-01,direct/unknown,general,,,,,4,0,0,,,
2025-05-01,influencer,brand partner/ambassador (+10k),zech osburn/z's exterior services/biz boosters,,,,46,1,199,,,
2025-05-01,direct/unknown,commission junction,,,,,1,0,0,,,
2025-05-01,influencer,alumni partner,the epoxy pros/daniel george,,,,1.25,0,0,,,
2025-05-01,partner program,integrations,responsibid,,,,0.005405405,0.005405405,1.886486486,,,
2025-05-01,advertising,radio,general,,,,10,0,0,,,
2025-05-01,partner program,integrations,,,,,1.340793871,0.003289474,0.884868421,,,
2025-05-01,partner program,channel (referrals),other,,,,1,0,0,,,
2025-05-01,social media,linkedin,,,,,2,0,0,,,
2025-05-01,experimental,tiktok,organic,,,,10,0,0,,,
2025-05-01,experimental,facebook,fb lead gen ebook,,,,2,0,0,,,
2025-05-01,outbound,,,,,,2,0,0,,,
2025-04-01,influencer,brand partner/ambassador (+10k),eric gonzalez / castillos landscaping,,,,2,0,0,,,
2025-04-01,app marketing - organic,organic,,,,,10,0,0,,,
2025-04-01,influencer,brand partner/ambassador (+10k),randy roblero/detailing beyond limits/beyond limits of palm beach,,,,5,1,39,,,
2025-04-01,sem - generic,bing,,,,,933.1353078,49.95339643,6015.495763,,,
2025-04-01,influencer,brand partner/ambassador (+10k),keven bermeo / pressure washing plays,,,,5,3,597,,,
2025-04-01,programmatic,the trade desk,prospecting - tv,,,,46,3,276,,,
2025-04-01,influencer,brand partner/ambassador (+10k),roy thomas/pro era plumbing,,,,1,0,0,,,
2025-04-01,programmatic,tubi,,,,,0,1,248,,,
2025-04-01,influencer,brand partner/ambassador (+10k),tym o'laughlin/tymo/tymo paints,,,,1,0,0,,,
2025-04-01,influencer,"influencer (+10k, not sp)",mike swezey/the handyman business,,,,4.033333333,0,0,,,
2025-04-01,app marketing - organic,organic,android,,,,1756,35,2151.35,,,
2025-04-01,influencer,brand partner/ambassador (+10k),hunter patrick/dumpire junk removal,,,,4,0,0,,,
2025-04-01,partner program,integrations,companycam,,,,1.750318973,0.629602463,120.5116145,,,
2025-04-01,influencer,brand partner/ambassador (+10k),connor maendel / maendel construction llc,,,,1,0,0,,,
2025-04-01,partner program,channel (referrals),managed service providers (msp),,,,2,2,166,,,
2025-04-01,social media,instagram,organic,,,,53.5137931,8.666666667,1098.66,,,
2025-04-01,affiliate program,commission junction,,,,,58.37181054,8.26960928,678.5074725,,,
2025-04-01,partner program,integrations,zapier,,,,4.859418392,3.216238926,587.8948417,,,
2025-04-01,events,virtual,jobber summit,,,,35.9813957,14.64683646,3076.079013,,,
2025-04-01,partner program,channel (referrals),,,,,1,1,428,,,
2025-04-01,events,paid social events,,,,,5.774879227,0,0,,,
2025-04-01,partner program,channel (referrals),dealer/suppliers/manufacturers ,,,,1,1,278,,,
2025-04-01,events,virtual,jobber grants,,,,2,0,0,,,
2025-04-01,social media,instagram,paid,,,,6,0,0,,,
2025-04-01,direct/unknown,,,,,,1307.226258,54.1514704,10564.15853,,,
2025-04-01,app marketing - experimental,meta apps,ios,,,,1,0,0,,,
2025-04-01,organic search,reddit,,,,,3.588392857,1.42172619,76.29553571,,,
2025-04-01,partner program,integrations,google lsa,,,,1,0,0,,,
2025-04-01,influencer,brand partner/ambassador (+10k),jon dawson / texas luxury cleaning,,,,8.333333333,0,0,,,
2025-04-01,influencer,brand partner/ambassador (+10k),keith kalfas,,,,25.95635829,8.052631579,430.2431579,,,
2025-04-01,freemium paid,google,paid,,,,3403.576572,73.23158076,5373.720485,,,
2025-04-01,organic search,ai search,claude,,,,0.5,0,0,,,
2025-04-01,influencer,brand partner/ambassador (+10k),zech osburn/z's exterior services/biz boosters,,,,35,2,237,,,
2025-04-01,influencer,brand partner/ambassador (+10k),ben millen/benjamin millen/bluladder/ben the window cleaner,,,,0,0.666666667,79.33333333,,,
2025-04-01,influencer,macro brand partner (+1m),chase stetson/that lawn dude,,,,61.65316206,10.02272727,1035.366364,,,
2025-04-01,sem - competitors,bing,,,,,51.36718537,12.28385203,1900.189428,,,
2025-04-01,influencer,ambassador,nick huber/sweaty startup,,,,1,0,0,,,
2025-04-01,sem - franchise,google,paid,,,,24.68214443,16.31778352,2892.778708,,,
2025-04-01,influencer,brand partner/ambassador (+10k),dan holliday,,,,9.166666667,0,0,,,
2025-04-01,influencer,general,,,,,17,0,0,,,
2025-04-01,influencer,brand partner/ambassador (+10k),tyler westfall,,,,0.05,0,0,,,
2025-04-01,app marketing - paid,apple search ads,,,,,4171,194,13773.46,,,
2025-04-01,influencer,brand partner/ambassador (+10k),jeff guldalian/ the 360 electrician,,,,6,0,0,,,
2025-04-01,influencer,business brand partner,alex guzman / modern day contractor,,,,0.05,0,0,,,
2025-04-01,freemium organic,,,,,,31,7,393.99,,,
2025-04-01,app marketing - organic,organic,ios,,,,5627.333333,208.3333333,13008.31,,,
2025-04-01,influencer,general,brian's lawn maintenance,,,,1,0,0,,,
2025-04-01,influencer,brand partner/ambassador (+10k),casey evertsen/bin blasters,,,,1,1,168,,,
2025-04-01,programmatic,the trade desk,prospecting - audio,,,,10,1,328,,,
2025-04-01,performance max,,,,,,1.948044937,2.920314737,374.4289787,,,
2025-04-01,social media,twitter,,,,,6,0,0,,,
2025-04-01,programmatic,mntn,prospecting - audience match,,,,86,19,2909.97,,,
2025-04-01,advertising,online/general,,,,,30,2,158,,,
2025-04-01,partner program,channel (franchises),,,,,8,4,845,,,
2025-04-01,programmatic,the trade desk,prospecting - display,,,,1,0,0,,,
2025-04-01,youtube,demand gen,prospecting,,,,31.60656566,3.378787879,142.6363636,,,
2025-04-01,partner program,channel (all others),bin blasters,,,,1,0,0,,,
2025-04-01,events,tradeshows,arcsi,,,,2.058169653,1.880391875,378.6294973,,,
2025-04-01,directories,capterra,paid,,,,304.3143465,14.30946068,3522.234138,,,
2025-04-01,partner program,channel (resellers),verizon,,,,1,2,219,,,
2025-04-01,app marketing - experimental,jampp,,,,,171,6,268.95,,,
2025-04-01,app marketing - paid,smadex,ios,,,,1449,86,5240.32,,,
2025-04-01,freemium paid,bing,paid,,,,30,6,334,,,
2025-04-01,organic search,direct/other,,,,,1,0,0,,,
2025-04-01,app marketing - paid,moloco,,,,,4,1,39.99,,,
2025-04-01,youtube,paid,,,,,10,0,0,,,
2025-04-01,app marketing - paid,,,,,,30,3,408.98,,,
2025-04-01,partner program,integrations,stripe,,,,4.73498862,2.107564342,377.4798011,,,
2025-04-01,partner program,channel (franchises),next day access,,,,1,1,170,,,
2025-04-01,influencer,brand partner/ambassador (+10k),adam chapman/pad pal,,,,5,1,39.99,,,
2025-04-01,direct/unknown,online/general,,,,,4,0,0,,,
2025-04-01,partner program,integrations,,,,,1.00617284,0.00617284,1.660493827,,,
2025-04-01,influencer,brand partner/ambassador (+10k),ray duke/bulletproof handyman,,,,7.253968254,3.453968254,266.2315079,,,
2025-04-01,influencer,alumni partner,the epoxy pros/daniel george,,,,1.05,0,0,,,
2025-04-01,partner program,channel (referrals),industry associations,,,,1,0,0,,,
2025-04-01,influencer,brand partner/ambassador (+10k),brad behr/copper creek cuts/bctp/baker county trash pickup,,,,11.5,0,0,,,
2025-04-01,experimental,tiktok,organic,,,,6,0,0,,,
2025-04-01,influencer,brand partner/ambassador (+10k),ryaan tuttle/best handyman boston/rjt,,,,1,0,0,,,
2025-04-01,influencer,brand partner/ambassador (+10k),louis mouchet,,,,1,0,0,,,
2025-04-01,experimental,facebook,fb lead gen ebook,,,,1,0,0,,,
2025-04-01,influencer,brand partner/ambassador (+10k),mary-anne bowcott/the lady plumber/westcom plumbing,,,,0.043478261,0,0,,,
2025-04-01,influencer,nano brand partner/ambassador (<10k),finn varette / varchuk/ howtohomeservice,,,,1,0,0,,,
2025-04-01,outbound,,,,,,1,0,0,,,
2025-04-01,sem - generic,google,,,,,2484.575178,189.7815142,19915.39022,,,
2025-04-01,influencer,ambassador,paul jamison,,,,2.5,0,0,,,
2025-04-01,influencer,business brand partner,logan sendle/blue collar business accelerator/bcba,,,,2,0,0,,,
2025-04-01,social media,facebook,paid,,,,172.1684783,18.125,1653.045,,,
2025-04-01,influencer,ambassador,codie sanchez/contrarian thinking,,,,1,0,0,,,
2025-04-01,partner program,integrations,thumbtack,,,,0.333333333,0,0,,,
2025-04-01,influencer,brand partner/ambassador (+10k),chase gallagher/cmg landscape/service pro elite,,,,1,0,0,,,
2025-04-01,advertising,radio,sirius,,,,0,1,39,,,
2025-04-01,influencer,brand partner/ambassador (+10k),adrian garcia,,,,1,0,0,,,
2025-04-01,programmatic,the trade desk,lal - audio,,,,2,0,0,,,
2025-04-01,organic search,jobber academy,,,,,2.803030303,1.136363636,146.1363636,,,
2025-04-01,experimental,facebook - lead gen,paid - evergreen webinar,,,,2.217391304,0,0,,,
2025-04-01,social media,facebook,remarketing,,,,65.98939394,4.056060606,773.3430303,,,
2025-04-01,referrals,customer referral program,,,,,155.6324366,71.2781585,13388.59021,,,
2025-04-01,advertising,radio,general,,,,18,0,0,,,
2025-04-01,events,virtual,jobber blueprint,,,,6.143909421,0.674585749,161.5878984,,,
2025-04-01,social media,linkedin,,,,,4,0,0,,,
2025-04-01,app marketing - experimental,remerge,,,,,0,2,79.98,,,
2025-04-01,events,virtual,jobber now,,,,7,5,457.97,,,
2025-04-01,directories,software advice,ppc,,,,0,2,627,,,
2025-04-01,youtube,demand gen,remarketing,,,,1,2,448,,,
2025-04-01,influencer,brand partner/ambassador (+10k),john seaman/jc property professionals/jcp properties/jcp,,,,22,4,584.99,,,
2025-04-01,freemium paid,bing,paid,,,,704.7547619,14.83333333,1383.583333,,,
2025-04-01,influencer,alumni partner,alyssa's cleaning company/alyssa,,,,0.043478261,0,0,,,
2025-04-01,sem - competitors,google,,,,,282.0461228,57.43342075,8349.850052,,,
2025-04-01,influencer,alumni partner,gary mccreadie/hvac know it all,,,,0.043478261,0,0,,,
2025-04-01,influencer,brand partner/ambassador (+10k),cornell mack/mack landscaping & lawn care,,,,1,0,0,,,
2025-04-01,influencer,brand partner/ambassador (+10k),jessica bannister,,,,0.043478261,0,0,,,
2025-04-01,influencer,business brand partner,dave moerman/revive washing/home service business coach,,,,1,0,0,,,
2025-04-01,social media,facebook,always-on,,,,424.6502165,38.72164502,3553.317727,,,
2025-04-01,influencer,brand partner/ambassador (+10k),josh canales / 949 garage,,,,0.25,0.25,107,,,
2025-04-01,partner program,integrations,intuit,,,,32.66666667,3,487,,,
2025-04-01,influencer,brand partner/ambassador (+10k),ben thomson / hvac strong,,,,1,0,0,,,
2025-04-01,youtube,organic,,,,,365.3432037,61.21980833,5660.288054,,,
2025-04-01,influencer,alumni partner,mike coffey,,,,0,1,428,,,
2025-04-01,youtube,trueview,prospecting,,,,234.1984827,19.08392027,2828.785347,,,
2025-04-01,programmatic,mntn,prospecting,,,,1477.628308,183.3920357,26152.08128,,,
2025-04-01,organic search,ai search,perplexity,,,,1.5,0,0,,,
2025-04-01,social media,facebook,organic,,,,320.1034369,25.69142857,2983.358571,,,
2025-04-01,directories,getapp,paid,,,,79.2176452,3.182539683,721.7936508,,,
2025-04-01,advertising,pr,newspaper,,,,1,0,0,,,
2025-04-01,directories,g2,paid,,,,4.071428571,0.071428571,10.57142857,,,
2025-04-01,youtube,trueview,remarketing,,,,14.78225108,0.772727273,98.92424242,,,
2025-04-01,influencer,brand partner/ambassador (+10k),blake albertson/b&b lawn care/bblawncarekc,,,,1,0,0,,,
2025-04-01,directories,software advice,ppl,,,,1,0,0,,,
2025-04-01,influencer,brand partner/ambassador (+10k),austin gray - ownr ops / ownr ops skool community / bear claw land services,,,,1,0,0,,,
2025-04-01,directories,other,,,,,1,0,0,,,
2025-04-01,app marketing - paid,google uac,,,,,5597,84,5061.41,,,
2025-04-01,directories,capterra,organic,,,,1,0,0,,,
2025-04-01,programmatic,,,,,,3,0,0,,,
2025-04-01,influencer,brand partner/ambassador (+10k),james moreno/top class detail,,,,1,0,0,,,
2025-04-01,partner program,channel (referrals),other,,,,1,0,0,,,
2025-04-01,influencer,"influencer (+10k, not sp)",kory ballard/ballard inc,,,,0,2,68,,,
2025-04-01,organic search,ai search,chatgpt,,,,139.2097162,62.31640959,14940.64993,,,
2025-04-01,social media,linkedin,organic,,,,6.726191974,0.290445251,148.2120573,,,
2025-04-01,direct/unknown,direct,,,,,430.9832137,10.72015505,1834.6915,,,
2025-04-01,partner program,integrations,nicejob,,,,0.524761905,0.191428571,23.92857143,,,
2025-04-01,influencer,brand partner/ambassador (+10k),ivan carvalho/glaucio carvalho/mr. bubbles,,,,0,1,39.99,,,
2025-04-01,partner program,channel (franchises),screenmobile,,,,0,2,430.2,,,
2025-04-01,app marketing - paid,tiktok,,,,,1918,26,1234.79,,,
2025-04-01,sem - branded,bing,,,,,713.0567095,284.2780272,36663.94546,,,
2025-04-01,word of mouth,organic wom referrals,general,,,,120,8,852.98,,,
2025-04-01,app marketing - organic,,,,,,1,0,0,,,
2025-04-01,programmatic,mntn,,,,,1149.935789,258.0130995,37758.20281,,,
2025-04-01,programmatic,the trade desk,lal - tv,,,,4,1,39,,,
2025-04-01,advertising,,,,,,2,0,0,,,
2025-04-01,organic search,,,,,,7265.768931,1455.301677,234883.5625,,,
2025-04-01,affiliate program,,,,,,1,0,0,,,
2025-04-01,organic search,support documentation,,,,,2,0,0,,,
2025-04-01,freemium paid,google,paid,,,,209,37,2739.92,,,
2025-04-01,influencer,brand partner/ambassador (+10k),oscar gil/detail groove,,,,28.58695652,3.5,247.49,,,
2025-04-01,influencer,brand partner/ambassador (+10k),tommy hunter/hunter window wash,,,,3,2,79.98,,,
2025-04-01,influencer,brand partner/ambassador (+10k),tom maggs/maggs lawn/maggs lawn and landscape,,,,6,0,0,,,
2025-04-01,influencer,ambassador,,,,,1.05,0,0,,,
2025-04-01,influencer,brand partner/ambassador (+10k),brent strickland / titan garage floors,,,,1,0,0,,,
2025-04-01,affiliate program,partnerstack,,,,,74.31522286,16.77300559,1917.443111,,,
2025-04-01,social media,,,,,,120,15,1039.06,,,
2025-04-01,sem - branded,google,,,,,2484.716999,721.9909997,100694.3726,,,
2025-04-01,experimental,podcast ads,,,,,6,0,0,,,
2025-03-01,organic search,support documentation,,,,,2,0,0,,,
2025-03-01,performance max,,,,,,1.974562167,5.716760828,733.7112879,,,
2025-03-01,freemium paid,google,paid,,,,3913.931435,76.8012523,6006.394153,,,
2025-03-01,programmatic,the trade desk,prospecting - audio,,,,10,0,0,,,
2025-03-01,sem - competitors,bing,,,,,36.95504202,4.59789916,493.3096639,,,
2025-03-01,programmatic,,,,,,4,2,228,,,
2025-03-01,influencer,brand partner/ambassador (+10k),tom maggs/maggs lawn/maggs lawn and landscape,,,,2,0,0,,,
2025-03-01,freemium organic,,,,,,47,13,1059.96,,,
2025-03-01,influencer,brand partner/ambassador (+10k),jeff guldalian/ the 360 electrician,,,,6.25,0,0,,,
2025-03-01,influencer,brand partner/ambassador (+10k),keith kalfas,,,,43.06377731,10.59090909,1438.278182,,,
2025-03-01,influencer,brand partner/ambassador (+10k),mary-anne bowcott/the lady plumber/westcom plumbing,,,,0.023255814,0,0,,,
2025-03-01,influencer,macro brand partner (+1m),chase stetson/that lawn dude,,,,24.56976744,4.5,266.49,,,
2025-03-01,influencer,business brand partner,alex guzman / modern day contractor,,,,1,1,119,,,
2025-03-01,influencer,brand partner/ambassador (+10k),pablo serrano/black sheep/the black sheep lawn,,,,1,0,0,,,
2025-03-01,influencer,brand partner/ambassador (+10k),ben millen/benjamin millen/bluladder/ben the window cleaner,,,,0.666666667,0,0,,,
2025-03-01,influencer,brand partner/ambassador (+10k),dan holliday,,,,4,0,0,,,
2025-03-01,sem - franchise,google,paid,,,,38.44002974,23.50069505,4776.692502,,,
2025-03-01,events,virtual,jobber now,,,,11,6,444.97,,,
2025-03-01,app marketing - paid,apple search ads,,,,,4105,163,12861.28,,,
2025-03-01,events,tradeshows,ahr,,,,1,0,0,,,
2025-03-01,social media,,,,,,123,8,515.96,,,
2025-03-01,events,tradeshows,,,,,0,1,599,,,
2025-03-01,partner program,channel (franchises),,,,,3,2,676,,,
2025-03-01,partner program,channel (resellers),verizon,,,,2,2,141,,,
2025-03-01,partner program,channel (referrals),savvy jobz,,,,0.128571429,0.128571429,37.24285714,,,
2025-03-01,partner program,channel (franchises),fibrenew,,,,0,1,59,,,
2025-03-01,events,tradeshows,arcsi,,,,1.598768473,1.398768473,312.1348112,,,
2025-03-01,experimental,tiktok,organic,,,,1,0,0,,,
2025-03-01,youtube,organic,,,,,393.276031,53.75898742,4792.779486,,,
2025-03-01,direct/unknown,,,,,,1217.955829,59.07342066,13247.62265,,,
2025-03-01,app marketing - experimental,jampp,,,,,169,7,587.95,,,
2025-03-01,app marketing - experimental,remerge,,,,,1,0,0,,,
2025-03-01,youtube,trueview,prospecting,,,,204.0300288,14.77572491,2858.974024,,,
2025-03-01,influencer,brand partner/ambassador (+10k),jon dawson / texas luxury cleaning,,,,20,3,377,,,
2025-03-01,social media,instagram,organic,,,,41.08333333,8,1124.97,,,
2025-03-01,programmatic,mntn,prospecting,,,,1246.438729,177.0492211,24673.94364,,,
2025-03-01,organic search,ai search,perplexity,,,,1.142857143,0,0,,,
2025-03-01,influencer,general,,,,,15,0,0,,,
2025-03-01,social media,linkedin,organic,,,,7.529784064,5.540506486,2662.863521,,,
2025-03-01,programmatic,the trade desk,lal - tv,,,,2,2,248,,,
2025-03-01,influencer,alumni partner,alyssa's cleaning company/alyssa,,,,0.023255814,0,0,,,
2025-03-01,influencer,brand partner/ambassador (+10k),erica krupin/kroopin poopin scoopin,,,,2.25,0.25,49.75,,,
2025-03-01,influencer,brand partner/ambassador (+10k),tym o'laughlin/tymo/tymo paints,,,,2,0,0,,,
2025-03-01,direct/unknown,direct,,,,,553.7809572,13.71106778,2214.352597,,,
2025-03-01,influencer,"influencer (+10k, not sp)",mike swezey/the handyman business,,,,3,1,119.99,,,
2025-03-01,organic search,jobber academy,,,,,0.321428571,0.321428571,41.82142857,,,
2025-03-01,influencer,brand partner/ambassador (+10k),connor maendel / maendel construction llc,,,,1,0,0,,,
2025-03-01,influencer,brand partner/ambassador (+10k),john seaman/jc property professionals/jcp properties/jcp,,,,5,1,39,,,
2025-03-01,influencer,brand partner/ambassador (+10k),cornell mack/mack landscaping & lawn care,,,,1,0,0,,,
2025-03-01,partner program,channel (franchises),moldman,,,,1,0,0,,,
2025-03-01,influencer,brand partner/ambassador (+10k),roy thomas/pro era plumbing,,,,2,0,0,,,
2025-03-01,influencer,brand partner/ambassador (+10k),tj mccormack/worldsgreatestroofer/tj,,,,1,0,0,,,
2025-03-01,influencer,brand partner/ambassador (+10k),jessica bannister,,,,0.023255814,0,0,,,
2025-03-01,sem - branded,bing,,,,,749.0643443,345.6850074,48339.20566,,,
2025-03-01,sem - generic,bing,,,,,580.3254797,51.31832114,6192.542299,,,
2025-03-01,influencer,alumni partner,gary mccreadie/hvac know it all,,,,3.023255814,0,0,,,
2025-03-01,influencer,brand partner/ambassador (+10k),ivan carvalho/glaucio carvalho/mr. bubbles,,,,1,0,0,,,
2025-03-01,programmatic,the trade desk,prospecting - tv,,,,25,1,39,,,
2025-03-01,influencer,ambassador,mainstream landscaping/edward simpson,,,,0,1,158,,,
2025-03-01,influencer,alumni partner,jason cleans/jason shipway,,,,1,0,0,,,
2025-03-01,experimental,facebook - lead gen,paid - evergreen webinar,,,,0.11627907,0,0,,,
2025-03-01,advertising,online/general,,,,,25,2,237,,,
2025-03-01,app marketing - organic,organic,,,,,5,0,0,,,
2025-03-01,affiliate program,partnerstack,,,,,87.68169677,19.87252641,2847.342761,,,
2025-03-01,advertising,,,,,,3,0,0,,,
2025-03-01,partner program,channel (referrals),,,,,1,3,446,,,
2025-03-01,events,paid social events,,,,,9.903100775,2,208,,,
2025-03-01,advertising,pr,general,,,,1,0,0,,,
2025-03-01,events,virtual,jobber blueprint,,,,7.349474362,5.640283843,966.6390492,,,
2025-03-01,influencer,ambassador,codie sanchez/contrarian thinking,,,,4,0,0,,,
2025-03-01,partner program,channel (referrals),bookeepers/consultants/agencies,,,,0,1,39,,,
2025-03-01,affiliate program,,,,,,1,0,0,,,
2025-03-01,social media,instagram,paid,,,,12,1,39,,,
2025-03-01,youtube,paid,,,,,5,2,158,,,
2025-03-01,organic search,reddit,,,,,1.333333333,0,0,,,
2025-03-01,partner program,integrations,nicejob,,,,0.388888889,0.055555556,4.944444444,,,
2025-03-01,influencer,brand partner/ambassador (+10k),hunter patrick/dumpire junk removal,,,,4,0,0,,,
2025-03-01,directories,capterra,paid,,,,281.4399993,20.70483871,3262.310645,,,
2025-03-01,influencer,alumni partner,the epoxy pros/daniel george,,,,3,1,119,,,
2025-03-01,directories,g2,paid,,,,5.5,0,0,,,
2025-03-01,influencer,brand partner/ambassador (+10k),ryaan tuttle/best handyman boston/rjt,,,,2,0,0,,,
2025-03-01,app marketing - paid,google uac,,,,,6108,91,6402.79,,,
2025-03-01,influencer,brand partner/ambassador (+10k),adrian garcia,,,,0.333333333,0,0,,,
2025-03-01,app marketing - organic,organic,ios,,,,5212,165,11278.88,,,
2025-03-01,influencer,alumni partner,mike garvey/side hustle squad podcast,,,,1,0,0,,,
2025-03-01,partner program,integrations,zapier,,,,3.176360656,1.866836847,369.8613032,,,
2025-03-01,direct/unknown,online/general,,,,,1,0,0,,,
2025-03-01,organic search,,,,,,7668.382095,1583.804669,271041.8726,,,
2025-03-01,directories,capterra,organic,,,,0,2,668,,,
2025-03-01,directories,capterra,,,,,1,0,0,,,
2025-03-01,app marketing - paid,smadex,ios,,,,1281,59,3884.54,,,
2025-03-01,directories,software advice,ppc,,,,2,2,338,,,
2025-03-01,social media,facebook,remarketing,,,,102.8121849,13.02885154,1728.536176,,,
2025-03-01,influencer,brand partner/ambassador (+10k),ray duke/bulletproof handyman,,,,21.11666667,7.25,535.9016667,,,
2025-03-01,social media,linkedin,,,,,4,0,0,,,
2025-03-01,influencer,brand partner/ambassador (+10k),zech osburn/z's exterior services/biz boosters,,,,22,2,158,,,
2025-03-01,partner program,integrations,,,,,1.343234323,0.00990099,2.663366337,,,
2025-03-01,influencer,brand partner/ambassador (+10k),randy roblero/detailing beyond limits/beyond limits of palm beach,,,,3,0,0,,,
2025-03-01,experimental,facebook,fb lead gen ebook,,,,2,0,0,,,
2025-03-01,influencer,brand partner/ambassador (+10k),keven bermeo / pressure washing plays,,,,1,0,0,,,
2025-03-01,influencer,brand partner/ambassador (+10k),tyler link/contractor ceo/concrete launch secrets,,,,1,0,0,,,
2025-03-01,app marketing - paid,,,,,,23,1,119,,,
2025-03-01,influencer,alumni partner,katie pearse/glisten cleaning academy,,,,1,0,0,,,
2025-03-01,social media,facebook,always-on,,,,567.8327839,49.02564103,5649.705385,,,
2025-03-01,influencer,brand partner/ambassador (+10k),adam chapman/pad pal,,,,1,0,0,,,
2025-03-01,social media,facebook,paid,,,,154.3409091,14.09090909,1747.040909,,,
2025-03-01,directories,getapp,paid,,,,150.578869,6.197916667,1057.78125,,,
2025-03-01,advertising,print,,,,,2,0,0,,,
2025-03-01,freemium paid,bing,paid,,,,974.1916667,25.12168616,1605.217817,,,
2025-03-01,word of mouth,organic wom referrals,,,,,2,0,0,,,
2025-03-01,directories,software advice,ppl,,,,3,1,39.99,,,
2025-03-01,sem - branded,google,,,,,2288.588264,820.2686336,118442.5364,,,
2025-03-01,word of mouth,organic wom referrals,general,,,,131,14,1069.75,,,
2025-03-01,programmatic,mntn,prospecting - audience match,,,,160,17,3149,,,
2025-03-01,partner program,industry associations,,,,,1,0,0,,,
2025-03-01,events,virtual,jobber summit,,,,52.00791152,36.34736872,7425.796245,,,
2025-03-01,partner program,channel (franchises),screenmobile,,,,1,0,0,,,
2025-03-01,events,tradeshows,unspecified,,,,1,0,0,,,
2025-03-01,partner program,integrations,responsibid,,,,0.333333333,0.333333333,39.66666667,,,
2025-03-01,freemium paid,bing,paid,,,,80,15,1196.98,,,
2025-03-01,partner program,integrations,thumbtack,,,,0.142857143,0,0,,,
2025-03-01,app marketing - paid,moloco,,,,,7,4,157.98,,,
2025-03-01,app marketing - experimental,meta apps,ios,,,,1,0,0,,,
2025-03-01,youtube,demand gen,prospecting,,,,39,1.4,196.2,,,
2025-03-01,directories,mvf,paid,,,,2.5,1,249,,,
2025-03-01,directories,g2,organic,,,,1,0,0,,,
2025-03-01,influencer,business brand partner,logan sendle/blue collar business accelerator/bcba,,,,1,0,0,,,
2025-03-01,partner program,integrations,stripe,,,,10.80005744,4.595580053,869.4695908,,,
2025-03-01,influencer,brand partner/ambassador (+10k),oscar gil/detail groove,,,,11.04651163,0,0,,,
2025-03-01,partner program,integrations,intuit,,,,30.5,3.5,845,,,
2025-03-01,influencer,brand partner/ambassador (+10k),chase gallagher/cmg landscape/service pro elite,,,,2.666666667,1.166666667,383.1566667,,,
2025-03-01,sem - competitors,google,,,,,270.0214857,52.86850237,8322.174327,,,
2025-03-01,influencer,business brand partner,casper opala / casper captial,,,,2,0,0,,,
2025-03-01,influencer,alumni partner,charlotte bosanquet/care cleaning services sydney/charlotte,,,,1,0,0,,,
2025-03-01,advertising,radio,general,,,,18,1,39,,,
2025-03-01,youtube,trueview,remarketing,,,,19.81666667,4.566666667,472.0333333,,,
2025-03-01,partner program,integrations,companycam,,,,2.416666667,0,0,,,
2025-03-01,directories,other,,,,,3,0,0,,,
2025-03-01,partner program,integrations,mailchimp,,,,1,0,0,,,
2025-03-01,direct/unknown,organic,,,,,1,0,0,,,
2025-03-01,partner program,channel (referrals),managed service providers (msp),,,,1,1,297,,,
2025-03-01,influencer,brand partner/ambassador (+10k),ricardo diaz/legacy junk removal,,,,2,0,0,,,
2025-03-01,app marketing - organic,,,,,,5,0,0,,,
2025-03-01,influencer,"influencer (+10k, not sp)",kory ballard/ballard inc,,,,4,1,169,,,
2025-03-01,outbound,,,,,,1,1,428,,,
2025-03-01,influencer,brand partner/ambassador (+10k),brad behr/copper creek cuts/bctp/baker county trash pickup,,,,3,0,0,,,
2025-03-01,organic search,ai search,chatgpt,,,,129.4523674,66.99939252,16207.21743,,,
2025-03-01,influencer,ambassador,paul jamison,,,,1,0,0,,,
2025-03-01,influencer,general,jason creel,,,,1,0,0,,,
2025-03-01,influencer,brand partner/ambassador (+10k),james moreno/top class detail,,,,0,1,39,,,
2025-03-01,influencer,brand partner/ambassador (+10k),walter washington/ww hvac,,,,2,0,0,,,
2025-03-01,social media,facebook,organic,,,,366.5374372,28.03846154,2647.456923,,,
2025-03-01,app marketing - organic,organic,android,,,,1699.043478,45.04347826,2583.007826,,,
2025-03-01,freemium paid,google,paid,,,,425,58,4169.89,,,
2025-03-01,sem - generic,google,,,,,3238.371282,215.7611985,26320.90626,,,
2025-03-01,influencer,brand partner/ambassador (+10k),skyler lane / realskylane / junk success,,,,1,0,0,,,
2025-03-01,programmatic,mntn,,,,,1248.341866,295.4116425,47286.93026,,,
2025-03-01,influencer,brand partner/ambassador (+10k),trey bohannan/trey bodirt,,,,1,0,0,,,
2025-03-01,programmatic,the trade desk,prospecting - display,,,,2,0,0,,,
2025-03-01,influencer,brand partner/ambassador (+10k),tommy hunter/hunter window wash,,,,1,0,0,,,
2025-03-01,affiliate program,commission junction,,,,,42.29090909,3.295311607,304.3568639,,,
2025-03-01,influencer,brand partner/ambassador (+10k),anthony salazar / poop scoops for noobs,,,,2,0,0,,,
2025-03-01,events,virtual,jobber grants,,,,1,0,0,,,
2025-03-01,app marketing - paid,tiktok,,,,,1451,34,2503.8,,,
2025-03-01,partner program,channel (franchises),pink's window service,,,,0,1,220,,,
2025-03-01,referrals,customer referral program,,,,,198.4309184,109.0156057,17626.60508,,,
2025-03-01,experimental,podcast ads,,,,,4,2,497,,,
2025-02-01,directories,capterra,paid,,,,349.552102,11.20686387,2546.744793,,,
2025-02-01,youtube,organic,,,,,247.347298,41.78777416,4303.957006,,,
2025-02-01,influencer,brand partner/ambassador (+10k),tom maggs/maggs lawn/maggs lawn and landscape,,,,2,0,0,,,
2025-02-01,influencer,brand partner/ambassador (+10k),ivan carvalho/glaucio carvalho/mr. bubbles,,,,2,0,0,,,
2025-02-01,app marketing - paid,apple search ads,,,,,3595,115,9483.13,,,
2025-02-01,influencer,brand partner/ambassador (+10k),austin gray - ownr ops / ownr ops skool community / bear claw land services,,,,1,0,0,,,
2025-02-01,app marketing - organic,organic,ios,,,,4029,98,6818.29,,,
2025-02-01,influencer,alumni partner,terence chan/impetus plumbing,,,,1,0,0,,,
2025-02-01,app marketing - organic,organic,android,,,,1378,23,2096.88,,,
2025-02-01,app marketing - paid,tiktok,,,,,926,20,942.87,,,
2025-02-01,sem - generic,google,,,,,2752.341409,163.9925119,18495.57657,,,
2025-02-01,app marketing - organic,organic,,,,,5,0,0,,,
2025-02-01,social media,facebook,organic,,,,311.1247475,23.45,2837.454667,,,
2025-02-01,events,virtual,jobber blueprint,,,,7.375560453,2.727848035,460.6435956,,,
2025-02-01,social media,,,,,,75,3,117.99,,,
2025-02-01,youtube,trueview,prospecting,,,,195.9550108,9.557361247,1325.452585,,,
2025-02-01,influencer,general,,,,,7,0,0,,,
2025-02-01,organic search,ai search,chatgpt,,,,92.50477324,49.49608214,10026.77546,,,
2025-02-01,affiliate program,commission junction,,,,,32.4884696,4.617400419,644.9150943,,,
2025-02-01,app marketing - experimental,meta apps,ios,,,,1,0,0,,,
2025-02-01,influencer,brand partner/ambassador (+10k),chase gallagher/cmg landscape/service pro elite,,,,2,0,0,,,
2025-02-01,influencer,alumni partner,gary mccreadie/hvac know it all,,,,1.027777778,0,0,,,
2025-02-01,performance max,,,,,,6.485231251,5.998063051,1177.114675,,,
2025-02-01,freemium paid,google,paid,,,,3780.663327,51.99025671,5653.689441,,,
2025-02-01,organic search,jobber academy,,,,,1.5,0,0,,,
2025-02-01,influencer,brand partner/ambassador (+10k),roy thomas/pro era plumbing,,,,2,0,0,,,
2025-02-01,influencer,macro brand partner (+1m),chase stetson/that lawn dude,,,,13.55555556,1,39.99,,,
2025-02-01,sem - competitors,bing,,,,,27.16917293,2.959649123,697.7596491,,,
2025-02-01,directories,mvf,paid,,,,0.75,0.25,62.125,,,
2025-02-01,influencer,brand partner/ambassador (+10k),marvin joles/blacktop banter,,,,0.5,0,0,,,
2025-02-01,influencer,brand partner/ambassador (+10k),cameron vogelsang/tennessee electrician,,,,2,0,0,,,
2025-02-01,influencer,business brand partner,casper opala / casper captial,,,,1,0,0,,,
2025-02-01,directories,software advice,ppc,,,,1,0,0,,,
2025-02-01,programmatic,mntn,prospecting - audience match,,,,74,10,1120,,,
2025-02-01,influencer,general,brian's lawn maintenance,,,,1,0,0,,,
2025-02-01,influencer,brand partner/ambassador (+10k),ben millen/benjamin millen/bluladder/ben the window cleaner,,,,2,0,0,,,
2025-02-01,social media,facebook,remarketing,,,,182.0595238,6.642857143,542.3095238,,,
2025-02-01,partner program,channel (referrals),bookeepers/consultants/agencies,,,,2,0,0,,,
2025-02-01,events,virtual,jobber now,,,,7,2,78.99,,,
2025-02-01,influencer,brand partner/ambassador (+10k),mary-anne bowcott/the lady plumber/westcom plumbing,,,,0.027777778,0,0,,,
2025-02-01,advertising,online/general,,,,,4,0,0,,,
2025-02-01,events,tradeshows,ahr,,,,3,0,0,,,
2025-02-01,influencer,general,lawn care business success/julio tome,,,,1,1,29,,,
2025-02-01,organic search,reddit,,,,,3.773255814,0.023255814,3.930232558,,,
2025-02-01,social media,twitter,,,,,2,0,0,,,
2025-02-01,sem - franchise,google,paid,,,,14.90173444,10.77993434,1445.242268,,,
2025-02-01,directories,g2,paid,,,,9.5,0.5,84.5,,,
2025-02-01,partner program,channel (franchises),pink's window service,,,,0,2,440,,,
2025-02-01,programmatic,,,,,,5,0,0,,,
2025-02-01,directories,technology advice,ppc,,,,0,1,149,,,
2025-02-01,freemium paid,bing,paid,,,,35,8,751,,,
2025-02-01,partner program,channel (referrals),,,,,2,3,467,,,
2025-02-01,influencer,brand partner/ambassador (+10k),keith kalfas,,,,28.13888889,8,901.99,,,
2025-02-01,app marketing - experimental,jampp,,,,,64,8,802.95,,,
2025-02-01,directories,g2,organic,,,,0.909090909,0,0,,,
2025-02-01,influencer,"influencer (+10k, not sp)",mike swezey/the handyman business,,,,6.5,0,0,,,
2025-02-01,app marketing - paid,,,,,,29,1,39.99,,,
2025-02-01,programmatic,mntn,prospecting,,,,883.4206622,111.5350926,16386.37976,,,
2025-02-01,influencer,alumni partner,alyssa's cleaning company/alyssa,,,,2.027777778,0,0,,,
2025-02-01,social media,instagram,organic,,,,13.33333333,1,208,,,
2025-02-01,sem - generic,bing,,,,,647.6644938,50.15501443,5495.719481,,,
2025-02-01,influencer,brand partner/ambassador (+10k),jessica bannister,,,,0.027777778,0,0,,,
2025-02-01,partner program,integrations,thumbtack,,,,2.166666667,1,39,,,
2025-02-01,direct/unknown,direct,,,,,337.9539736,10.94264926,1153.351709,,,
2025-02-01,app marketing - paid,google uac,,,,,5664,60,3871.57,,,
2025-02-01,partner program,integrations,gusto,,,,1,0,0,,,
2025-02-01,sem - competitors,google,,,,,131.135136,26.57310179,4498.511309,,,
2025-02-01,app marketing - paid,smadex,ctv,,,,1,0,0,,,
2025-02-01,influencer,brand partner/ambassador (+10k),hunter patrick/dumpire junk removal,,,,3,0,0,,,
2025-02-01,influencer,brand partner/ambassador (+10k),john seaman/jc property professionals/jcp properties/jcp,,,,7,1,39.99,,,
2025-02-01,partner program,channel (resellers),verizon,,,,1,1,190,,,
2025-02-01,influencer,brand partner/ambassador (+10k),ray duke/bulletproof handyman,,,,6,3,377.99,,,
2025-02-01,partner program,integrations,square/block,,,,0.0625,0.0625,7.375,,,
2025-02-01,influencer,brand partner/ambassador (+10k),ryaan tuttle/best handyman boston/rjt,,,,1,0,0,,,
2025-02-01,youtube,demand gen,remarketing,,,,1,0,0,,,
2025-02-01,programmatic,the trade desk,prospecting - tv,,,,8,0,0,,,
2025-02-01,directories,other,,,,,2,0,0,,,
2025-02-01,experimental,facebook - lead gen,paid - evergreen webinar,,,,0.588888889,0,0,,,
2025-02-01,influencer,"influencer (+10k, not sp)",kory ballard/ballard inc,,,,5,3,127,,,
2025-02-01,affiliate program,partnerstack,,,,,74.25849116,18.26389474,2065.460469,,,
2025-02-01,influencer,brand partner/ambassador (+10k),adam chapman/pad pal,,,,5,0,0,,,
2025-02-01,organic search,,,,,,6428.188028,1217.280735,202766.4241,,,
2025-02-01,influencer,alumni partner,chanique stewart/chanique cleaning services/cleaning boss accelerator,,,,0.125,0,0,,,
2025-02-01,youtube,trueview,remarketing,,,,16.79285714,2.50952381,331.1571429,,,
2025-02-01,influencer,general,brown brothers lawn care,,,,0.333333333,0,0,,,
2025-02-01,directories,getapp,paid,,,,95.88257576,6.358766234,899.497987,,,
2025-02-01,influencer,brand partner/ambassador (+10k),blake albertson/b&b lawn care/bblawncarekc,,,,1,0,0,,,
2025-02-01,influencer,brand partner/ambassador (+10k),louis mouchet,,,,1,0,0,,,
2025-02-01,social media,instagram,paid,,,,4,1,39.99,,,
2025-02-01,influencer,brand partner/ambassador (+10k),randy roblero/detailing beyond limits/beyond limits of palm beach,,,,5,0,0,,,
2025-02-01,freemium paid,google,paid,,,,248,32,2076.99,,,
2025-02-01,social media,facebook,paid,,,,113.0625,7.0625,934.4275,,,
2025-02-01,youtube,demand gen,prospecting,,,,17.4,2,79.98,,,
2025-02-01,partner program,integrations,intuit,,,,29.54166667,2.041666667,319.625,,,
2025-02-01,direct/unknown,,,,,,706.1396897,22.93530954,3985.253049,,,
2025-02-01,social media,facebook,always-on,,,,418.0587156,28.59204897,3848.957059,,,
2025-02-01,influencer,brand partner/ambassador (+10k),erica krupin/kroopin poopin scoopin,,,,1,0,0,,,
2025-02-01,sem - branded,google,,,,,2181.876306,656.0448328,93629.73128,,,
2025-02-01,influencer,brand partner/ambassador (+10k),walter washington/ww hvac,,,,1,0,0,,,
2025-02-01,events,paid social events,,,,,16.89694444,1.546944444,235.3838889,,,
2025-02-01,influencer,alumni partner,branden sewell/seal pro painting,,,,0,1,169.99,,,
2025-02-01,events,virtual,jobber summit,,,,52.73204721,42.39488298,8247.915357,,,
2025-02-01,partner program,integrations,zapier,,,,2.27026862,1.510744811,259.4835165,,,
2025-02-01,referrals,customer referral program,,,,,111.4285859,63.95727928,11138.7579,,,
2025-02-01,partner program,channel (franchises),,,,,3,3,401,,,
2025-02-01,youtube,paid,,,,,5,1,129,,,
2025-02-01,programmatic,mntn,,,,,864.0196912,188.2712231,28558.04848,,,
2025-02-01,influencer,alumni partner,the epoxy pros/daniel george,,,,3,0,0,,,
2025-02-01,influencer,brand partner/ambassador (+10k),oscar gil/detail groove,,,,12.78055556,1.725,452.775,,,
2025-02-01,app marketing - paid,smadex,ios,,,,950,42,3663.73,,,
2025-02-01,direct/unknown,organic,,,,,1,0,0,,,
2025-02-01,advertising,radio,general,,,,17,0,0,,,
2025-02-01,social media,linkedin,organic,,,,3.743503261,2.727468487,919.2747374,,,
2025-02-01,partner program,integrations,,,,,2,0,0,,,
2025-02-01,partner program,integrations,companycam,,,,1,0,0,,,
2025-02-01,social media,linkedin,,,,,1,0,0,,,
2025-02-01,experimental,podcast ads,,,,,2,0,0,,,
2025-02-01,experimental,facebook,fb lead gen ebook,,,,2,0,0,,,
2025-02-01,events,tradeshows,,,,,1,1,158,,,
2025-02-01,influencer,ambassador,lexi abreu/lex the electrician,,,,1,0,0,,,
2025-02-01,app marketing - paid,moloco,,,,,5,1,39.99,,,
2025-02-01,influencer,macro brand partner (+1m),jeff thorman/home renovision diy/home renovision,,,,0,1,69.99,,,
2025-02-01,partner program,integrations,stripe,,,,4.361501684,2.743629556,508.5395203,,,
2025-02-01,freemium paid,bing,paid,,,,718.2143629,13.6010101,1444.863636,,,
2025-02-01,partner program,channel (all others),,,,,1,0,0,,,
2025-02-01,freemium organic,,,,,,63,4,316.99,,,
2025-02-01,influencer,brand partner/ambassador (+10k),jon dawson / texas luxury cleaning,,,,18,1,349,,,
2025-02-01,directories,capterra,organic,,,,2,0,0,,,
2025-02-01,influencer,brand partner/ambassador (+10k),jeff guldalian/ the 360 electrician,,,,8,0,0,,,
2025-02-01,directories,software advice,ppl,,,,1,0,0,,,
2025-02-01,influencer,brand partner/ambassador (+10k),keith mcgillivary/mps/mcgillivary's plumbing,,,,1,0,0,,,
2025-02-01,word of mouth,organic wom referrals,general,,,,73,4,555,,,
2025-02-01,sem - branded,bing,,,,,564.1614592,240.9843231,35145.59657,,,
2025-02-01,programmatic,the trade desk,prospecting - audio,,,,3,0,0,,,
2025-02-01,programmatic,tubi,,,,,0,1,169,,,
2025-02-01,partner program,integrations,nicejob,,,,0.2,0.2,44.82,,,
2025-01-01,app marketing - paid,smadex,ctv,,,,0,1,39,,,
2025-01-01,influencer,brand partner/ambassador (+10k),adrian garcia,,,,3,1,29,,,
2025-01-01,directories,other,paid,,,,0.25,0.75,204.25,,,
2025-01-01,influencer,macro brand partner (+1m),jeff thorman/home renovision diy/home renovision,,,,1,0,0,,,
2025-01-01,social media,,,,,,81,3,198.98,,,
2025-01-01,organic search,jobber academy,,,,,2.583333333,0,0,,,
2025-01-01,partner program,channel (franchises),,,,,2,1,84,,,
2025-01-01,partner program,integrations,nicejob,,,,0.785,0.285,35.625,,,
2025-01-01,social media,twitter,,,,,1,0,0,,,
2025-01-01,sem - branded,bing,,,,,535.1753701,212.8069527,31473.97879,,,
2025-01-01,partner program,channel (all others),,,,,1,0,0,,,
2025-01-01,freemium paid,google,paid,,,,3441.762537,48.89278244,3446.593278,,,
2025-01-01,influencer,brand partner/ambassador (+10k),jeff guldalian/ the 360 electrician,,,,2,1,39.99,,,
2025-01-01,sem - competitors,bing,,,,,16.43333333,5.75,977.75,,,
2025-01-01,influencer,brand partner/ambassador (+10k),dan holliday,,,,2,0,0,,,
2025-01-01,influencer,ambassador,sergio licea/edge cleaning,,,,2,0,0,,,
2025-01-01,influencer,general,,,,,5,0,0,,,
2025-01-01,influencer,brand partner/ambassador (+10k),erica krupin/kroopin poopin scoopin,,,,2,0,0,,,
2025-01-01,influencer,brand partner/ambassador (+10k),mary-anne bowcott/the lady plumber/westcom plumbing,,,,0.041666667,0,0,,,
2025-01-01,influencer,brand partner/ambassador (+10k),keith mcgillivary/mps/mcgillivary's plumbing,,,,1,1,39,,,
2025-01-01,sem - competitors,google,,,,,225.0251179,30.05877595,5500.675488,,,
2025-01-01,influencer,alumni partner,branden sewell/seal pro painting,,,,1,0,0,,,
2025-01-01,influencer,"influencer (+10k, not sp)",kory ballard/ballard inc,,,,5,1,349,,,
2025-01-01,sem - franchise,google,paid,,,,16.17585058,1.59244045,269.2327516,,,
2025-01-01,influencer,brand partner/ambassador (+10k),kevin watson/off the path with kevin/off the path,,,,1,0,0,,,
2025-01-01,programmatic,mntn,,,,,764.0471523,139.3147676,22751.3571,,,
2025-01-01,influencer,alumni partner,charlotte bosanquet/care cleaning services sydney/charlotte,,,,1,0,0,,,
2025-01-01,experimental,podcast ads,,,,,2,2,397,,,
2025-01-01,app marketing - paid,moloco,,,,,8,0,0,,,
2025-01-01,youtube,trueview,prospecting,,,,145.764652,8.916666667,1083.568333,,,
2025-01-01,partner program,integrations,zapier,,,,6.535300752,2.983515038,649.0981328,,,
2025-01-01,youtube,paid,,,,,8,0,0,,,
2025-01-01,social media,linkedin,organic,,,,9.484821429,5.078571429,1819.866667,,,
2025-01-01,youtube,demand gen,prospecting,,,,2,1,199,,,
2025-01-01,partner program,integrations,stripe,,,,1,0,0,,,
2025-01-01,directories,capterra,paid,,,,366.9277778,13.61666667,1559.704167,,,
2025-01-01,partner program,channel (franchises),screenmobile,,,,0,1,191,,,
2025-01-01,partner program,integrations,intuit,,,,51.66666667,0.166666667,41.5,,,
2025-01-01,events,paid social events,,,,,8.260964912,0.333333333,66.33333333,,,
2025-01-01,partner program,channel (franchises),viewcrew,,,,1,0,0,,,
2025-01-01,youtube,demand gen,remarketing,,,,1,0,0,,,
2025-01-01,partner program,channel (referrals),industry associations,,,,0,1,39,,,
2025-01-01,directories,g2,g2_paid_promo,,,,0,1,208,,,
2025-01-01,influencer,brand partner/ambassador (+10k),ryaan tuttle/best handyman boston/rjt,,,,1,0,0,,,
2025-01-01,programmatic,mntn,prospecting,,,,882.2085475,102.1737065,13852.54134,,,
2025-01-01,influencer,business brand partner,dave moerman/revive washing/home service business coach,,,,1,0,0,,,
2025-01-01,sem - generic,bing,,,,,793.1039613,52.58927875,6705.978665,,,
2025-01-01,direct/unknown,online/general,,,,,1,0,0,,,
2025-01-01,programmatic,,,,,,9,0,0,,,
2025-01-01,influencer,brand partner/ambassador (+10k),xochitl and paul klepper/xochitl makes it neat/just a cleaning lady,,,,1,0,0,,,
2025-01-01,social media,instagram,paid,,,,5,1,39.99,,,
2025-01-01,organic search,,,,,,6296.687363,1140.124109,185769.8744,,,
2025-01-01,partner program,channel (referrals),,,,,0,2,198,,,
2025-01-01,organic search,support documentation,,,,,2,0,0,,,
2025-01-01,partner program,channel (franchises),duraclean,,,,0,1,298,,,
2025-01-01,directories,mvf,paid,,,,3.125,0.125,16.125,,,
2025-01-01,affiliate program,,,,,,2,0,0,,,
2025-01-01,influencer,brand partner/ambassador (+10k),randy roblero/detailing beyond limits/beyond limits of palm beach,,,,4,0,0,,,
2025-01-01,influencer,brand partner/ambassador (+10k),john seaman/jc property professionals/jcp properties/jcp,,,,12,0,0,,,
2025-01-01,influencer,brand partner/ambassador (+10k),jacqueline and tanner hurst/jt junk solutions,,,,1,0,0,,,
2025-01-01,influencer,brand partner/ambassador (+10k),ivan carvalho/glaucio carvalho/mr. bubbles,,,,1,0,0,,,
2025-01-01,influencer,brand partner/ambassador (+10k),tom maggs/maggs lawn/maggs lawn and landscape,,,,4,1,158,,,
2025-01-01,influencer,brand partner/ambassador (+10k),casey evertsen/bin blasters,,,,1,0,0,,,
2025-01-01,influencer,brand partner/ambassador (+10k),matthew hawk/matthew's mowing & lawn maintenance,,,,1,0,0,,,
2025-01-01,app marketing - organic,organic,android,,,,1436,12,731.96,,,
2025-01-01,affiliate program,partnerstack,,,,,134.8305502,26.62148266,4169.580885,,,
2025-01-01,sem - generic,google,,,,,1620.783254,132.9028007,17295.91946,,,
2025-01-01,social media,facebook,remarketing,,,,247.3333333,5.833333333,778.2433333,,,
2025-01-01,partner program,channel (franchises),chefs for seniors,,,,1,0,0,,,
2025-01-01,sem - branded,google,,,,,2412.809496,667.5556832,106726.4039,,,
2025-01-01,partner program,integrations,,,,,2.791666667,1.125,162.625,,,
2025-01-01,direct/unknown,direct,,,,,365,6,805.98,,,
2025-01-01,partner program,channel (referrals),coaches/trainers,,,,1,1,199,,,
2025-01-01,influencer,brand partner/ambassador (+10k),oscar gil/detail groove,,,,23.02192982,3,515,,,
2025-01-01,events,virtual,jobber summit,,,,41.80266871,30.83195889,5689.106176,,,
2025-01-01,influencer,brand partner/ambassador (+10k),tj mccormack/worldsgreatestroofer/tj,,,,1,0,0,,,
2025-01-01,affiliate program,commission junction,,,,,40.20952381,2.2,567.8,,,
2025-01-01,app marketing - paid,tiktok,,,,,1006,5,318.96,,,
2025-01-01,organic search,reddit,,,,,6.166666667,0.666666667,26,,,
2025-01-01,app marketing - paid,google uac,ios,,,,1,0,0,,,
2025-01-01,influencer,macro brand partner (+1m),chase stetson/that lawn dude,,,,34.35526316,1.333333333,98.66666667,,,
2025-01-01,word of mouth,organic wom referrals,general,,,,108,11,1229.99,,,
2025-01-01,influencer,brand partner/ambassador (+10k),keith kalfas,,,,30.37719298,4,317.98,,,
2025-01-01,social media,facebook,organic,,,,308.5923328,16.83553459,2167.198239,,,
2025-01-01,app marketing - paid,google uac,,,,,6796,37,2242.56,,,
2025-01-01,freemium paid,google,paid,,,,464,46,3512.9,,,
2025-01-01,performance max,,,,,,49.00793184,14.79619715,2513.662535,,,
2025-01-01,organic search,ai search,chatgpt,,,,98.32281231,41.96803714,6795.588032,,,
2025-01-01,events,virtual,jobber now,,,,4,3,247.99,,,
2025-01-01,direct/unknown,,,,,,791.5173076,15.39250604,2025.379791,,,
2025-01-01,directories,getapp,paid,,,,195.1095238,5.416666667,714.4166667,,,
2025-01-01,influencer,brand partner/ambassador (+10k),jon dawson / texas luxury cleaning,,,,36,1,169,,,
2025-01-01,influencer,brand partner/ambassador (+10k),austin gray - ownr ops / ownr ops skool community / bear claw land services,,,,1,0,0,,,
2025-01-01,partner program,channel (franchises),heroes lawn care,,,,2,2,528,,,
2025-01-01,influencer,brand partner/ambassador (+10k),adam chapman/pad pal,,,,8,0,0,,,
2025-01-01,advertising,online/general,,,,,8,2,388,,,
2025-01-01,influencer,brand partner/ambassador (+10k),louis mouchet,,,,1,0,0,,,
2025-01-01,partner program,channel (referrals),bookeepers/consultants/agencies,,,,1,1,169,,,
2025-01-01,social media,linkedin,,,,,3,0,0,,,
2025-01-01,events,virtual,jobber grants,,,,1,0,0,,,
2025-01-01,advertising,radio,sirius,,,,1,0,0,,,
2025-01-01,outbound,,,,,,3,1,349,,,
2025-01-01,partner program,channel (referrals),other,,,,1,0,0,,,
2025-01-01,app marketing - experimental,meta apps,ios,,,,1,0,0,,,
2025-01-01,partner program,integrations,thumbtack,,,,1,0,0,,,
2025-01-01,freemium organic,,,,,,76,10,479.99,,,
2025-01-01,experimental,facebook - lead gen,paid - evergreen webinar,,,,8.730263158,0.5,214,,,
2025-01-01,directories,g2,paid,,,,9.6,0,0,,,
2025-01-01,youtube,organic,,,,,304.8357881,36.32626425,3597.596695,,,
2025-01-01,app marketing - paid,apple search ads,,,,,3089,106,7359.3,,,
2025-01-01,organic search,ai search,perplexity,,,,1,0,0,,,
2025-01-01,app marketing - organic,organic,ios,,,,4160,85,4806.46,,,
2025-01-01,directories,software advice,ppc,,,,2,0,0,,,
2025-01-01,programmatic,the trade desk,prospecting - audio,,,,2,0,0,,,
2025-01-01,influencer,alumni partner,alyssa's cleaning company/alyssa,,,,1,0,0,,,
2025-01-01,partner program,channel (franchises),fibrenew,,,,8,8,472,,,
2025-01-01,influencer,alumni partner,gary mccreadie/hvac know it all,,,,2.041666667,0,0,,,
2025-01-01,advertising,radio,general,,,,25,0,0,,,
2025-01-01,influencer,brand partner/ambassador (+10k),jessica bannister,,,,0.041666667,0,0,,,
2025-01-01,partner program,channel (resellers),verizon,,,,3,3,248,,,
2025-01-01,app marketing - organic,organic,,,,,3,0,0,,,
2025-01-01,partner program,channel (franchises),pink's window service,,,,9,2,440,,,
2025-01-01,programmatic,mntn,prospecting - audience match,,,,108,15,1943.99,,,
2025-01-01,freemium paid,bing,paid,,,,108,9,742.97,,,
2025-01-01,programmatic,the trade desk,prospecting - tv,,,,11,2,287.99,,,
2025-01-01,app marketing - experimental,jampp,,,,,61,1,129,,,
2025-01-01,social media,instagram,organic,,,,39.33333333,2.5,397.5,,,
2025-01-01,youtube,trueview,remarketing,,,,24.25,0.416666667,130.4166667,,,
2025-01-01,freemium paid,bing,paid,,,,967.4,21.5,1075.48,,,
2025-01-01,app marketing - paid,,,,,,21,0,0,,,
2025-01-01,directories,software advice,ppl,,,,3,1,169,,,
2025-01-01,influencer,brand partner/ambassador (+10k),ray duke/bulletproof handyman,,,,7,2,78.99,,,
2025-01-01,directories,getapp,organic,,,,1,0,0,,,
2025-01-01,influencer,brand partner/ambassador (+10k),roy thomas/pro era plumbing,,,,4,0,0,,,
2025-01-01,direct/unknown,organic,,,,,1,0,0,,,
2025-01-01,influencer,ambassador,paul jamison,,,,0,1,148,,,
2025-01-01,app marketing - paid,smadex,ios,,,,914,26,2382.85,,,
2025-01-01,social media,facebook,always-on,,,,510.6555556,15.13333333,2348.5,,,
2025-01-01,programmatic,the trade desk,lal - tv,,,,1,0,0,,,
2025-01-01,partner program,integrations,companycam,,,,0.666666667,0.333333333,62.75,,,
2025-01-01,social media,facebook,paid,,,,140.6666667,5,327.97,,,
2025-01-01,advertising,,,,,,1,0,0,,,
2025-01-01,events,virtual,jobber blueprint,,,,5.891718266,0.358823529,52.25058824,,,
2025-01-01,referrals,customer referral program,,,,,141.8108043,66.89414572,10147.49295,,,
2025-01-01,app marketing - organic,organic,android,,,,,,,1428.5,12.5,816.46
2025-01-01,sem - generic,google,,,,,,,,1603.861566,126.7412969,16345.45532
2025-01-01,events,virtual,jobber summit,,,,,,,38.71669163,29.50441606,5429.881611
2025-01-01,affiliate program,commission junction,,,,,,,,52.36111111,4.65,984.1916667
2025-01-01,partner program,integrations,,,,,,,,4.366666667,2.2,662.8
2025-01-01,influencer,brand partner/ambassador (+10k),john seaman/jc property professionals/jcp properties/jcp,,,,,,,19.23333333,0.9,60.9
2025-01-01,influencer,brand partner/ambassador (+10k),casey evertsen/bin blasters,,,,,,,2.833333333,0,0
2025-01-01,influencer,brand partner/ambassador (+10k),ivan carvalho/glaucio carvalho/mr. bubbles,,,,,,,3.833333333,0.5,14.5
2025-01-01,influencer,business brand partner,phil risher / plash consulting,,,,,,,0.25,0.5,59.5
2025-01-01,partner program,channel (referrals),coaches/trainers,,,,,,,3.166666667,2,343
2025-01-01,influencer,brand partner/ambassador (+10k),kurt the arborist,,,,,,,0.333333333,0.333333333,39.66666667
2025-01-01,influencer,ambassador,reuben potter/floors by southern boys,,,,,,,0.5,0,0
2025-01-01,partner program,channel (franchises),chefs for seniors,,,,,,,1,0,0
2025-02-01,social media,facebook,remarketing,,,,,,,181.0952381,6.642857143,542.3095238
2025-02-01,influencer,brand partner/ambassador (+10k),zech osburn/z's exterior services/biz boosters,,,,,,,2.616666667,0.2,23.8
2025-02-01,influencer,brand partner/ambassador (+10k),casey evertsen/bin blasters,,,,,,,2.620833333,0.225,34.9
2025-02-01,influencer,general,,,,,,,,12.33285714,2.376190476,213.3569048
2025-02-01,directories,mvf,paid,,,,,,,0.736111111,0.236111111,57.56944444
2025-02-01,influencer,brand partner/ambassador (+10k),chase gallagher/cmg landscape/service pro elite,,,,,,,5.166666667,0.833333333,150.5
2025-02-01,influencer,business brand partner,morgan graffis/verv cleaning/the cleaning co. coach/cleaning coach,,,,,,,1,0,0
2025-02-01,influencer,alumni partner,scott mckenna/oddly satisfying pressure washing,,,,,,,1.25,0.5,99.5
2025-02-01,organic search,jobber academy,,,,,,,,1.416666667,0,0
2025-02-01,directories,software advice,ppc,,,,,,,1,0,0
2025-02-01,influencer,ambassador,nicolas sevrette/montreal sparky,,,,,,,1,0.5,64.5
2025-02-01,advertising,online/general,,,,,,,,4,0,0
2025-09-01,app marketing - organic,organic,android,,,,,,,1504,28,1487.84
2025-09-01,direct/unknown,,,,,,,,,917,12,1307.99
2025-09-01,sem - competitors,google,,,,,,,,191.9346829,23.2516212,4177.119583
2025-09-01,programmatic,the trade desk,prospecting - display,,,,,,,200.1402561,14.05962238,2528.837002
2025-09-01,influencer,brand partner/ambassador (+10k),theo webster/ theo webster electrical services,,,,,,,1,0,0
2025-09-01,freemium paid,facebook,,,,,,,,1.2,0,0
2025-09-01,advertising,online/general,,,,,,,,9,0,0
2025-09-01,experimental,tiktok,organic,,,,,,,9.343234323,0.00990099,0.881188119
2025-09-01,influencer,brand partner/ambassador (+10k),jason ambro/ambro's landscaping,,,,,,,0.5,0,0
2025-09-01,partner program,channel (referrals),bookeepers/consultants/agencies,,,,,,,1.375,0.541666667,29.875
2025-09-01,influencer,ambassador,richard alexa/renovations and repair,,,,,,,0.5,0,0
2025-04-01,app marketing - organic,organic,android,,,,,,,1749.5,35,2151.35
2025-06-01,app marketing - paid,tiktok,,,,,,,,6579.526134,121.9166348,7851.379962
2025-06-01,programmatic,mntn,,,,,,,,812.1610751,189.2687074,27503.56021
2025-04-01,events,virtual,jobber summit,,,,,,,37.01048902,15.07074363,3179.235641
2025-04-01,influencer,brand partner/ambassador (+10k),randy roblero/detailing beyond limits/beyond limits of palm beach,,,,,,,7,1,39
2025-06-01,organic search,ai search,chatgpt,,,,,,,257.4456148,140.5801357,26949.79226
2025-06-01,freemium paid,google,paid,,,,,,,535.5,34,3181.41
2025-04-01,influencer,brand partner/ambassador (+10k),roy thomas/pro era plumbing,,,,,,,7,0,0
2025-04-01,affiliate program,commission junction,,,,,,,,65.26855657,8.249688645,669.3139011
2025-06-01,programmatic,the trade desk,prospecting - display,,,,,,,59.3575372,5.593734336,828.6742318
2025-04-01,influencer,brand partner/ambassador (+10k),keven bermeo / pressure washing plays,,,,,,,20.53333333,14,2600.5
2025-04-01,events,paid social events,,,,,,,,6.074879227,0,0
2025-06-01,influencer,brand partner/ambassador (+10k),anthony salazar / poop scoops for noobs,,,,,,,1.578787879,0.628787879,104.75
2025-06-01,organic search,ai search,claude,,,,,,,0.5,0,0
2025-04-01,partner program,channel (referrals),managed service providers (msp),,,,,,,2,2,166
2025-04-01,partner program,integrations,companycam,,,,,,,2.613149145,0.573545185,114.1649446
2025-04-01,influencer,brand partner/ambassador (+10k),brent nelson / dust to glory pressure washing,,,,,,,1.5,0,0
2025-06-01,influencer,ambassador,darion cook/ d's lawn and landscaping,,,,,,,0.666666667,0,0
2025-04-01,influencer,brand partner/ambassador (+10k),tym o'laughlin/tymo/tymo paints,,,,,,,2,0,0
2025-04-01,events,virtual,jobber grants,,,,,,,3.033333333,0,0
2025-06-01,influencer,brand partner/ambassador (+10k),jeremy talboy / georgian landscape design - north georgia landscape management,,,,,,,0.5,0.5,53.5
2025-04-01,influencer,brand partner/ambassador (+10k),eric gonzalez / castillos landscaping,,,,,,,4.5,1.5,213.5
2025-04-01,influencer,brand partner/ambassador (+10k),harry harvey / garage style,,,,,,,1,0,0
2025-06-01,advertising,,,,,,,,,1,0,0
2025-06-01,influencer,brand partner/ambassador (+10k),darian jarrett/capital city professional,,,,,,,1,0,0
2025-04-01,influencer,business brand partner,phil risher / plash consulting,,,,,,,0.2,0.2,119.8
2025-04-01,influencer,brand partner/ambassador (+10k),andrew eylander / eylander tile / etile / crowne tools,,,,,,,0.5,0,0
2025-06-01,social media,facebook - lead gen,paid - evergreen webinar,,,,,,,0,1,39.99
2025-04-01,partner program,integrations,square/block,,,,,,,0,0.5,124
2025-10-01,events,virtual,jobber now,,,,,,,33.15504416,24.75908972,5697.941849
2025-10-01,freemium paid,google,paid,,,,,,,3048.486826,54.70978619,6530.659359
2025-10-01,programmatic,the trade desk,prospecting - audio,,,,,,,150.6771731,19.10393773,3144.283829
2025-10-01,influencer,brand partner/ambassador (+10k),jacqueline and tanner hurst/jt junk solutions,,,,,,,55.68638306,1.862179487,218.4678526
2025-10-01,freemium organic,,,,,,,,,124,5.5,1219.49
2025-10-01,experimental,podcast ads,,,,,,,,4.75,1.083333333,237.25
2025-10-01,influencer,ambassador,jaren powell/near me mobile detailing,,,,,,,3.666666667,0,0
2025-10-01,influencer,ambassador,parker jay smith,,,,,,,2,0.5,114
2025-10-01,events,tradeshows,,,,,,,,6,4,1329.5
2025-10-01,influencer,brand partner/ambassador (+10k),chad cooke/cooke pressure washing/cooke,,,,,,,1.333333333,0,0
2025-10-01,influencer,brand partner/ambassador (+10k),misael avalos / time maid cleaning,,,,,,,1,0,0
2025-10-01,influencer,general,brian's lawn maintenance,,,,,,,0.5,0,0
2025-10-01,direct/unknown,organic,android,,,,,,,1,1,169
2025-01-01,sem - generic,bing,,,,,,,,784.9736194,50.25893687,6433.433793
2025-01-01,programmatic,mntn,prospecting,,,,,,,831.3721507,85.50446569,11547.85225
2025-01-01,programmatic,,,,,,,,,142.7144928,3.18115942,330.8645652
2025-01-01,influencer,ambassador,roger wakefield,,,,,,,0.5,1,34
2025-01-01,partner program,channel (referrals),,,,,,,,4.725490196,5.892156863,938.8137255
2025-01-01,affiliate program,,,,,,,,,2,0.333333333,109.3333333
2025-01-01,social media,instagram,paid,,,,,,,5,1,39.99
2025-01-01,influencer,brand partner/ambassador (+10k),marvin joles/blacktop banter,,,,,,,0.142857143,0.142857143,17
2025-01-01,youtube,demand gen,remarketing,,,,,,,1,0,0
2025-01-01,partner program,channel (franchises),duraclean,,,,,,,0,1,298
2025-01-01,directories,g2,g2_paid_promo,,,,,,,0,1,208
2025-01-01,influencer,ambassador,christian schloegel,,,,,,,0,0.5,64.5
2025-02-01,programmatic,mntn,prospecting,,,,,,,835.9736645,97.53698186,14410.44104
2025-02-01,sem - generic,bing,,,,,,,,637.1675362,45.90805676,4812.175486
2025-02-01,direct/unknown,direct,,,,,,,,335,9,791.99
2025-02-01,sem - competitors,google,,,,,,,,127.529515,24.52859193,4077.929344
2025-02-01,influencer,business brand partner,dave moerman/revive washing/home service business coach,,,,,,,1.642857143,1.80952381,140.4285714
2025-02-01,directories,g2,organic,,,,,,,0.909090909,0,0
2025-02-01,influencer,brand partner/ambassador (+10k),john seaman/jc property professionals/jcp properties/jcp,,,,,,,14.77777778,3.111111111,251.2122222
2025-02-01,influencer,alumni partner,charlotte bosanquet/care cleaning services sydney/charlotte,,,,,,,0.5,0,0
2025-02-01,partner program,integrations,square/block,,,,,,,0.076923077,0.076923077,9.076923077
2025-10-01,organic search,,,,,,,,,5906.993744,1099.606058,189114.8551
2025-10-01,affiliate program,partnerstack,,,,,,,,54.54018765,24.30768425,2892.788793
2025-10-01,events,virtual,jobber summit,,,,,,,14.86839372,1.994024478,417.9409392
2025-10-01,influencer,brand partner/ambassador (+10k),randy roblero/detailing beyond limits/beyond limits of palm beach,,,,,,,3.833333333,0,0
2025-10-01,influencer,macro brand partner (+1m),dustin stelzer / electrician u,,,,,,,32.17058824,2.837254902,257.4978431
2025-10-01,programmatic,the trade desk,prospecting - tv,,,,,,,247.3174234,26.17634115,3466.009866
2025-10-01,social media,instagram,organic,,,,,,,51.21180525,2.938170973,416.5918441
2025-10-01,influencer,brand partner/ambassador (+10k),sadi ingallina/ash tree enterprises,,,,,,,1.012987013,0.012987013,2.194805195
2025-10-01,directories,capterra,,,,,,,,1.5,0.5,203.5
2025-10-01,influencer,brand partner/ambassador (+10k),keven bermeo / pressure washing plays,,,,,,,0.5,0,0
2025-10-01,events,tradeshows,unspecified,,,,,,,4.911440706,2.411440706,657.6607251
2025-10-01,influencer,brand partner/ambassador (+10k),harry harvey / garage style,,,,,,,1,0,0
2025-10-01,influencer,brand partner/ambassador (+10k),louis mouchet,,,,,,,4.416666667,2,175.5
2025-10-01,app marketing - paid,,,,,,,,,9,0,0
2025-10-01,advertising,radio,sirius,,,,,,,1,0,0
2025-10-01,events,paid social events,,,,,,,,0.25,0,0
2025-10-01,influencer,ambassador,annie jones / annie cleans / annie cleans by lamplight,,,,,,,1.666666667,0,0
2025-10-01,influencer,brand partner/ambassador (+10k),j&d lake services/jd lake services/joe weinberger/declan pivnicka,,,,,,,0.5,0,0
2025-10-01,partner program,integrations,sendjim,,,,,,,0,0.111111111,18.77777778
2025-09-01,social media,instagram,organic,,,,,,,37.91919959,6.044515374,534.6711643
2025-09-01,programmatic,mntn,prospecting - audience match,,,,,,,73,8.5,964.99
2025-09-01,influencer,brand partner/ambassador (+10k),hunter patrick/dumpire junk removal,,,,,,,12.16666667,3,351
2025-09-01,app marketing - organic,organic,,,,,,,,8.454007227,4.123189554,567.0527027
2025-09-01,influencer,macro brand partner (+1m),dustin stelzer / electrician u,,,,,,,16.64444444,0.811111111,36.46166667
2025-09-01,youtube,demand gen,remarketing,,,,,,,19.83333333,0,0
2025-09-01,influencer,business brand partner,anatoly nazarov / digamark llc / average bro aesthetic,,,,,,,4.666666667,1.433333333,68.8
2025-09-01,influencer,nano brand partner/ambassador (<10k),cory byron/vancity electric,,,,,,,1.7,1.2,174.6
2025-09-01,partner program,integrations,google lsa,,,,,,,1.5,0,0
2025-09-01,influencer,brand partner/ambassador (+10k),jeff kult / trusted electric,,,,,,,3.090909091,0.090909091,3.635454545
2025-09-01,influencer,ambassador,stevenj120volts/steven ravesi,,,,,,,2.833333333,0.333333333,9.666666667
2025-09-01,influencer,business brand partner,vince perri / commercial claims advocate / vince perri coaching,,,,,,,0.333333333,0,0
2025-09-01,influencer,ambassador,yarith fernandez/y&a cleaning,,,,,,,1.333333333,0,0
2025-09-01,influencer,"influencer (+10k, not sp)",sam irwin / go build stuff,,,,,,,0.7,0,0
2025-09-01,influencer,alumni partner,alyssa's cleaning company/alyssa,,,,,,,0.012048193,0,0
2025-09-01,influencer,brand partner/ambassador (+10k),jessica bannister,,,,,,,0.012048193,0,0
2025-09-01,influencer,business brand partner,eduardo barboza / nmc development llc / wealth in construction,,,,,,,0,0.333333333,13
2025-04-01,social media,instagram,organic,,,,,,,41.59772182,6.166666667,682.6616667
2025-04-01,partner program,integrations,zapier,,,,,,,4.096838997,2.941946243,556.4668175
2025-06-01,youtube,organic,,,,,,,,449.4544609,48.33305885,3014.525349
2025-06-01,youtube,trueview,prospecting,,,,,,,113.5606934,12.46553028,1983.24515
2025-06-01,freemium paid,bing,paid,,,,,,,547.6281698,11.06539919,776.5562485
2025-04-01,sem - generic,bing,,,,,,,,915.3820613,47.78348326,5546.686715
2025-04-01,partner program,channel (referrals),,,,,,,,11.73809524,10.57142857,2903.071429
2025-04-01,programmatic,the trade desk,prospecting - tv,,,,,,,239.5919611,20.75478995,2783.355619
2025-04-01,influencer,"influencer (+10k, not sp)",mike swezey/the handyman business,,,,,,,6.366666667,1,34
2025-06-01,youtube,demand gen,remarketing,,,,,,,29.34285714,2.375,249.125
2025-04-01,app marketing - organic,organic,,,,,,,,23.16420525,8.60183398,1249.384232
2025-04-01,partner program,integrations,google lsa,,,,,,,2.333333333,0,0
2025-06-01,influencer,brand partner/ambassador (+10k),austin gray - ownr ops / ownr ops skool community / bear claw land services,,,,,,,6.958333333,1.583333333,328.4166667
2025-04-01,influencer,brand partner/ambassador (+10k),hunter patrick/dumpire junk removal,,,,,,,8,0.333333333,56.33333333
2025-06-01,influencer,alumni partner,chanique stewart/chanique cleaning services/cleaning boss accelerator,,,,,,,5.333333333,0.333333333,56.33333333
2025-06-01,influencer,brand partner/ambassador (+10k),jeff kult / trusted electric,,,,,,,1.833333333,0.833333333,99.66166667
2025-04-01,social media,instagram,paid,,,,,,,6,0,0
2025-06-01,partner program,integrations,thumbtack,,,,,,,2.555555556,0.5,139
2025-06-01,directories,getapp,paid,,,,,,,16.90952381,3.85,365.64
2025-06-01,influencer,brand partner/ambassador (+10k),cornell mack/mack landscaping & lawn care,,,,,,,3.5,0,0
2025-06-01,influencer,brand partner/ambassador (+10k),adam chapman/pad pal,,,,,,,0.5,0,0
2025-06-01,partner program,channel (referrals),other,,,,,,,1.5,0,0
2025-06-01,influencer,alumni partner,jason cleans/jason shipway,,,,,,,0.5,0.5,99.5
2025-01-01,app marketing - paid,tiktok,,,,,,,,1110.666667,15.16666667,1495.096667
2025-01-01,social media,facebook,organic,,,,,,,303.6857665,15.29285714,1967.851429
2025-01-01,word of mouth,organic wom referrals,general,,,,,,,108,11,1229.99
2025-01-01,freemium paid,google,paid,,,,,,,462,44.5,3354.9
2025-01-01,direct/unknown,direct,,,,,,,,365,6,805.98
2025-01-01,influencer,brand partner/ambassador (+10k),anthony salazar / poop scoops for noobs,,,,,,,8.301190476,2.801190476,151.217619
2025-01-01,influencer,general,carl bennet/happy's lawn care,,,,,,,1,0,0
2025-01-01,influencer,brand partner/ambassador (+10k),tj mccormack/worldsgreatestroofer/tj,,,,,,,1,0,0
2025-01-01,influencer,brand partner/ambassador (+10k),oscar gil/detail groove,,,,,,,29.87192982,3.683333333,654.9
2025-01-01,influencer,brand partner/ambassador (+10k),ricardo diaz/legacy junk removal,,,,,,,0.333333333,0,0
2025-01-01,app marketing - paid,google uac,ios,,,,,,,1,0,0
2025-02-01,app marketing - organic,organic,ios,,,,,,,4017.5,97,6620.29
2025-02-01,app marketing - paid,apple search ads,,,,,,,,3543.324645,109.5584161,8811.958329
2025-02-01,sem - generic,google,,,,,,,,2703.537033,157.2175589,17136.18092
2025-02-01,app marketing - organic,organic,android,,,,,,,1371,22.5,2037.88
2025-02-01,social media,facebook,organic,,,,,,,304.7414141,22.53333333,2740.954667
2025-02-01,directories,capterra,paid,,,,,,,346.2933333,9.664761905,2280.615714
2025-02-01,affiliate program,commission junction,,,,,,,,37.80509696,6.595138889,821.9326389
2025-02-01,social media,,,,,,,,,75,3,117.99
2025-02-01,programmatic,the trade desk,lal - tv,,,,,,,0.777777778,0.277777778,63.61111111
2025-02-01,influencer,brand partner/ambassador (+10k),tom maggs/maggs lawn/maggs lawn and landscape,,,,,,,6.333333333,1.833333333,259.8283333
2025-02-01,influencer,ambassador,sergio licea/edge cleaning,,,,,,,0.5,0.5,19.5
2025-02-01,influencer,brand partner/ambassador (+10k),aron jones/big dog construction,,,,,,,0.111111111,0.111111111,4.333333333
2025-02-01,influencer,brand partner/ambassador (+10k),ricardo diaz/legacy junk removal,,,,,,,0,0.333333333,13
2025-09-01,app marketing - paid,tiktok,,,,,,,,5236.193494,81.94015211,4883.335848
2025-09-01,freemium paid,google,paid,,,,,,,2496.596468,47.08580075,3603.102729
2025-09-01,organic search,ai search,chatgpt,,,,,,,136.7291283,94.87774635,21820.60148
2025-09-01,programmatic,mntn,,,,,,,,494.5784021,118.7459544,17718.90699
2025-09-01,influencer,brand partner/ambassador (+10k),erica krupin/kroopin poopin scoopin,,,,,,,6.470381526,1.54904191,114.8056162
2025-09-01,influencer,nano brand partner/ambassador (<10k),karsten nielsen/ the plumbing gurus,,,,,,,0.333333333,0.333333333,13
2025-09-01,influencer,brand partner/ambassador (+10k),jacob palmer / palmer electrical,,,,,,,5.833333333,1,103.5
2025-09-01,influencer,alumni partner,nick glassett/let's get lit,,,,,,,3.9,2.733333333,578.9283333
2025-09-01,influencer,nano brand partner/ambassador (<10k),greg schmitt/huge handyman,,,,,,,0.5,0,0
2025-09-01,influencer,brand partner/ambassador (+10k),trey bohannan/trey bodirt,,,,,,,1,1,39.99
2025-09-01,influencer,brand partner/ambassador (+10k),jeremy talboy / georgian landscape design - north georgia landscape management,,,,,,,1.333333333,0.5,19.5
2025-09-01,experimental,podcast ads,,,,,,,,2.397916667,0.114583333,8.53125
2025-09-01,influencer,brand partner/ambassador (+10k),anthony salazar / poop scoops for noobs,,,,,,,2.166666667,0.25,49.75
2025-09-01,influencer,brand partner/ambassador (+10k),tommy hunter/hunter window wash,,,,,,,0.502427184,0.5,19.5
2025-09-01,influencer,brand partner/ambassador (+10k),bryan vincent / vip maintenance / bryyan vincent,,,,,,,2,0,0
2025-09-01,influencer,ambassador,josh vinciguerra/vinci's mow and snow/jash cv,,,,,,,0.5,0,0
2025-09-01,influencer,brand partner/ambassador (+10k),ceonn williams / c and c details,,,,,,,0.833333333,0,0
2025-09-01,social media,facebook,international,,,,,,,1,0,0
2025-09-01,influencer,brand partner/ambassador (+10k),garrett davis/underwood & davis/gw custom decks,,,,,,,1,1,108.41
2025-04-01,organic search,ai search,chatgpt,,,,,,,136.486209,60.20086416,14546.43469
2025-04-01,app marketing - paid,tiktok,,,,,,,,2104.67619,50.8655914,3292.317258
2025-04-01,direct/unknown,direct,,,,,,,,425,6,604.99
2025-04-01,programmatic,mntn,,,,,,,,1069.130098,228.7972392,33075.23345
2025-06-01,organic search,,,,,,,,,7073.819079,1216.682743,198531.5483
2025-06-01,social media,facebook,paid,,,,,,,559.5,14.5,760.44
2025-06-01,sem - branded,google,,,,,,,,1570.333623,462.4648105,68088.4374
2025-06-01,referrals,customer referral program,,,,,,,,351.0581418,210.3237319,37548.58794
2025-04-01,freemium paid,google,paid,,,,,,,208.5,35.5,2371.42
2025-06-01,influencer,brand partner/ambassador (+10k),ray duke/bulletproof handyman,,,,,,,56.69396836,16.42860888,1198.832387
2025-04-01,influencer,brand partner/ambassador (+10k),anthony salazar / poop scoops for noobs,,,,,,,5.127688787,4.443478261,460.8355072
2025-06-01,app marketing - experimental,jampp,,,,,,,,50.06666667,4.266666667,196.8266667
2025-04-01,word of mouth,organic wom referrals,general,,,,,,,120,8,852.98
2025-04-01,influencer,brand partner/ambassador (+10k),kurt the arborist,,,,,,,0.5,0.5,99.5
2025-06-01,influencer,brand partner/ambassador (+10k),skyler lane / realskylane / junk success,,,,,,,6.188405797,2.355072464,215.384058
2025-06-01,influencer,brand partner/ambassador (+10k),brad behr/copper creek cuts/bctp/baker county trash pickup,,,,,,,10.46309524,1.5,58.5
2025-04-01,advertising,,,,,,,,,2,0,0
2025-06-01,events,virtual,jobber blueprint,,,,,,,7.997770901,2.030020066,271.651941
2025-06-01,experimental,podcast ads,,,,,,,,5.308333333,0.516666667,94.23083333
2025-06-01,partner program,channel (resellers),,,,,,,,1,1.833333333,426.5
2025-06-01,programmatic,the trade desk,lal - audio,,,,,,,24.20442155,1.257575758,213.5606061
2025-06-01,app marketing - paid,,,,,,,,,15,1,39
2025-04-01,influencer,brand partner/ambassador (+10k),ivan carvalho/glaucio carvalho/mr. bubbles,,,,,,,2.642857143,1.5,59.49
2025-06-01,influencer,brand partner/ambassador (+10k),roy thomas/pro era plumbing,,,,,,,9.7,1,39
2025-06-01,influencer,brand partner/ambassador (+10k),diana cruz/dee takes over cleaning,,,,,,,1.333333333,0,0
2025-06-01,influencer,brand partner/ambassador (+10k),trey bohannan/trey bodirt,,,,,,,6.025641026,1.025641026,109.8539744
2025-06-01,influencer,brand partner/ambassador (+10k),aron jones/big dog construction,,,,,,,1,0,0
2025-06-01,influencer,brand partner/ambassador (+10k),tommy hunter/hunter window wash,,,,,,,2,0,0
2025-04-01,influencer,brand partner/ambassador (+10k),tj mccormack/worldsgreatestroofer/tj,,,,,,,0.25,0.25,94.25
2025-04-01,affiliate program,,,,,,,,,1,0,0
2025-04-01,influencer,ambassador,david parraguirre/the mexican carpenter,,,,,,,0.5,0,0
2025-06-01,experimental,facebook - lead gen,paid - evergreen webinar,,,,,,,2,1,319.495
2025-06-01,influencer,ambassador,nick huber/sweaty startup,,,,,,,0.022727273,0.356060606,20.43181818
2025-04-01,influencer,business brand partner,eduardo barboza / nmc development llc / wealth in construction,,,,,,,0.5,0,0
2025-06-01,events,tradeshows,unspecified,,,,,,,1.5,0,0
2025-01-01,app marketing - paid,google uac,,,,,,,,6752.891245,38.14200244,2462.397662
2025-01-01,influencer,macro brand partner (+1m),chase stetson/that lawn dude,,,,,,,39.52192982,3,357
2025-01-01,performance max,,,,,,,,,48.27188333,13.50999378,2363.575553
2025-01-01,influencer,brand partner/ambassador (+10k),keith kalfas,,,,,,,55.32089669,11.32062678,1348.183006
2025-01-01,influencer,ambassador,codie sanchez/contrarian thinking,,,,,,,1.802631579,0.502631579,98.47105263
2025-01-01,influencer,ambassador,twin brothers construction/ben + andrew schoonover,,,,,,,0.333333333,0,0
2025-01-01,events,tradeshows,huge convention,,,,,,,0.016393443,0.016393443,7.016393443
2025-01-01,events,virtual,jobber now,,,,,,,3,3,247.99
2025-01-01,organic search,reddit,,,,,,,,5.833333333,0.5,19.5
2025-01-01,influencer,brand partner/ambassador (+10k),dallin huso / flamingo pools,,,,,,,0.058823529,0.058823529,14.64705882
2025-01-01,influencer,brand partner/ambassador (+10k),pablo serrano/black sheep/the black sheep lawn,,,,,,,1,0.5,19.5
2025-01-01,influencer,general,brian's lawn maintenance,,,,,,,1,0,0
2025-02-01,app marketing - paid,google uac,,,,,,,,5633.490992,59.87713904,3736.39607
2025-02-01,directories,g2,paid,,,,,,,8.833333333,0.5,84.5
2025-02-01,influencer,brand partner/ambassador (+10k),keith kalfas,,,,,,,50.88922466,17.87533578,1915.64264
2025-02-01,influencer,general,matt santos/business life with matt santos,,,,,,,0.527777778,0.027777778,6.916666667
2025-02-01,influencer,"influencer (+10k, not sp)",mike swezey/the handyman business,,,,,,,12.2,2.233333333,291.2666667
2025-02-01,organic search,reddit,,,,,,,,2.608333333,0.025,4.225
2025-02-01,influencer,brand partner/ambassador (+10k),kurt the arborist,,,,,,,0.5,0,0
2025-02-01,influencer,brand partner/ambassador (+10k),derrick mcclintock/the man training show,,,,,,,0.333333333,0,0
2025-02-01,partner program,channel (resellers),verizon,,,,,,,1,1,190
2025-02-01,influencer,brand partner/ambassador (+10k),jessica bannister,,,,,,,0.361111111,0,0
2025-02-01,influencer,alumni partner,alyssa's cleaning company/alyssa,,,,,,,1.361111111,0,0
2025-02-01,app marketing - paid,smadex,ctv,,,,,,,1,0,0
2025-02-01,directories,technology advice,ppc,,,,,,,0,1,149
2025-02-01,influencer,ambassador,christian schloegel,,,,,,,0,0.5,214
2025-02-01,influencer,ambassador,steve-o/steven richardson,,,,,,,0,0.5,19.5
2025-10-01,partner program,integrations,stripe,,,,,,,54.50324076,51.23551869,12001.2883
2025-10-01,sem - generic,bing,,,,,,,,585.1002089,44.12834097,5782.050173
2025-10-01,social media,facebook,always-on,,,,,,,247.1605769,13.92724359,1986.995353
2025-10-01,partner program,integrations,intuit,,,,,,,9.967605346,0.818577604,141.6396781
2025-10-01,influencer,brand partner/ambassador (+10k),kevin watson/off the path with kevin/off the path,,,,,,,1.333333333,0,0
2025-10-01,influencer,brand partner/ambassador (+10k),brandon wagstaff / wagstaff auto detailing,,,,,,,1.5,0,0
2025-10-01,influencer,brand partner/ambassador (+10k),johan labrana/johan's junk removal,,,,,,,0.5,0.5,19.5
2025-10-01,influencer,brand partner/ambassador (+10k),glen c/glen cuevas/glen c landscaping,,,,,,,16.49358974,1.743589744,141.8283333
2025-10-01,partner program,industry associations,,,,,,,,0.5,0,0
2025-10-01,influencer,alumni partner,charlotte bosanquet/care cleaning services sydney/charlotte,,,,,,,0.5,0,0
2025-10-01,influencer,brand partner/ambassador (+10k),diana cruz/dee takes over cleaning,,,,,,,0.5,0,0
2025-10-01,partner program,integrations,thumbtack,,,,,,,2.03015873,0.3,36.9
2025-10-01,influencer,business brand partner,zach vaught / handmade business coach / zack vaught coaching / zach vaught / handmade business coach,,,,,,,1.833333333,0,0
2025-10-01,influencer,ambassador,itzmexyt/rey&sons roofing/manuel de la cruz,,,,,,,0.5,0,0
2025-10-01,influencer,brand partner/ambassador (+10k),connor maendel / maendel construction llc,,,,,,,0.5,0,0
2025-10-01,influencer,brand partner/ambassador (+10k),daryl baker / the finisher / daryl the finisher,,,,,,,1.5,0.5,99.5
2025-10-01,influencer,business brand partner,mark stetlock/finance unfolded/financeunfolded,,,,,,,0.5,0,0
2025-10-01,app marketing - paid,moloco,,,,,,,,1,0,0
2025-10-01,influencer,nano brand partner/ambassador (<10k),mark cordova / m3 finish detailing / m3 finish mobile detailing,,,,,,,1,0,0
2025-10-01,partner program,integrations,google lsa,,,,,,,0,0.5,174.5
2025-07-01,youtube,demand gen,prospecting,,,,,,,203.6932571,9.954071556,1886.581524
2025-07-01,partner program,integrations,zapier,,,,,,,4.249043366,0.997795347,212.2508401
2025-07-01,influencer,ambassador,steve-o/steven richardson,,,,,,,0.333333333,0,0
2025-07-01,influencer,brand partner/ambassador (+10k),jacob moreno / super clean bins,,,,,,,24.87424242,0.090909091,18.09090909
2025-07-01,influencer,brand partner/ambassador (+10k),mitchell's lawn care llc/mitchell t gordy,,,,,,,1,0.5,44.5
2025-07-01,influencer,brand partner/ambassador (+10k),roberto de leon/pinewood landscape,,,,,,,0.5,0.5,84.5
2025-07-01,influencer,brand partner/ambassador (+10k),hunter patrick/dumpire junk removal,,,,,,,2.833333333,0,0
2025-07-01,influencer,brand partner/ambassador (+10k),jeff guldalian/ the 360 electrician,,,,,,,6.566770186,1.84057971,240.1956522
2025-07-01,directories,g2,organic,,,,,,,1,0,0
2025-07-01,organic search,reddit,,,,,,,,1.584781885,0.238461538,28.76153846
2025-07-01,influencer,brand partner/ambassador (+10k),luke adamson / echo peak designs,,,,,,,0.25,0,0
2025-07-01,app marketing - paid,moloco,,,,,,,,5,0,0
2025-07-01,influencer,brand partner/ambassador (+10k),jon dawson / texas luxury cleaning,,,,,,,1.083333333,0.833333333,72.5
2025-07-01,influencer,brand partner/ambassador (+10k),ian mitzelfeld/mitzelfeld construction,,,,,,,0.5,0,0
2025-07-01,influencer,brand partner/ambassador (+10k),daryl baker / the finisher / daryl the finisher,,,,,,,0.333333333,0,0
2025-07-01,influencer,brand partner/ambassador (+10k),blue collar licensing/luis gonzalez,,,,,,,0.5,0.5,19.5
2025-07-01,influencer,brand partner/ambassador (+10k),derrick mcclintock/the man training show,,,,,,,0,0.333333333,82.66666667
2025-09-01,freemium organic,,,,,,,,,136,4,446.99
2025-09-01,social media,instagram,paid,,,,,,,8,1,39.99
2025-09-01,sem - generic,bing,,,,,,,,834.8435538,47.42730889,5774.133557
2025-09-01,influencer,brand partner/ambassador (+10k),keith kalfas,,,,,,,22.06053312,6.035432722,583.5620302
2025-09-01,youtube,trueview,prospecting,,,,,,,2.691648098,3.718207594,643.9241097
2025-09-01,programmatic,,,,,,,,,64.79166667,2.5,217.995
2025-09-01,partner program,channel (referrals),,,,,,,,5.833333333,3.666666667,777.485
2025-09-01,influencer,brand partner/ambassador (+10k),cody romer/cr carpentry & remodeling,,,,,,,7.333333333,1.5,54.49
2025-09-01,influencer,ambassador,dominic rosales/poor pumper society,,,,,,,2.837317397,0,0
2025-09-01,influencer,ambassador,gian villafuerte / revibe auto detail,,,,,,,1,1,39.99
2025-09-01,influencer,brand partner/ambassador (+10k),glen c/glen cuevas/glen c landscaping,,,,,,,2.25,0.25,42.25
2025-09-01,partner program,channel (resellers),verizon,,,,,,,1,1,112
2025-01-01,organic search,,,,,,,,,6030.017831,1003.834299,161710.8559
2025-01-01,affiliate program,partnerstack,,,,,,,,152.3493857,26.50142921,4094.531652
2025-01-01,sem - branded,google,,,,,,,,2281.360152,595.7879107,93753.77906
2025-01-01,social media,facebook,remarketing,,,,,,,246.5333333,5.366666667,665.5433333
2025-01-01,directories,mvf,paid,,,,,,,3.125,0.125,16.125
2025-01-01,influencer,brand partner/ambassador (+10k),tom maggs/maggs lawn/maggs lawn and landscape,,,,,,,7.5,1.5,222.5
2025-01-01,directories,capterra,,,,,,,,3.5,0.833333333,49.16666667
2025-01-01,influencer,brand partner/ambassador (+10k),randy roblero/detailing beyond limits/beyond limits of palm beach,,,,,,,6,0.5,19.5
2025-01-01,influencer,brand partner/ambassador (+10k),matthew hawk/matthew's mowing & lawn maintenance,,,,,,,1,0,0
2025-01-01,influencer,brand partner/ambassador (+10k),jacqueline and tanner hurst/jt junk solutions,,,,,,,1,0,0
2025-01-01,influencer,brand partner/ambassador (+10k),chase gallagher/cmg landscape/service pro elite,,,,,,,2,2.5,372
2025-01-01,influencer,brand partner/ambassador (+10k),brad behr/copper creek cuts/bctp/baker county trash pickup,,,,,,,1.5,0,0
2025-01-01,organic search,support documentation,,,,,,,,2,0,0
2025-01-01,influencer,ambassador,desmond tse/the siding guy,,,,,,,0.5,0,0
2025-01-01,partner program,channel (resellers),,,,,,,,0.583333333,0.083333333,12.41666667
2025-02-01,influencer,macro brand partner (+1m),chase stetson/that lawn dude,,,,,,,22.55555556,3.166666667,292.49
2025-02-01,freemium paid,bing,paid,,,,,,,35,7.5,627
2025-02-01,events,tradeshows,ahr,,,,,,,8.251190476,2.217857143,499.8178571
2025-02-01,performance max,,,,,,,,,6.291404752,5.71150859,1102.373147
2025-02-01,influencer,general,brian's lawn maintenance,,,,,,,1.533333333,0.533333333,83.76666667
2025-02-01,events,virtual,jobber now,,,,,,,7,1,39.495
2025-02-01,influencer,brand partner/ambassador (+10k),pablo serrano/black sheep/the black sheep lawn,,,,,,,0.5,0,0
2025-02-01,social media,twitter,,,,,,,,2,0,0
2025-02-01,influencer,brand partner/ambassador (+10k),cameron vogelsang/tennessee electrician,,,,,,,2.583333333,0,0
2025-02-01,partner program,channel (franchises),pink's window service,,,,,,,0,2,440
2025-09-01,app marketing - organic,organic,ios,,,,,,,6274,176,12241.83
2025-09-01,app marketing - paid,apple search ads,,,,,,,,2853.505858,130.8041736,8748.41419
2025-09-01,sem - branded,google,,,,,,,,1540.176464,454.110049,69340.1801
2025-09-01,social media,,,,,,,,,139,8,525.96
2025-09-01,freemium paid,bing,paid,,,,,,,81,3,276
2025-09-01,influencer,brand partner/ambassador (+10k),tom maggs/maggs lawn/maggs lawn and landscape,,,,,,,2.7,0,0
2025-09-01,influencer,brand partner/ambassador (+10k),danny cardenas/themaestroreal/rosewood landscaping/rosewood,,,,,,,1.590909091,0.590909091,139.3181818
2025-09-01,influencer,brand partner/ambassador (+10k),oscar gil/detail groove,,,,,,,16.49318241,3.135752688,368.6760753
2025-09-01,influencer,nano brand partner/ambassador (<10k),luis lucena/lucena painting,,,,,,,1,1,278
2025-09-01,influencer,brand partner/ambassador (+10k),austin mccallister / noschooljusttools / boyd landscaping,,,,,,,1,0,0
2025-09-01,influencer,ambassador,jason grant / mr. light guy llc / mlg,,,,,,,0.5,0,0
2025-09-01,influencer,brand partner/ambassador (+10k),nick sanborn / sanborn construction,,,,,,,1.333333333,0.333333333,13
2025-09-01,influencer,brand partner/ambassador (+10k),e itzcoatl aguilar / ewokdoeshvac / ewok does hvac,,,,,,,0.5,0,0
2025-09-01,influencer,brand partner/ambassador (+10k),kirk mckinney / jacob mckinney / junk teens llc / junk teens junk removal,,,,,,,1,0,0
2025-09-01,influencer,brand partner/ambassador (+10k),influencer - grant mcmullen / mcmullen master services,,,,,,,1,0,0
2025-09-01,influencer,nano brand partner/ambassador (<10k),rosie selvaggio/hocus pocus cleaning,,,,,,,3.680952381,0.166666667,74.66666667
2025-09-01,influencer,brand partner/ambassador (+10k),skyler lane / realskylane / junk success,,,,,,,0.5,0.5,59.5
2025-09-01,influencer,nano brand partner/ambassador (<10k),conor whyte / whyte mechanical,,,,,,,0.5,0,0
2025-09-01,influencer,alumni partner,tom lawson/straight up stairs,,,,,,,0.333333333,0.333333333,9.666666667
2025-09-01,influencer,brand partner/ambassador (+10k),chad cooke/cooke pressure washing/cooke,,,,,,,2.5,0,0
2025-09-01,influencer,brand partner/ambassador (+10k),ben millen/benjamin millen/bluladder/ben the window cleaner,,,,,,,1.833333333,0,0
2025-09-01,direct/unknown,organic,android,,,,,,,1,0,0
2025-07-01,sem - competitors,bing,,,,,,,,25.36878788,4.373333333,284.3433333
2025-07-01,social media,facebook,organic,,,,,,,264.9366947,24.93574661,1470.420814
2025-07-01,sem - franchise,google,paid,,,,,,,21.51281057,11.40676641,2266.485448
2025-07-01,programmatic,the trade desk,lal - audio,,,,,,,16.38346144,3.133461444,329.2952225
2025-07-01,programmatic,the trade desk,lal - tv,,,,,,,36.3106698,3.546610845,494.8191388
2025-07-01,influencer,brand partner/ambassador (+10k),timmy riggs / streakers window cleaning,,,,,,,1.5,0,0
2025-07-01,influencer,brand partner/ambassador (+10k),tom maggs/maggs lawn/maggs lawn and landscape,,,,,,,6.507575758,1.702020202,75.34858586
2025-07-01,influencer,brand partner/ambassador (+10k),ivan carvalho/glaucio carvalho/mr. bubbles,,,,,,,2.6,2.1,160.9
2025-07-01,influencer,brand partner/ambassador (+10k),skyler lane / realskylane / junk success,,,,,,,5.85,1.666666667,292.3333333
2025-07-01,influencer,brand partner/ambassador (+10k),tommy hunter/hunter window wash,,,,,,,4,2,158.99
2025-07-01,organic search,support documentation,,,,,,,,2,0,0
2025-07-01,directories,getapp,,,,,,,,1,0,0
2025-07-01,influencer,ambassador,justin and fallon ascherman/rustic grain designs,,,,,,,0.5,0,0
2025-07-01,social media,facebook,international,,,,,,,1,0,0
2025-10-01,social media,,,,,,,,,182,10,714.93
2025-10-01,influencer,business brand partner,aaron wilton-jones / autoclean academy,,,,,,,5.5,1,79
2025-10-01,app marketing - experimental,meta apps,ios,,,,,,,16,1,39.99
2025-10-01,influencer,ambassador,austin davis,,,,,,,2.622875817,0.622875817,69.7379085
2025-10-01,influencer,brand partner/ambassador (+10k),mitchell's lawn care llc/mitchell t gordy,,,,,,,0.7,0.7,78.3
2025-10-01,influencer,brand partner/ambassador (+10k),jon dawson / texas luxury cleaning,,,,,,,1.5,1,39.99
2025-10-01,influencer,brand partner/ambassador (+10k),jacob moreno / super clean bins,,,,,,,2.5,0,0
2025-10-01,influencer,brand partner/ambassador (+10k),roberto de leon/pinewood landscape,,,,,,,2.05952381,0.226190476,22.29619048
2025-10-01,directories,capterra,paid,,,,,,,2.074074074,1.166666667,434.5
2025-10-01,influencer,brand partner/ambassador (+10k),warren chappell / boss plumbing and heating,,,,,,,0.5,0,0
2025-11-01,organic search,,,,,,,,,4778.864534,966.8036678,167028.4365
2025-03-01,freemium organic,,,,,,,,,47,12,886.46
2025-03-01,influencer,macro brand partner (+1m),chase stetson/that lawn dude,,,,,,,35.48643411,9.416666667,866.3966667
2025-09-01,influencer,brand partner/ambassador (+10k),jacob moreno / super clean bins,,,,,,,5.333333333,2,78.495
2025-09-01,influencer,brand partner/ambassador (+10k),dan holliday,,,,,,,1,0,0
2025-09-01,influencer,ambassador,detail girlz/jackie andrade,,,,,,,4.833333333,0,0
2025-09-01,influencer,ambassador,jessie demler/slim brick,,,,,,,0.25,0,0
2025-09-01,influencer,brand partner/ambassador (+10k),howard clarke / detailers bible,,,,,,,0.5,0,0
2025-09-01,dynamic search ads,google,,,,,,,,0,0.5,124.5
2025-11-01,freemium paid,google,paid,,,,,,,2710.246098,31.29108332,3464.432336
2025-03-01,youtube,trueview,prospecting,,,,,,,198.6742569,13.66454175,2696.275536
2025-03-01,youtube,organic,,,,,,,,355.8553244,44.72036847,3855.451138
2025-11-01,influencer,brand partner/ambassador (+10k),jacqueline and tanner hurst/jt junk solutions,,,,,,,44.26666667,4.843434343,255.0455051
2025-03-01,influencer,alumni partner,chanique stewart/chanique cleaning services/cleaning boss accelerator,,,,,,,2.833333333,0.5,84.5
2025-11-01,influencer,brand partner/ambassador (+10k),the lawnmower boys/lmb landscaping/lmb_landscaping,,,,,,,6.583333333,0,0
2025-11-01,events,virtual,jobber now,,,,,,,14.04063649,14.87105183,3449.203369
2025-11-01,sem - competitors,bing,,,,,,,,25.44281609,2.992816092,521.3692529
2025-03-01,influencer,alumni partner,michael bedell/debt free landscaper,,,,,,,0.5,0,0
2025-03-01,app marketing - organic,organic,,,,,,,,22.67755592,9.514184273,1528.512347
2025-03-01,influencer,"influencer (+10k, not sp)",mike swezey/the handyman business,,,,,,,6.2,2,193.99
2025-03-01,events,virtual,jobber blueprint,,,,,,,7.397902877,5.568942855,958.0418666
2025-11-01,app marketing - paid,smadex,,,,,,,,6,0,0
2025-11-01,influencer,brand partner/ambassador (+10k),brad behr/copper creek cuts/bctp/baker county trash pickup,,,,,,,1.9,0.5,114
2025-03-01,influencer,brand partner/ambassador (+10k),marvin joles/blacktop banter,,,,,,,1.5,0.5,99.5
2025-03-01,partner program,channel (referrals),,,,,,,,12.16666667,12.33333333,2405.333333
2025-11-01,influencer,brand partner/ambassador (+10k),tyler hinton/xpress mobile window tint/xpresstint,,,,,,,2.035714286,0.035714286,8.857142857
2025-03-01,influencer,alumni partner,alyssa's cleaning company/alyssa,,,,,,,1.023255814,0,0
2025-11-01,influencer,ambassador,parker jay smith,,,,,,,2,0.5,19.5
2025-11-01,influencer,ambassador,jaren powell/near me mobile detailing,,,,,,,2.833333333,0,0
2025-03-01,influencer,brand partner/ambassador (+10k),jessica bannister,,,,,,,0.023255814,0,0
2025-03-01,influencer,brand partner/ambassador (+10k),kurt the arborist,,,,,,,1.333333333,0.333333333,66.33333333
2025-03-01,influencer,brand partner/ambassador (+10k),cornell mack/mack landscaping & lawn care,,,,,,,2.5,0.5,137
2025-03-01,influencer,alumni partner,jason cleans/jason shipway,,,,,,,2.333333333,0,0
2025-03-01,influencer,brand partner/ambassador (+10k),ivan carvalho/glaucio carvalho/mr. bubbles,,,,,,,3.333333333,0.5,19.5
2025-11-01,partner program,channel (resellers),,,,,,,,3.166666667,0.5,74.5
2025-03-01,influencer,brand partner/ambassador (+10k),austin gray - ownr ops / ownr ops skool community / bear claw land services,,,,,,,2.533333333,0.333333333,39.66666667
2025-11-01,influencer,brand partner/ambassador (+10k),nick sanborn / sanborn construction,,,,,,,2,0,0
2025-11-01,experimental,podcast ads,,,,,,,,1.933908046,0.916666667,132.0833333
2025-11-01,events,tradeshows,ahr,,,,,,,0.5,0,0
2025-11-01,influencer,business brand partner,charles craggett / new wave digital marketing / new wave authority / become the authority,,,,,,,0.5,0,0
2025-11-01,influencer,ambassador,annie jones / annie cleans / annie cleans by lamplight,,,,,,,1.333333333,0,0
2025-03-01,organic search,ai search,perplexity,,,,,,,1.142857143,0,0
2025-11-01,influencer,brand partner/ambassador (+10k),josiah georgeson / strider trees,,,,,,,0.5,0,0
2025-03-01,affiliate program,,,,,,,,,1,0,0
2025-11-01,influencer,brand partner/ambassador (+10k),tristan kalina / kalina's pressure washing / youngpressurewasher,,,,,,,0,0.333333333,66.33333333
2025-11-01,events,tradeshows,,,,,,,,0,0.5,214
2025-11-01,influencer,brand partner/ambassador (+10k),garrett davis/underwood & davis/gw custom decks,,,,,,,0,0.2,29.8
2025-04-01,freemium paid,google,paid,,,,,,,3321.817802,70.91082251,5179.005413
2025-06-01,social media,facebook,remarketing,,,,,,,65.83333333,5.658333333,834.7483333
2025-06-01,events,virtual,jobber now,,,,,,,17,9,1008.97
2025-06-01,programmatic,,,,,,,,,96.11785714,3.53452381,435.2195238
2025-06-01,influencer,brand partner/ambassador (+10k),jacqueline and tanner hurst/jt junk solutions,,,,,,,46.66666667,2.333333333,302.1666667
2025-04-01,influencer,macro brand partner (+1m),chase stetson/that lawn dude,,,,,,,82.47102618,12.39166667,1193.661667
2025-04-01,influencer,brand partner/ambassador (+10k),randy dulin / dulin cut & trim,,,,,,,0.833333333,0,0
2025-06-01,influencer,macro brand partner (+1m),jeff thorman/home renovision diy/home renovision,,,,,,,16.5277701,3.771276596,718.6897163
2025-04-01,social media,twitter,,,,,,,,6,0,0
2025-06-01,influencer,brand partner/ambassador (+10k),jerome moors/shark pressure washing,,,,,,,1.5,0,0
2025-04-01,influencer,brand partner/ambassador (+10k),dan holliday,,,,,,,12.25,1.333333333,47
2025-06-01,direct/unknown,general,,,,,,,,2.5,0,0
2025-04-01,influencer,brand partner/ambassador (+10k),jeff guldalian/ the 360 electrician,,,,,,,7.966917293,0.552631579,61.55263158
2025-06-01,influencer,business brand partner,logan sendle/blue collar business accelerator/bcba,,,,,,,3.75,4.25,803.25
2025-06-01,influencer,brand partner/ambassador (+10k),raylyn dunlap/dunlap cleaning services/the real hustle network,,,,,,,1.7,0,0
2025-04-01,organic search,reddit,,,,,,,,2.534482759,0.867816092,45.5
2025-06-01,social media,instagram,paid,,,,,,,28,1,39.99
2025-06-01,social media,linkedin,,,,,,,,11,0,0
2025-06-01,influencer,general,brown brothers lawn care,,,,,,,0.049019608,0.049019608,1.911764706
2025-06-01,influencer,ambassador,courtney copeland/san diego scoop squad,,,,,,,1,0,0
2025-06-01,influencer,nano brand partner/ambassador (<10k),finn varette / varchuk/ howtohomeservice,,,,,,,2.576923077,0.076923077,3
2025-06-01,influencer,ambassador,codie sanchez/contrarian thinking,,,,,,,2.279411765,0.362745098,44.6372549
2025-04-01,influencer,general,brian's lawn maintenance,,,,,,,1.5,0,0
2025-06-01,sem - generic,google,paid,,,,,,,2,0,0
2025-04-01,influencer,brand partner/ambassador (+10k),mitchell's lawn care llc/mitchell t gordy,,,,,,,0.5,0.5,19.5
2025-06-01,partner program,integrations,nicejob,,,,,,,1,0,0
2025-06-01,partner program,integrations,fundbox,,,,,,,0.25,0,0
2025-04-01,influencer,alumni partner,charlotte bosanquet/care cleaning services sydney/charlotte,,,,,,,1.5,0,0
2025-06-01,influencer,brand partner/ambassador (+10k),corey powell/powell's lawn care,,,,,,,0.5,0,0
2025-06-01,partner program,channel (referrals),savvy jobz,,,,,,,0.043478261,0.033119658,8.748931624
2025-04-01,partner program,channel (all others),american house cleaners association,,,,,,,0.25,0,0
2025-03-01,influencer,brand partner/ambassador (+10k),keith kalfas,,,,,,,79.51419726,28.51355126,3560.091821
2025-11-01,programmatic,the trade desk,prospecting - tv,,,,,,,237.444094,28.58513602,4724.525711
2025-03-01,performance max,,,,,,,,,1.921739133,4.653465635,601.8774808
2025-11-01,app marketing - paid,,,,,,,,,12,0,0
2025-11-01,social media,instagram,organic,,,,,,,64.14964183,6.897873756,1174.048863
2025-11-01,partner program,integrations,intuit,,,,,,,4.002543087,1.284289119,350.0275327
2025-11-01,affiliate program,partnerstack,,,,,,,,61.26364291,14.21760831,2307.841964
2025-11-01,influencer,ambassador,jumper guy/raul hernandez,,,,,,,6.5,1,198
2025-03-01,programmatic,,,,,,,,,120.5909091,7.625,800.4483333
2025-03-01,programmatic,the trade desk,prospecting - audio,,,,,,,47.88098846,5.616835017,710.2602694
2025-03-01,partner program,channel (resellers),verizon,,,,,,,2,2,141
2025-11-01,influencer,brand partner/ambassador (+10k),ray duke/bulletproof handyman,,,,,,,22.36929825,11.34906015,1093.546935
2025-11-01,app marketing - experimental,jampp,,,,,,,,3,0.037037037,4.407407407
2025-11-01,influencer,brand partner/ambassador (+10k),sadi ingallina/ash tree enterprises,,,,,,,0.5,0,0
2025-03-01,influencer,brand partner/ambassador (+10k),dan holliday,,,,,,,6.5,0,0
2025-11-01,influencer,macro brand partner (+1m),dustin stelzer / electrician u,,,,,,,10.75,0.75,109.25
2025-03-01,events,virtual,jobber now,,,,,,,9.833333333,5.5,424.975
2025-11-01,influencer,brand partner/ambassador (+10k),louis mouchet,,,,,,,6.583333333,1.333333333,170.3333333
2025-03-01,events,tradeshows,ahr,,,,,,,2.5,0,0
2025-11-01,influencer,brand partner/ambassador (+10k),kevin watson/off the path with kevin/off the path,,,,,,,0.5,0,0
2025-03-01,influencer,brand partner/ambassador (+10k),pablo serrano/black sheep/the black sheep lawn,,,,,,,2.833333333,0.833333333,163.6666667
2025-03-01,influencer,general,brian's lawn maintenance,,,,,,,1.166666667,1.166666667,105.1666667
2025-11-01,influencer,brand partner/ambassador (+10k),kipp bender / rocksteady tile company,,,,,,,1.333333333,0,0
2025-11-01,partner program,channel (franchises),the patch boys,,,,,,,1,1,149
2025-11-01,influencer,brand partner/ambassador (+10k),randy roblero/detailing beyond limits/beyond limits of palm beach,,,,,,,1,0,0
2025-03-01,experimental,tiktok,organic,,,,,,,0.5,0,0
2025-03-01,partner program,channel (franchises),fibrenew,,,,,,,0,1,59
2025-11-01,directories,capterra,,,,,,,,0,0.5,84.5
2025-03-01,events,tradeshows,,,,,,,,0,0.5,299.5
2025-11-01,influencer,ambassador,,,,,,,,0,0.5,64.5
2025-04-01,organic search,,,,,,,,,6990.752287,1320.800307,211912.071
2025-06-01,sem - generic,google,,,,,,,,2033.269791,148.2084425,18396.32475
2025-04-01,sem - branded,google,,,,,,,,2346.051209,655.7418254,89648.63761
2025-06-01,app marketing - organic,organic,android,,,,,,,1549.5,25,2341.9
2025-06-01,advertising,radio,general,,,,,,,20,2,78.99
2025-04-01,programmatic,the trade desk,lal - tv,,,,,,,22.65384241,2.844318597,353.8492632
2025-06-01,influencer,brand partner/ambassador (+10k),keven bermeo / pressure washing plays,,,,,,,31.53333333,4.7,935.3
2025-04-01,affiliate program,partnerstack,,,,,,,,96.16301592,21.05128433,2627.378475
2025-06-01,affiliate program,commission junction,,,,,,,,74.50765638,16.54118812,1217.807566
2025-04-01,social media,,,,,,,,,120,15,1039.06
2025-04-01,influencer,brand partner/ambassador (+10k),oscar gil/detail groove,,,,,,,33.61552795,5,370.99
2025-06-01,outbound,,,,,,,,,5.2,0.666666667,116
2025-06-01,partner program,integrations,companycam,,,,,,,3.288125687,1.204431604,211.2948808
2025-04-01,influencer,brand partner/ambassador (+10k),skyler lane / realskylane / junk success,,,,,,,6.226190476,1.642857143,181.49
2025-04-01,influencer,brand partner/ambassador (+10k),tom maggs/maggs lawn/maggs lawn and landscape,,,,,,,14.5,1.5,98.995
2025-04-01,experimental,podcast ads,,,,,,,,11.15833333,1.283333333,90.35
2025-06-01,influencer,brand partner/ambassador (+10k),eric gonzalez / castillos landscaping,,,,,,,1.833333333,0.333333333,13
2025-04-01,organic search,support documentation,,,,,,,,2,0,0
2025-06-01,influencer,brand partner/ambassador (+10k),chase gallagher/cmg landscape/service pro elite,,,,,,,2.6,1.1,43.89
2025-06-01,partner program,channel (referrals),bookeepers/consultants/agencies,,,,,,,4.5,0,0
2025-06-01,events,virtual,jobber grants,,,,,,,7.325,0,0
2025-04-01,directories,capterra,,,,,,,,2.666666667,0.333333333,43
2025-04-01,influencer,brand partner/ambassador (+10k),austin mccallister / noschooljusttools / boyd landscaping,,,,,,,1.333333333,0,0
2025-06-01,influencer,brand partner/ambassador (+10k),chad cooke/cooke pressure washing/cooke,,,,,,,1.666666667,0,0
2025-06-01,events,tradeshows,service software summit,,,,,,,0.5,0,0
2025-06-01,influencer,brand partner/ambassador (+10k),andrew eylander / eylander tile / etile / crowne tools,,,,,,,1,0.5,99.5
2025-04-01,influencer,brand partner/ambassador (+10k),tommy hunter/hunter window wash,,,,,,,3.5,2,79.98
2025-04-01,influencer,brand partner/ambassador (+10k),brent strickland / titan garage floors,,,,,,,1,0,0
2025-06-01,directories,mvf,paid,,,,,,,1,0,0
2025-06-01,influencer,nano brand partner/ambassador (<10k),matthew hernandez/hvacmagicmatt,,,,,,,0.5,0.5,84.5
2025-04-01,influencer,ambassador,darion cook/ d's lawn and landscaping,,,,,,,0.5,0.2,69.8
2025-04-01,app marketing - organic,,,,,,,,,1,0,0
2025-04-01,influencer,ambassador,,,,,,,,1.066666667,0,0
2025-04-01,influencer,nano brand partner/ambassador (<10k),fatima avila/jameson electric,,,,,,,0.0625,0.0625,1.8125
2025-06-01,influencer,"influencer (+10k, not sp)",jon irwin / revive home tips,,,,,,,1,0,0
2025-04-01,influencer,brand partner/ambassador (+10k),aron jones/big dog construction,,,,,,,0,0.5,44.5
2025-05-01,sem - generic,bing,,,,,,,,938.4973777,62.560514,7564.424924
2025-05-01,programmatic,mntn,prospecting,,,,,,,1160.704365,151.419538,19975.48471
2025-05-01,programmatic,the trade desk,prospecting - tv,,,,,,,603.9502613,27.70051564,4330.634046
2025-05-01,app marketing - paid,moloco,,,,,,,,7,0,0
2025-05-01,events,virtual,jobber summit,,,,,,,34.6557881,10.92077857,2498.217993
2025-05-01,influencer,brand partner/ambassador (+10k),john seaman/jc property professionals/jcp properties/jcp,,,,,,,50.55952381,4.154761905,424.4457143
2025-05-01,partner program,integrations,stripe,,,,,,,12.35337982,7.450826857,2041.662025
2025-05-01,partner program,integrations,companycam,,,,,,,2.730133865,0.767789773,194.0691313
2025-05-01,events,paid social events,,,,,,,,13.05668221,0,0
2025-05-01,influencer,brand partner/ambassador (+10k),melissa gomez/essential pest solutions,,,,,,,1,0,0
2025-05-01,partner program,integrations,intuit,,,,,,,15.76724138,1.267241379,217.3525862
2025-05-01,influencer,"influencer (+10k, not sp)",mike swezey/the handyman business,,,,,,,4.233333333,0.066666667,16.6
2025-05-01,influencer,brand partner/ambassador (+10k),harry harvey / garage style,,,,,,,1,0,0
2025-05-01,influencer,alumni partner,charlotte bosanquet/care cleaning services sydney/charlotte,,,,,,,0.5,0,0
2025-04-01,influencer,ambassador,twin brothers construction/ben + andrew schoonover,,,,,,,0,0.013157895,0.513157895
2025-05-01,sem - branded,google,,,,,,,,2119.602156,625.4736552,89420.66079
2025-05-01,social media,facebook,always-on,,,,,,,385.8493397,28.47346491,3351.833741
2025-05-01,influencer,brand partner/ambassador (+10k),keven bermeo / pressure washing plays,,,,,,,9.733333333,8.033333333,1598.633333
2025-05-01,social media,facebook,remarketing,,,,,,,78.07111582,3.350282486,729.529548
2025-05-01,directories,capterra,,,,,,,,2,0.5,174.5
2025-05-01,influencer,brand partner/ambassador (+10k),roy thomas/pro era plumbing,,,,,,,7.416666667,1,39
2025-05-01,influencer,brand partner/ambassador (+10k),chase gallagher/cmg landscape/service pro elite,,,,,,,5.25,1.666666667,238.3333333
2025-05-01,influencer,brand partner/ambassador (+10k),eric gonzalez / castillos landscaping,,,,,,,3,0.5,104
2025-05-01,sem - generic,bing,paid,,,,,,,1,0,0
2025-05-01,partner program,channel (referrals),managed service providers (msp),,,,,,,4,4,540
2025-05-01,influencer,business brand partner,morgan graffis/verv cleaning/the cleaning co. coach/cleaning coach,,,,,,,0.5,0,0
2025-05-01,influencer,brand partner/ambassador (+10k),tom purcell/purcell's pro detail,,,,,,,3,0,0
2025-05-01,influencer,brand partner/ambassador (+10k),matthew hawk/matthew's mowing & lawn maintenance,,,,,,,1,0,0
2025-05-01,influencer,alumni partner,scott mckenna/oddly satisfying pressure washing,,,,,,,0.5,0.5,19.5
2025-05-01,influencer,ambassador,nicolas sevrette/montreal sparky,,,,,,,0,0.5,84.5
2025-08-01,organic search,,,,,,,,,5821.663165,1151.274273,192733.2502
2025-08-01,social media,facebook,always-on,,,,,,,267.7366427,12.49761905,2213.047024
2025-08-01,app marketing - experimental,jampp,,,,,,,,4,2,79.98
2025-08-01,referrals,customer referral program,,,,,,,,240.7839106,114.9287386,16478.54628
2025-08-01,influencer,brand partner/ambassador (+10k),louis mouchet,,,,,,,6.305752049,2.844444444,318.0444444
2025-08-01,affiliate program,partnerstack,,,,,,,,109.2241824,8.912568511,1500.906932
2025-08-01,influencer,brand partner/ambassador (+10k),ray duke/bulletproof handyman,,,,,,,14.41219734,11.16071429,1029.767857
2025-08-01,influencer,brand partner/ambassador (+10k),kipp bender / rocksteady tile company,,,,,,,0.5,0,0
2025-08-01,influencer,alumni partner,chanique stewart/chanique cleaning services/cleaning boss accelerator,,,,,,,2.5,0,0
2025-08-01,influencer,brand partner/ambassador (+10k),sadi ingallina/ash tree enterprises,,,,,,,1.333333333,0,0
2025-08-01,app marketing - paid,,,,,,,,,9,0,0
2025-08-01,influencer,brand partner/ambassador (+10k),adam chapman/pad pal,,,,,,,1,0,0
2025-08-01,youtube,trueview,remarketing,,,,,,,0.2,1.2,375.8
2025-08-01,partner program,integrations,thumbtack,,,,,,,1.5,0,0
2025-08-01,events,tradeshows,unspecified,,,,,,,0.5,0,0
2025-08-01,influencer,brand partner/ambassador (+10k),terae boutard/fix & finish construction,,,,,,,0.2,0.2,5.8
2025-02-01,sem - branded,bing,,,,,,,,529.7915563,217.2568444,30536.3471
2025-02-01,app marketing - paid,moloco,,,,,,,,5.25,1,39.99
2025-02-01,influencer,brand partner/ambassador (+10k),jon dawson / texas luxury cleaning,,,,,,,24.46944444,4.736111111,1106.319444
2025-02-01,partner program,integrations,stripe,,,,,,,4.893126389,2.687159023,501.3573824
2025-02-01,partner program,channel (all others),,,,,,,,12.55952381,3.583333333,572.575
2025-02-01,influencer,brand partner/ambassador (+10k),jeff guldalian/ the 360 electrician,,,,,,,12.16666667,1.6,230.3916667
2025-02-01,influencer,brand partner/ambassador (+10k),adrian garcia,,,,,,,1.5,0,0
2025-02-01,influencer,general,million dollar plumber,,,,,,,0.25,0,0
2025-02-01,influencer,brand partner/ambassador (+10k),keith mcgillivary/mps/mcgillivary's plumbing,,,,,,,1,0,0
2025-02-01,programmatic,tubi,,,,,,,,0,1,169
2025-02-01,influencer,brand partner/ambassador (+10k),shaun krawec/the bearded sider/upper level home renovations,,,,,,,0,0.25,69.5
2025-02-01,directories,getapp,,,,,,,,0,0.5,19.995
2025-01-01,social media,,,,,,,,,81,3,198.98
2025-01-01,influencer,brand partner/ambassador (+10k),dan holliday,,,,,,,2.833333333,0.833333333,85.83333333
2025-01-01,partner program,channel (franchises),,,,,,,,23.64285714,21.14285714,5146.724603
2025-01-01,influencer,brand partner/ambassador (+10k),jeff guldalian/ the 360 electrician,,,,,,,7.35952381,5.45952381,821.2234762
2025-01-01,partner program,channel (all others),,,,,,,,8.60952381,1.742857143,279.2095238
2025-01-01,influencer,general,,,,,,,,13.66666667,1,122.3333333
2025-01-01,directories,other,paid,,,,,,,0.25,0.583333333,146.0833333
2025-01-01,influencer,brand partner/ambassador (+10k),mary-anne bowcott/the lady plumber/westcom plumbing,,,,,,,0.632575758,0.340909091,74.02272727
2025-01-01,influencer,brand partner/ambassador (+10k),ben millen/benjamin millen/bluladder/ben the window cleaner,,,,,,,1.142857143,0.142857143,85.57142857
2025-01-01,influencer,alumni partner,mike garvey/side hustle squad podcast,,,,,,,0.142857143,0.142857143,12.71428571
2025-01-01,influencer,ambassador,scott couch/get off the couch design,,,,,,,0.333333333,0,0
2025-01-01,influencer,brand partner/ambassador (+10k),dan janzen/dj tiling,,,,,,,0.2,0.2,33.6
2025-01-01,social media,twitter,,,,,,,,1,0,0
2025-01-01,app marketing - paid,smadex,ctv,,,,,,,0,1,39
2025-10-01,app marketing - paid,smadex,ios,,,,,,,1625.5769,80.67339843,5660.976848
2025-10-01,freemium paid,bing,paid,,,,,,,828.0277778,17.44444444,949.48
2025-10-01,partner program,channel (referrals),industry associations,,,,,,,0.583333333,0,0
2025-10-01,partner program,integrations,nicejob,,,,,,,1.777089534,1.773810845,221.7263557
2025-10-01,influencer,brand partner/ambassador (+10k),jamar parker/a1 quality mobile detailing/a1 quality detailing,,,,,,,0.833333333,0,0
2025-10-01,youtube,paid,,,,,,,,9,1,39
2025-10-01,directories,getapp,paid,,,,,,,0.25,2.25,213
2025-10-01,influencer,brand partner/ambassador (+10k),ryaan tuttle/best handyman boston/rjt,,,,,,,1.716555588,2.073698445,444.3931034
2025-10-01,outbound,,,,,,,,,0.600282486,0.516949153,302.8728814
2025-10-01,influencer,brand partner/ambassador (+10k),gabe jose cruz / drace detailing,,,,,,,1,0,0
2025-10-01,influencer,ambassador,jumper guy/raul hernandez,,,,,,,0.333333333,0,0
2025-10-01,influencer,brand partner/ambassador (+10k),harry burgos / cnb renovations,,,,,,,0.333333333,0,0
2025-10-01,influencer,brand partner/ambassador (+10k),tyler link/contractor ceo/concrete launch secrets,,,,,,,3,1,158.5
2025-10-01,partner program,channel (franchises),screenmobile,,,,,,,1,0,0
2025-10-01,influencer,ambassador,stan genadek/dirt monkey,,,,,,,0.5,0.333333333,13.33
2025-10-01,partner program,integrations,gusto,,,,,,,0,0.5,124.5
2025-07-01,app marketing - paid,smadex,ios,,,,,,,2401.56971,84.15179614,7263.98745
2025-07-01,social media,facebook,remarketing,,,,,,,40.59848485,5.229166667,584.41
2025-07-01,youtube,paid,,,,,,,,15,1,39.99
2025-07-01,advertising,radio,general,,,,,,,13,0,0
2025-07-01,influencer,brand partner/ambassador (+10k),tom purcell/purcell's pro detail,,,,,,,6.833333333,0.5,59
2025-07-01,influencer,brand partner/ambassador (+10k),corey powell/powell's lawn care,,,,,,,1.5,0,0
2025-07-01,influencer,brand partner/ambassador (+10k),chase gallagher/cmg landscape/service pro elite,,,,,,,6.7,2.616666667,525.8833333
2025-07-01,influencer,ambassador,michaels paving/michael stanley,,,,,,,3.833333333,0,0
2025-07-01,influencer,brand partner/ambassador (+10k),shaun krawec/the bearded sider/upper level home renovations,,,,,,,0.5,0.5,84.995
2025-07-01,advertising,online/general,,,,,,,,10,1,248
2025-07-01,partner program,integrations,,,,,,,,7.802025806,1.581818182,261.7
2025-07-01,influencer,brand partner/ambassador (+10k),jerome moors/shark pressure washing,,,,,,,2.333333333,0,0
2025-07-01,influencer,brand partner/ambassador (+10k),ryaan tuttle/best handyman boston/rjt,,,,,,,4.024390244,0.524390244,26.06817073
2025-07-01,influencer,business brand partner,morgan graffis/verv cleaning/the cleaning co. coach/cleaning coach,,,,,,,0.55952381,0.30952381,49.54761905
2025-07-01,partner program,channel (referrals),industry associations,,,,,,,0.583333333,0,0
2025-07-01,organic search,jobber academy,,,,,,,,1,0,0
2025-07-01,influencer,brand partner/ambassador (+10k),adrian garcia,,,,,,,0.75,0.25,69.5
2025-07-01,influencer,alumni partner,christine hodge/clearview washing,,,,,,,0.5,0.055555556,13.77777778
2025-07-01,influencer,brand partner/ambassador (+10k),bri and ricky / bricks mobile detailing,,,,,,,0.833333333,0,0
2025-07-01,social media,linkedin,,,,,,,,1,0,0
2025-07-01,partner program,channel (referrals),coaches/trainers,,,,,,,0.5,0.5,124
2025-07-01,influencer,nano brand partner/ambassador (<10k),giovanni imbrogno/novapave,,,,,,,0.5,0,0
2025-11-01,app marketing - organic,organic,android,,,,,,,1373,31,2646.37
2025-03-01,youtube,demand gen,prospecting,,,,,,,38.5,0.9,121.7
2025-11-01,programmatic,the trade desk,lal - tv,,,,,,,35.86213567,4.888825643,633.2989688
2025-03-01,sem - competitors,google,,,,,,,,262.75331,49.07273893,7269.693686
2025-11-01,youtube,organic,,,,,,,,241.1526675,24.14283975,2249.824612
2025-11-01,programmatic,the trade desk,lal - audio,,,,,,,28.49166667,1.509418846,194.589285
2025-03-01,partner program,integrations,stripe,,,,,,,11.86242445,4.615254424,886.017836
2025-11-01,affiliate program,commission junction,,,,,,,,52.61099058,20.32082229,1712.963212
2025-03-01,partner program,integrations,intuit,,,,,,,33,4,944.5
2025-11-01,influencer,brand partner/ambassador (+10k),kirk mckinney / jacob mckinney / junk teens llc / junk teens junk removal,,,,,,,12,0.5,59.5
2025-03-01,influencer,brand partner/ambassador (+10k),derrick mcclintock/the man training show,,,,,,,1.666666667,0,0
2025-11-01,influencer,brand partner/ambassador (+10k),amanda stevens / mandy's cleaning,,,,,,,3.666666667,0.5,19.995
2025-11-01,influencer,brand partner/ambassador (+10k),adam nasser / wolf of hvac,,,,,,,2,0,0
2025-11-01,influencer,brand partner/ambassador (+10k),guest plumbing/dan guest,,,,,,,0.5,0,0
2025-02-01,influencer,brand partner/ambassador (+10k),oscar gil/detail groove,,,,,,,17.19722222,1.725,452.775
2025-02-01,influencer,brand partner/ambassador (+10k),brad behr/copper creek cuts/bctp/baker county trash pickup,,,,,,,2,0,0
2025-02-01,influencer,ambassador,g&m outdoor services llc / garrett williams,,,,,,,2.035714286,0.535714286,154.2857143
2025-02-01,social media,linkedin,organic,,,,,,,3.644964459,2.52146783,869.6882342
2025-02-01,events,tradeshows,,,,,,,,0.5,1,158
2025-02-01,partner program,integrations,companycam,,,,,,,2,1,104
2025-02-01,experimental,podcast ads,,,,,,,,7.533333333,1.283333333,77.05
2025-02-01,influencer,ambassador,paul jamison,,,,,,,2.833333333,0,0
2025-02-01,partner program,channel (resellers),,,,,,,,3.016666667,0.766666667,139.2333333
2025-02-01,direct/unknown,organic,,,,,,,,1,0,0
2025-02-01,influencer,brand partner/ambassador (+10k),julius marchi/jm venture log/presh clean inc,,,,,,,0.5,0,0
2025-02-01,events,tradeshows,unspecified,,,,,,,1.764084507,1.264084507,216.7570423
2025-10-01,app marketing - organic,organic,ios,,,,,,,7913.521739,177.0217391,14997.66783
2025-10-01,app marketing - paid,apple search ads,,,,,,,,3362.634975,132.1564256,11174.16833
2025-10-01,freemium paid,bing,paid,,,,,,,51.5,3.5,137.985
2025-10-01,influencer,brand partner/ambassador (+10k),skyler lane / realskylane / junk success,,,,,,,6.916666667,1.666666667,153.3333333
2025-10-01,programmatic,the trade desk,lal - audio,,,,,,,22.62558664,1.518341709,302.7345896
2025-10-01,influencer,brand partner/ambassador (+10k),ben millen/benjamin millen/bluladder/ben the window cleaner,,,,,,,1.75,0.5,19.5
2025-10-01,sem - franchise,google,paid,,,,,,,11.31566076,9.878037888,1408.177052
2025-10-01,influencer,brand partner/ambassador (+10k),maigan dowell / do well cleaning,,,,,,,4,0.333333333,43
2025-10-01,sem - competitors,bing,,,,,,,,15.35057471,5.783908046,788.4474713
2025-10-01,partner program,channel (franchises),,,,,,,,14.5027933,15.0027933,3512.693184
2025-10-01,influencer,business brand partner,alex guzman / modern day contractor,,,,,,,0.060833333,0.065759442,27.57022578
2025-10-01,influencer,brand partner/ambassador (+10k),ivan carvalho/glaucio carvalho/mr. bubbles,,,,,,,0.5,0,0
2025-10-01,influencer,brand partner/ambassador (+10k),nick sanborn / sanborn construction,,,,,,,0.333333333,0,0
2025-10-01,influencer,brand partner/ambassador (+10k),isaiah castillo / sparky izzy,,,,,,,0.5,0.5,19.5
2025-10-01,influencer,brand partner/ambassador (+10k),dan bowie/daniel bowie/ignite heating,,,,,,,1,0,0
2025-10-01,influencer,brand partner/ambassador (+10k),jermaine hester jr / mellodirt / the gravel driveway company,,,,,,,0.5,0,0
2025-10-01,partner program,channel (franchises),next day access,,,,,,,1,1,170
2025-07-01,app marketing - paid,tiktok,,,,,,,,6817.259121,102.8671047,6514.778401
2025-07-01,freemium paid,google,paid,,,,,,,290.5,31,2648.93
2025-07-01,referrals,customer referral program,,,,,,,,261.9699748,146.2961303,26986.50043
2025-07-01,events,virtual,jobber blueprint,,,,,,,3.149621917,3.565397554,480.7859939
2025-07-01,influencer,brand partner/ambassador (+10k),anthony salazar / poop scoops for noobs,,,,,,,3.2,0.916666667,115.75
2025-07-01,influencer,brand partner/ambassador (+10k),jeremy talboy / georgian landscape design - north georgia landscape management,,,,,,,2.5,0.5,59
2025-07-01,influencer,brand partner/ambassador (+10k),brad behr/copper creek cuts/bctp/baker county trash pickup,,,,,,,2,0.5,84.5
2025-07-01,influencer,brand partner/ambassador (+10k),aron jones/big dog construction,,,,,,,0.1,0.1,11.9
2025-07-01,influencer,brand partner/ambassador (+10k),adam chapman/pad pal,,,,,,,0.65,0.75,26.75
2025-07-01,partner program,channel (resellers),,,,,,,,1.166666667,0,0
2025-07-01,influencer,alumni partner,jason cleans/jason shipway,,,,,,,2.5,0,0
2025-07-01,influencer,alumni partner,chanique stewart/chanique cleaning services/cleaning boss accelerator,,,,,,,2.5,0,0
2025-07-01,influencer,ambassador,paul jamison,,,,,,,1,0,0
2025-07-01,influencer,brand partner/ambassador (+10k),alex ivey / hvac tips / ivey's air condition and refrigeration,,,,,,,1.5,0,0
2025-07-01,influencer,brand partner/ambassador (+10k),jacob palmer / palmer electrical,,,,,,,0.333333333,0,0
2025-07-01,influencer,brand partner/ambassador (+10k),kurt lambert / kurt’s pressure washing,,,,,,,0.333333333,0,0
2025-07-01,influencer,brand partner/ambassador (+10k),david rus / daves auto detail,,,,,,,0.5,0,0
2025-07-01,influencer,brand partner/ambassador (+10k),lee farrington / pinpoint carpentry,,,,,,,0.333333333,0,0
2025-07-01,influencer,brand partner/ambassador (+10k),danny rio / nostain detailing,,,,,,,0,0.333333333,66.33333333
2025-01-01,social media,facebook,always-on,,,,,,,504.0409091,13.09090909,2157.439394
2025-01-01,app marketing - experimental,jampp,,,,,,,,59.75,1.25,178.75
2025-01-01,referrals,customer referral program,,,,,,,,385.8779865,261.5880176,45950.74544
2025-01-01,youtube,trueview,remarketing,,,,,,,24.16666667,0.333333333,101.3333333
2025-01-01,influencer,brand partner/ambassador (+10k),roy thomas/pro era plumbing,,,,,,,17,0,0
2025-01-01,influencer,brand partner/ambassador (+10k),ray duke/bulletproof handyman,,,,,,,47.50300207,23.99169255,2401.678637
2025-01-01,events,tradeshows,unspecified,,,,,,,4.166666667,0.333333333,66.33333333
2025-01-01,app marketing - paid,,,,,,,,,21,0,0
2025-01-01,directories,software advice,,,,,,,,4.067816092,0.734482759,131.360069
2025-01-01,partner program,integrations,companycam,,,,,,,3.116666667,0.283333333,54.35
2025-01-01,influencer,brand partner/ambassador (+10k),cameron vogelsang/tennessee electrician,,,,,,,1.583333333,0.25,9.75
2025-01-01,influencer,ambassador,paul jamison,,,,,,,0.788461538,1.788461538,209.8653846
2025-01-01,programmatic,the trade desk,prospecting - display,,,,,,,0.833333333,0,0
2025-01-01,advertising,,,,,,,,,1,0,0
2025-01-01,influencer,ambassador,g&m outdoor services llc / garrett williams,,,,,,,0.5,0,0
2025-11-01,partner program,integrations,stripe,,,,,,,24.92817355,24.0784264,6782.086905
2025-11-01,social media,facebook,always-on,,,,,,,225.5606057,25.02498072,3718.773675
2025-11-01,app marketing - paid,moloco,,,,,,,,3.5,0.5,19.995
2025-03-01,influencer,brand partner/ambassador (+10k),chase gallagher/cmg landscape/service pro elite,,,,,,,10.53571429,6.369047619,958.9121429
2025-11-01,influencer,brand partner/ambassador (+10k),glen c/glen cuevas/glen c landscaping,,,,,,,33.6827957,1.349462366,375.1505376
2025-11-01,influencer,brand partner/ambassador (+10k),jersey cronin/jersey/window cleaning resource/wcr/wcr nation,,,,,,,1.511764706,0.511764706,300.9
2025-11-01,influencer,macro brand partner (+1m),jeff thorman/home renovision diy/home renovision,,,,,,,14.91666667,0.333333333,22.66666667
2025-03-01,influencer,business brand partner,logan sendle/blue collar business accelerator/bcba,,,,,,,10.61739927,5.992399267,783.0656777
2025-03-01,advertising,radio,general,,,,,,,18,1,39
2025-03-01,influencer,brand partner/ambassador (+10k),oscar gil/detail groove,,,,,,,19.96317829,1.583333333,253.9166667
2025-11-01,partner program,channel (all others),,,,,,,,4.556527683,1.21367054,146.5580314
2025-11-01,influencer,brand partner/ambassador (+10k),ryan dandrea / roll with it,,,,,,,0.5,0,0
2025-05-01,influencer,brand partner/ambassador (+10k),kevin watson/off the path with kevin/off the path,,,,,,,1,0,0
2025-05-01,word of mouth,organic wom referrals,,,,,,,,1,0,0
2025-05-01,influencer,brand partner/ambassador (+10k),brent nelson / dust to glory pressure washing,,,,,,,0.058823529,0.058823529,11.64705882
2025-05-01,direct/unknown,paid,,,,,,,,1,0,0
2025-05-01,influencer,business brand partner,dave moerman/revive washing/home service business coach,,,,,,,0.012345679,0.845679012,194.0061728
2025-08-01,programmatic,mntn,,,,,,,,619.2868203,139.882648,21094.90561
2025-08-01,youtube,demand gen,prospecting,,,,,,,319.0842372,21.56258462,2462.26977
2025-08-01,app marketing - paid,smadex,ios,,,,,,,2050.784311,100.5071673,7936.991806
2025-08-01,direct/unknown,,,,,,,,,846,19,3408.99
2025-08-01,influencer,brand partner/ambassador (+10k),hunter patrick/dumpire junk removal,,,,,,,4,1,119
2025-08-01,partner program,channel (franchises),,,,,,,,7,9.083333333,1698.583333
2025-08-01,influencer,brand partner/ambassador (+10k),erica krupin/kroopin poopin scoopin,,,,,,,3.431617667,0.866666667,49.8
2025-08-01,influencer,brand partner/ambassador (+10k),jacob moreno / super clean bins,,,,,,,11.2,0.833333333,72.83
2025-08-01,influencer,brand partner/ambassador (+10k),roberto de leon/pinewood landscape,,,,,,,1.333333333,0,0
2025-08-01,partner program,integrations,zapier,,,,,,,3.766373702,1.305323907,278.7605645
2025-08-01,influencer,alumni partner,branden sewell/seal pro painting,,,,,,,0.009259259,0.009259259,1.842592593
2025-08-01,outbound,,,,,,,,,0.590909091,0.090909091,22.63636364
2025-08-01,influencer,brand partner/ambassador (+10k),huda saleh / spotless auto care,,,,,,,5,0.348717949,14.83076923
2025-08-01,influencer,brand partner/ambassador (+10k),austin rathburn / rathburn contracting,,,,,,,0.5,0,0
2025-08-01,influencer,brand partner/ambassador (+10k),jon dawson / texas luxury cleaning,,,,,,,1.611111111,0.111111111,22.22111111
2025-08-01,youtube,paid,,,,,,,,8,0,0
2025-08-01,partner program,integrations,responsibid,,,,,,,0.004926108,0.5,19.5
2025-08-01,influencer,brand partner/ambassador (+10k),ian mitzelfeld/mitzelfeld construction,,,,,,,1.666666667,0,0
2025-08-01,influencer,brand partner/ambassador (+10k),santiago guerra / sos garage door services,,,,,,,0.5,0,0
2025-08-01,directories,g2,organic,,,,,,,0,1,39
2025-08-01,influencer,ambassador,steve-o/steven richardson,,,,,,,0,0.333333333,13
2025-08-01,partner program,channel (referrals),industry associations,,,,,,,0,0.25,29.75
2025-01-01,app marketing - organic,organic,ios,,,,,,,4146.5,85,4806.46
2025-01-01,app marketing - paid,apple search ads,,,,,,,,3021.025747,101.8924133,7188.564982
2025-01-01,directories,g2,paid,,,,,,,9.611111111,0,0
2025-01-01,freemium organic,,,,,,,,,76,10,479.99
2025-01-01,freemium paid,bing,paid,,,,,,,108,9,742.97
2025-01-01,partner program,channel (franchises),fibrenew,,,,,,,8,8,472
2025-01-01,programmatic,the trade desk,prospecting - audio,,,,,,,17,1,158.5
2025-01-01,partner program,channel (franchises),pink's window service,,,,,,,8.5,1.5,330
2025-01-01,advertising,radio,general,,,,,,,25,0,0
2025-01-01,influencer,nano brand partner/ambassador (<10k),or & mikaela segev / patch dudes,,,,,,,0.038461538,0.038461538,4.807692308
2025-01-01,partner program,channel (resellers),verizon,,,,,,,3,3,248
2025-01-01,influencer,brand partner/ambassador (+10k),zech osburn/z's exterior services/biz boosters,,,,,,,1.833333333,0.333333333,13
2025-01-01,influencer,ambassador,alex kirby/trifecta lawn care,,,,,,,0.5,0,0
2025-01-01,influencer,business brand partner,logan sendle/blue collar business accelerator/bcba,,,,,,,0.5,0,0
2025-01-01,app marketing - experimental,meta apps,ios,,,,,,,1,0,0
2025-02-01,freemium paid,google,paid,,,,,,,3731.344865,49.00631819,5120.988727
2025-02-01,sem - competitors,bing,,,,,,,,27.15714286,2.89047619,685.7761905
2025-02-01,youtube,trueview,prospecting,,,,,,,193.9496141,7.962678861,1087.364986
2025-02-01,sem - franchise,google,paid,,,,,,,14.58664249,9.800550687,1215.227233
2025-02-01,programmatic,,,,,,,,,112.8659091,9.924242424,1366.868788
2025-02-01,influencer,brand partner/ambassador (+10k),ben millen/benjamin millen/bluladder/ben the window cleaner,,,,,,,3,0.5,59.5
2025-02-01,partner program,channel (referrals),,,,,,,,10.125,8.75,1236.323333
2025-02-01,influencer,business brand partner,casper opala / casper captial,,,,,,,2,0,0
2025-02-01,influencer,brand partner/ambassador (+10k),mary-anne bowcott/the lady plumber/westcom plumbing,,,,,,,0.527777778,0,0
2025-02-01,influencer,general,lawn care business success/julio tome,,,,,,,1,1,29
2025-02-01,app marketing - experimental,meta apps,ios,,,,,,,1,0,0
2025-09-01,influencer,macro brand partner (+1m),chase stetson/that lawn dude,,,,,,,52.45313189,10.88804576,1058.854915
2025-09-01,sem - franchise,google,paid,,,,,,,13.3220384,10.66679131,1945.281354
2025-09-01,programmatic,the trade desk,prospecting - audio,,,,,,,121.9842851,10.45342706,1462.668369
2025-09-01,influencer,general,brian's lawn maintenance,,,,,,,3,0,0
2025-09-01,performance max,,,,,,,,,0.163044321,0.699169538,166.2621507
2025-09-01,partner program,channel (franchises),fibrenew,,,,,,,9,9,531
2025-09-01,app marketing - organic,,,,,,,,,2,0,0
2025-09-01,partner program,integrations,mailchimp,,,,,,,0.5,0,0
2025-09-01,directories,g2,paid,,,,,,,4,1,119
2025-09-01,app marketing - experimental,meta apps,ios,,,,,,,1,0,0
2025-09-01,influencer,ambassador,david d'eramo / tiller trade co,,,,,,,0.5,0,0
2025-09-01,organic search,support documentation,,,,,,,,2,0,0
2025-09-01,influencer,brand partner/ambassador (+10k),jeff guldalian/ the 360 electrician,,,,,,,3.033333333,2.133333333,291.69
2025-09-01,influencer,brand partner/ambassador (+10k),pablo serrano/black sheep/the black sheep lawn,,,,,,,1.5,0,0
2025-09-01,organic search,reddit,,,,,,,,0,0.611111111,97.72222222
2025-04-01,app marketing - organic,organic,ios,,,,,,,5617.375,208.375,13018.685
2025-04-01,app marketing - paid,apple search ads,,,,,,,,4088.551772,185.6438967,12936.40305
2025-04-01,sem - franchise,google,paid,,,,,,,24.31630823,15.58032318,2685.065858
2025-06-01,experimental,tiktok,organic,,,,,,,8.5,0,0
2025-06-01,performance max,,,,,,,,,2.128576694,6.486748581,1647.764874
2025-06-01,sem - branded,bing,,,,,,,,684.8286801,294.9469534,31433.89987
2025-06-01,freemium organic,,,,,,,,,140.5,12.5,673.49
2025-06-01,programmatic,the trade desk,prospecting - audio,,,,,,,205.9916755,16.34874106,1995.525358
2025-04-01,performance max,,,,,,,,,1.875212373,2.76423799,351.959573
2025-04-01,influencer,brand partner/ambassador (+10k),keith kalfas,,,,,,,57.11250265,23.62147436,1879.583205
2025-04-01,freemium paid,bing,paid,,,,,,,29.5,6,334
2025-06-01,influencer,brand partner/ambassador (+10k),zech osburn/z's exterior services/biz boosters,,,,,,,41.58333333,1.083333333,232.3333333
2025-04-01,partner program,channel (franchises),,,,,,,,14.45964912,7.126315789,1406.457237
2025-06-01,influencer,brand partner/ambassador (+10k),joshua chapman/gutter ghosts,,,,,,,1,0,0
2025-06-01,influencer,general,brian's lawn maintenance,,,,,,,0.833333333,0,0
2025-06-01,influencer,ambassador,david d'eramo / tiller trade co,,,,,,,0.5,0,0
2025-06-01,events,tradeshows,ahr,,,,,,,1.5,0,0
2025-06-01,influencer,alumni partner,christine hodge/clearview washing,,,,,,,0.833333333,0,0
2025-04-01,influencer,brand partner/ambassador (+10k),ben millen/benjamin millen/bluladder/ben the window cleaner,,,,,,,0.5,1.666666667,158.3333333
2025-04-01,partner program,channel (all others),bin blasters,,,,,,,1,0,0
2025-04-01,influencer,brand partner/ambassador (+10k),ricardo diaz/legacy junk removal,,,,,,,0.333333333,0.032258065,6.032258065
2025-04-01,app marketing - experimental,meta apps,ios,,,,,,,1,0,0
2025-04-01,partner program,channel (resellers),verizon,,,,,,,1,2,219
2025-04-01,partner program,integrations,mailchimp,,,,,,,0.5,0,0
2025-10-01,youtube,demand gen,prospecting,,,,,,,332.9452744,14.4588467,1915.27375
2025-10-01,influencer,macro brand partner (+1m),chase stetson/that lawn dude,,,,,,,29.13726037,2.709131702,576.3671083
2025-10-01,partner program,integrations,zapier,,,,,,,5.768085611,2.044988284,251.0725034
2025-10-01,influencer,brand partner/ambassador (+10k),blue collar licensing/luis gonzalez,,,,,,,25.58333333,0.5,59.5
2025-10-01,influencer,brand partner/ambassador (+10k),shane goswick / lawn and light / lawn & light,,,,,,,8.923414305,2.423414305,380.2594467
2025-10-01,influencer,brand partner/ambassador (+10k),hunter patrick/dumpire junk removal,,,,,,,12.66666667,3.5,416.6666667
2025-10-01,influencer,brand partner/ambassador (+10k),jason geiman / christmas lights / christmaslights.io,,,,,,,3.5,0,0
2025-10-01,influencer,brand partner/ambassador (+10k),jeff guldalian/ the 360 electrician,,,,,,,9.666666667,1,79
2025-10-01,influencer,"influencer (+10k, not sp)",sam irwin / go build stuff,,,,,,,1.45,0,0
2025-10-01,influencer,brand partner/ambassador (+10k),matthew patella/the time is now,,,,,,,0.5,0,0
2025-10-01,influencer,alumni partner,mike garvey/side hustle squad podcast,,,,,,,0.004901961,0.004901961,2.098039216
2025-10-01,influencer,ambassador,dylan thornsberry / seattle pro wash,,,,,,,0.333333333,0,0
2025-10-01,influencer,brand partner/ambassador (+10k),kevin martinez / ksparky / k electric solutions,,,,,,,1.5,0,0
2025-10-01,directories,g2,organic,,,,,,,1,0,0
2025-10-01,influencer,ambassador,yarith fernandez/y&a cleaning,,,,,,,0.5,0.5,19.5
2025-10-01,influencer,ambassador,jessie demler/slim brick,,,,,,,0,0.5,19.5
2025-07-01,app marketing - organic,organic,ios,,,,,,,7331,191,12652.97
2025-07-01,social media,,,,,,,,,139,16,1313.89
2025-07-01,app marketing - paid,apple search ads,,,,,,,,3614.586732,161.0149985,10810.24787
2025-07-01,sem - generic,google,,,,,,,,1639.60851,128.7820999,15433.73702
2025-07-01,directories,capterra,paid,,,,,,,57.77881137,4.454652348,1431.336757
2025-07-01,partner program,channel (franchises),,,,,,,,10.25,5.166666667,1175.1
2025-07-01,partner program,channel (all others),,,,,,,,5.710144928,1.708333333,382.4583333
2025-07-01,influencer,brand partner/ambassador (+10k),ben millen/benjamin millen/bluladder/ben the window cleaner,,,,,,,1.033333333,0.833333333,85.5
2025-07-01,influencer,business brand partner,aaron wilton-jones / autoclean academy,,,,,,,6.833333333,0.833333333,32.5
2025-07-01,influencer,ambassador,nuno torres / luso roofing & contracting inc.,,,,,,,0.5,0,0
2025-07-01,influencer,brand partner/ambassador (+10k),sascha hinz / thehvacgame / the hvac game,,,,,,,0.5,0,0
2025-07-01,influencer,brand partner/ambassador (+10k),garrett davis/underwood & davis/gw custom decks,,,,,,,0.5,0.5,44.5
2025-07-01,influencer,business brand partner,willmbetances/ wilson matthew betances/ energize us  edu/builder's convention/b.u.l.d national,,,,,,,1,0,0
2025-07-01,influencer,business brand partner,kevin cook / accelerate nation,,,,,,,1,0,0
2025-07-01,influencer,brand partner/ambassador (+10k),ricardo diaz/legacy junk removal,,,,,,,0,0.333333333,49.66666667
2025-11-01,app marketing - paid,apple search ads,,,,,,,,2862.471987,118.867685,11493.91741
2025-11-01,app marketing - organic,organic,ios,,,,,,,6661.525641,169.5,13380.84
2025-11-01,sem - branded,google,,,,,,,,1596.825184,402.4876415,64511.88787
2025-11-01,freemium paid,facebook,,,,,,,,27.23333333,1.333333333,242
2025-11-01,social media,facebook,paid,,,,,,,264.3742424,22.95757576,3026.689697
2025-11-01,referrals,customer referral program,,,,,,,,184.8268538,125.8100579,22745.55781
2025-11-01,social media,linkedin,organic,,,,,,,18.61598692,0.019230769,5.346153846
2025-11-01,influencer,brand partner/ambassador (+10k),oscar gil/detail groove,,,,,,,24.53333333,2.666666667,184.3233333
2025-03-01,influencer,ambassador,twin brothers construction/ben + andrew schoonover,,,,,,,0.013157895,0,0
2025-03-01,social media,instagram,paid,,,,,,,12,1,39
2025-11-01,influencer,brand partner/ambassador (+10k),al benford/ junk squad,,,,,,,1,0,0
2025-03-01,influencer,ambassador,codie sanchez/contrarian thinking,,,,,,,5,0.5,99
2025-11-01,influencer,brand partner/ambassador (+10k),daniel stewart/liquid green hydroseeding,,,,,,,4.333333333,0,0
2025-11-01,influencer,brand partner/ambassador (+10k),trey bohannan/trey bodirt,,,,,,,1.5,0,0
2025-11-01,influencer,brand partner/ambassador (+10k),alessio trabelsi/concrete makeover,,,,,,,2.333333333,0.333333333,76
2025-11-01,influencer,ambassador,g&m outdoor services llc / garrett williams,,,,,,,1,0,0
2025-11-01,influencer,brand partner/ambassador (+10k),e itzcoatl aguilar / ewokdoeshvac / ewok does hvac,,,,,,,1.016393443,0.516393443,22.74590164
2025-03-01,partner program,integrations,nicejob,,,,,,,0.392156863,0.058823529,5.235294118
2025-03-01,influencer,brand partner/ambassador (+10k),raylyn dunlap/dunlap cleaning services/the real hustle network,,,,,,,0.5,0,0
2025-11-01,influencer,brand partner/ambassador (+10k),lee farrington / pinpoint carpentry,,,,,,,0.5,0,0
2025-11-01,influencer,brand partner/ambassador (+10k),kassey angel / angel epoxy flooring,,,,,,,0.5,0,0
2025-11-01,influencer,nano brand partner/ambassador (<10k),matt gosse / shingletown roofing,,,,,,,0.333333333,0,0
2025-11-01,youtube,trueview,remarketing,,,,,,,0,0.142857143,24.14285714
2025-05-01,sem - competitors,google,,,,,,,,180.5319065,31.43079268,4487.915975
2025-05-01,programmatic,mntn,prospecting - audience match,,,,,,,148.5,8.5,1549.5
2025-05-01,influencer,brand partner/ambassador (+10k),connor maendel / maendel construction llc,,,,,,,1.833333333,0,0
2025-05-01,programmatic,the trade desk,prospecting - display,,,,,,,48.39358974,1.276923077,293.7230769
2025-05-01,influencer,brand partner/ambassador (+10k),bryan vincent / vip maintenance / bryyan vincent,,,,,,,4.833333333,0,0
2025-05-01,influencer,brand partner/ambassador (+10k),diana cruz/dee takes over cleaning,,,,,,,1.333333333,0.5,19.5
2025-05-01,partner program,channel (referrals),bookeepers/consultants/agencies,,,,,,,2.044444444,0.333333333,83
2025-05-01,events,tradeshows,unspecified,,,,,,,6,2.5,397.995
2025-05-01,influencer,brand partner/ambassador (+10k),tym o'laughlin/tymo/tymo paints,,,,,,,2.333333333,0,0
2025-05-01,influencer,brand partner/ambassador (+10k),taylor stark/banner projects,,,,,,,0.333333333,0,0
2025-05-01,influencer,general,jc,,,,,,,0.111111111,0,0
2025-05-01,influencer,ambassador,spencer claeys/northwest pro wash,,,,,,,0.5,0,0
2025-05-01,influencer,ambassador,nick huber/sweaty startup,,,,,,,0.333333333,0,0
2025-08-01,sem - branded,bing,,,,,,,,638.6199138,217.102182,28055.23033
2025-08-01,partner program,integrations,stripe,,,,,,,61.53482379,48.55469975,11494.98311
2025-08-01,influencer,business brand partner,mark stetlock/finance unfolded/financeunfolded,,,,,,,6.333333333,0,0
2025-08-01,influencer,ambassador,lexi abreu/lex the electrician,,,,,,,0.5,0,0
2025-08-01,app marketing - paid,moloco,,,,,,,,1,1,39.99
2025-08-01,influencer,"influencer (+10k, not sp)",kory ballard/ballard inc,,,,,,,1,0.333333333,9.666666667
2025-08-01,influencer,macro brand partner (+1m),jeff thorman/home renovision diy/home renovision,,,,,,,13.58333333,0.583333333,119.0833333
2025-08-01,influencer,ambassador,rusty nesvig,,,,,,,1,0,0
2025-08-01,influencer,brand partner/ambassador (+10k),daryl baker / the finisher / daryl the finisher,,,,,,,1,0,0
2025-08-01,influencer,brand partner/ambassador (+10k),kevin watson/off the path with kevin/off the path,,,,,,,1.5,0.5,14.5
2025-08-01,influencer,nano brand partner/ambassador (<10k),finn varette / varchuk/ howtohomeservice,,,,,,,1,0,0
2025-08-01,influencer,ambassador,jumper guy/raul hernandez,,,,,,,1.5,0,0
2025-08-01,influencer,brand partner/ambassador (+10k),brandon wagstaff / wagstaff auto detailing,,,,,,,2.833333333,0,0
2025-08-01,influencer,brand partner/ambassador (+10k),ashley hall/ashxkillz/srm heating & cooling,,,,,,,1,0,0
2025-08-01,organic search,direct/other,,,,,,,,0.333333333,0,0
2025-08-01,influencer,brand partner/ambassador (+10k),shane goswick / lawn and light / lawn & light,,,,,,,0.25,0,0
2025-08-01,influencer,brand partner/ambassador (+10k),ryan dandrea / roll with it,,,,,,,0.333333333,0,0
2025-08-01,influencer,brand partner/ambassador (+10k),adrian garcia,,,,,,,0,0.5,19.5
2025-11-01,influencer,brand partner/ambassador (+10k),huda saleh / spotless auto care,,,,,,,2.333333333,0,0
2025-11-01,influencer,ambassador,colin connolly/colindoeselectric,,,,,,,0.5,0,0
2025-03-01,directories,mvf,paid,,,,,,,2.333333333,1,249
2025-11-01,partner program,integrations,google lsa,,,,,,,2.5,0.5,99
2025-03-01,partner program,integrations,companycam,,,,,,,2.916666667,0,0
2025-03-01,outbound,,,,,,,,,4,1.5,487.5
2025-11-01,influencer,brand partner/ambassador (+10k),brandon wagstaff / wagstaff auto detailing,,,,,,,1,0,0
2025-03-01,app marketing - organic,,,,,,,,,5,0,0
2025-11-01,directories,getapp,paid,,,,,,,0.142857143,1.5,203
2025-03-01,app marketing - experimental,meta apps,ios,,,,,,,1,0,0
2025-03-01,influencer,brand partner/ambassador (+10k),julius marchi/jm venture log/presh clean inc,,,,,,,0.5,0.5,139
2025-03-01,influencer,brand partner/ambassador (+10k),eric gonzalez / castillos landscaping,,,,,,,1.5,0.5,19.5
2025-11-01,influencer,brand partner/ambassador (+10k),ji mobile mechanics/jacob ireland,,,,,,,2.25,0,0
2025-11-01,influencer,brand partner/ambassador (+10k),daryl baker / the finisher / daryl the finisher,,,,,,,1.5,0.25,22.25
2025-11-01,influencer,business brand partner,andrew letersky / ultimate landscape academy,,,,,,,0.5,0,0
2025-11-01,influencer,brand partner/ambassador (+10k),ryaan tuttle/best handyman boston/rjt,,,,,,,0.583333333,0.047619048,1.857142857
2025-03-01,influencer,business brand partner,casper opala / casper captial,,,,,,,3,0,0
2025-11-01,influencer,brand partner/ambassador (+10k),adrian garcia,,,,,,,1,0,0
2025-03-01,influencer,brand partner/ambassador (+10k),e itzcoatl aguilar / ewokdoeshvac / ewok does hvac,,,,,,,1.5,0,0
2025-03-01,partner program,integrations,mailchimp,,,,,,,1,0,0
2025-11-01,partner program,integrations,thumbtack,,,,,,,1,0,0
2025-03-01,influencer,"influencer (+10k, not sp)",jon irwin / revive home tips,,,,,,,1,0,0
2025-11-01,influencer,alumni partner,katie pearse/glisten cleaning academy,,,,,,,0.333333333,0,0
2025-03-01,partner program,channel (referrals),managed service providers (msp),,,,,,,1,1,297
2025-11-01,partner program,integrations,gusto,,,,,,,0,0.5,14.5
2025-09-01,organic search,,,,,,,,,5794.072073,1117.416782,190445.9663
2025-09-01,social media,facebook,paid,,,,,,,281.1639224,18.5,2418.885
2025-09-01,affiliate program,partnerstack,,,,,,,,62.57542914,16.00922028,1968.420236
2025-09-01,programmatic,the trade desk,lal - audio,,,,,,,23.575,2.791666667,442.9583333
2025-09-01,influencer,"influencer (+10k, not sp)",kory ballard/ballard inc,,,,,,,0.833333333,0,0
2025-09-01,influencer,brand partner/ambassador (+10k),dominic kingery / domd2d,,,,,,,0.333333333,0,0
2025-09-01,app marketing - paid,smadex,,,,,,,,4,0,0
2025-09-01,influencer,brand partner/ambassador (+10k),brad behr/copper creek cuts/bctp/baker county trash pickup,,,,,,,1.833333333,0,0
2025-09-01,events,virtual,jobber blueprint,,,,,,,1.59501466,2.279070582,362.2796259
2025-09-01,influencer,brand partner/ambassador (+10k),james moreno/top class detail,,,,,,,0.5,0,0
2025-09-01,app marketing - paid,,,,,,,,,6.333333333,0,0
2025-09-01,partner program,channel (resellers),,,,,,,,1.842857143,0.976190476,45.21428571
2025-09-01,advertising,print,,,,,,,,1,0,0
2025-09-01,influencer,brand partner/ambassador (+10k),keven bermeo / pressure washing plays,,,,,,,1.770833333,1.770833333,352.3958333
2025-09-01,influencer,brand partner/ambassador (+10k),randy roblero/detailing beyond limits/beyond limits of palm beach,,,,,,,2.5,0.5,59
2025-09-01,advertising,radio,denver,,,,,,,1,0,0
2025-09-01,partner program,industry associations,,,,,,,,1.5,0,0
2025-09-01,influencer,ambassador,austin roofer/p&r roofing/ austin reyes,,,,,,,0.5,0,0
2025-09-01,app marketing - experimental,jampp,,,,,,,,2.037037037,2,208.99
2025-09-01,partner program,integrations,sendjim,,,,,,,0.111111111,0,0
2025-09-01,directories,capterra,,,,,,,,0.5,0,0
2025-09-01,influencer,brand partner/ambassador (+10k),curtis molnar / cj garden services,,,,,,,0.5,0,0
2025-09-01,organic search,direct/other,,,,,,,,0,1,39
2025-06-01,advertising,online/general,,,,,,,,177,4,395
2025-04-01,referrals,customer referral program,,,,,,,,390.2933803,259.354466,51217.74617
2025-04-01,social media,facebook,paid,,,,,,,171.6684783,17.625,1478.545
2025-04-01,events,virtual,jobber blueprint,,,,,,,5.595421628,0.677685258,162.6701382
2025-04-01,app marketing - experimental,jampp,,,,,,,,162.0322581,5.032258065,234.9066129
2025-06-01,social media,facebook,always-on,,,,,,,164.376049,15.49271562,2633.901058
2025-04-01,experimental,facebook - lead gen,paid - evergreen webinar,,,,,,,2.217391304,0,0
2025-06-01,programmatic,mntn,prospecting - audience match,,,,,,,100.8333333,13.5,2402.985
2025-04-01,influencer,brand partner/ambassador (+10k),ray duke/bulletproof handyman,,,,,,,38.96916244,19.55895445,2061.281242
2025-06-01,events,virtual,jobber summit,,,,,,,42.04383757,4.875981081,704.5486365
2025-04-01,app marketing - paid,,,,,,,,,30,3,408.98
2025-04-01,influencer,brand partner/ambassador (+10k),brad behr/copper creek cuts/bctp/baker county trash pickup,,,,,,,13.45,0.916666667,121.5833333
2025-04-01,influencer,brand partner/ambassador (+10k),adam chapman/pad pal,,,,,,,6.083333333,1,39.99
2025-04-01,influencer,brand partner/ambassador (+10k),louis mouchet,,,,,,,7.692099567,3.30952381,537.6428571
2025-04-01,directories,software advice,,,,,,,,2.080357143,1.270833333,173.9375
2025-04-01,influencer,ambassador,paul jamison,,,,,,,2.5,0,0
2025-04-01,events,tradeshows,unspecified,,,,,,,2.444444444,0,0
2025-06-01,influencer,brand partner/ambassador (+10k),randy roblero/detailing beyond limits/beyond limits of palm beach,,,,,,,6.25,0,0
2025-04-01,programmatic,the trade desk,lal - audio,,,,,,,7.866666667,0.033333333,3.966666667
2025-04-01,partner program,channel (resellers),,,,,,,,1.5,1.833333333,416.5
2025-06-01,influencer,brand partner/ambassador (+10k),adam nasser / wolf of hvac,,,,,,,0.5,0,0
2025-04-01,influencer,nano brand partner/ambassador (<10k),finn varette / varchuk/ howtohomeservice,,,,,,,1.5,0,0
2025-04-01,influencer,brand partner/ambassador (+10k),kurt lambert / kurt’s pressure washing,,,,,,,0.5,0,0
2025-06-01,word of mouth,organic wom referrals,,,,,,,,2,0,0
2025-06-01,influencer,brand partner/ambassador (+10k),jesse uranga/solar express cleaning,,,,,,,1.5,0,0
2025-06-01,influencer,brand partner/ambassador (+10k),tyler jones / puff window cleaning,,,,,,,0.833333333,0.333333333,9.666666667
2025-06-01,influencer,business brand partner,phil risher / plash consulting,,,,,,,0.5,0,0
2025-04-01,organic search,direct/other,,,,,,,,1,0,0
2025-04-01,influencer,alumni partner,jason cleans/jason shipway,,,,,,,0.5,0,0
2025-06-01,events,paid social events,,,,,,,,1,0,0
2025-04-01,influencer,ambassador,christian schloegel,,,,,,,0.625,0.125,4.875
2025-06-01,influencer,brand partner/ambassador (+10k),jason promes/promes construction,,,,,,,0.833333333,0.333333333,13
2025-06-01,influencer,brand partner/ambassador (+10k),blake albertson/b&b lawn care/bblawncarekc,,,,,,,0.5,0,0
2025-06-01,organic search,ai search,perplexity,,,,,,,3.700833333,0.315270936,31.03768473
2025-04-01,partner program,channel (referrals),dealer/suppliers/manufacturers ,,,,,,,1.333333333,1.333333333,291
2025-06-01,influencer,"influencer (+10k, not sp)",mike swezey/the handyman business,,,,,,,0.5,0.5,99.5
2025-06-01,influencer,nano brand partner/ambassador (<10k),mark mcginty/ mcginty toman electric,,,,,,,1,0,0
2025-06-01,influencer,nano brand partner/ambassador (<10k),owen bailey/ po boys landscape,,,,,,,0.5,0,0
2025-04-01,influencer,brand partner/ambassador (+10k),connor maendel / maendel construction llc,,,,,,,1.5,0,0
2025-06-01,influencer,brand partner/ambassador (+10k),dan madalena/madalena tile,,,,,,,0.5,0,0
2025-06-01,influencer,brand partner/ambassador (+10k),nick gentile / spartan hero electric,,,,,,,0.5,0,0
2025-04-01,programmatic,tubi,,,,,,,,0,1,248
2025-07-01,partner program,integrations,stripe,,,,,,,41.71288296,34.42378179,8175.762215
2025-07-01,sem - branded,bing,,,,,,,,714.5900162,267.4608963,35775.16943
2025-07-01,sem - generic,bing,,,,,,,,705.7180644,53.87591869,5618.861193
2025-07-01,programmatic,the trade desk,prospecting - tv,,,,,,,220.927621,30.10222896,4420.922895
2025-07-01,social media,instagram,organic,,,,,,,100.4917993,18.30162154,2416.416814
2025-07-01,influencer,brand partner/ambassador (+10k),glen c/glen cuevas/glen c landscaping,,,,,,,9.416666667,0.333333333,66.33333333
2025-07-01,partner program,industry associations,,,,,,,,1.333333333,0.75,261.75
2025-07-01,partner program,integrations,google lsa,,,,,,,1.083333333,0,0
2025-07-01,influencer,business brand partner,mark stetlock/finance unfolded/financeunfolded,,,,,,,5,0,0
2025-07-01,influencer,brand partner/ambassador (+10k),sadi ingallina/ash tree enterprises,,,,,,,0.833333333,0,0
2025-07-01,influencer,brand partner/ambassador (+10k),connor maendel / maendel construction llc,,,,,,,2.5,1,39
2025-07-01,influencer,nano brand partner/ambassador (<10k),finn varette / varchuk/ howtohomeservice,,,,,,,0.5,0.5,19.995
2025-07-01,influencer,brand partner/ambassador (+10k),kevin watson/off the path with kevin/off the path,,,,,,,2,0,0
2025-07-01,influencer,brand partner/ambassador (+10k),brandon wagstaff / wagstaff auto detailing,,,,,,,0.833333333,0,0
2025-07-01,influencer,brand partner/ambassador (+10k),marvin joles/blacktop banter,,,,,,,0.5,0.5,124
2025-07-01,influencer,brand partner/ambassador (+10k),matthew patella/the time is now,,,,,,,0.333333333,0,0
2025-03-01,direct/unknown,direct,,,,,,,,550,10,1439
2025-03-01,programmatic,mntn,prospecting,,,,,,,1170.388794,153.0146953,20865.42021
2025-03-01,influencer,alumni partner,gary mccreadie/hvac know it all,,,,,,,3.523255814,0,0
2025-11-01,sem - franchise,google,paid,,,,,,,15.86018448,9.509636676,1823.364365
2025-03-01,influencer,brand partner/ambassador (+10k),john seaman/jc property professionals/jcp properties/jcp,,,,,,,22.11666667,4.666666667,769.83
2025-11-01,influencer,macro brand partner (+1m),chase stetson/that lawn dude,,,,,,,32.9751938,1.887596899,305.6046512
2025-11-01,programmatic,,,,,,,,,44.04166667,4.177902622,787.8370787
2025-11-01,freemium paid,bing,paid,,,,,,,61.5,4,276.495
2025-11-01,influencer,brand partner/ambassador (+10k),maigan dowell / do well cleaning,,,,,,,2.25,0.333333333,56.66333333
2025-03-01,programmatic,the trade desk,lal - tv,,,,,,,10.04166667,2.875,405.875
2025-11-01,influencer,ambassador,dominic rosales/poor pumper society,,,,,,,1.833333333,0,0
2025-03-01,advertising,,,,,,,,,3,0,0
2025-03-01,partner program,channel (referrals),bookeepers/consultants/agencies,,,,,,,5.016666667,1.416666667,262.75
2025-11-01,influencer,brand partner/ambassador (+10k),zeb lopata / enjay improvements / general enjay,,,,,,,6.833333333,0,0
2025-11-01,influencer,brand partner/ambassador (+10k),nolan hope/hope detailing,,,,,,,1.5,0,0
2025-03-01,advertising,online/general,,,,,,,,25,2,237
2025-11-01,influencer,nano brand partner/ambassador (<10k),or & mikaela segev / patch dudes,,,,,,,0.5,0,0
2025-11-01,influencer,brand partner/ambassador (+10k),ben millen/benjamin millen/bluladder/ben the window cleaner,,,,,,,1.666666667,0.75,69.25
2025-11-01,performance max,,,,,,,,,0.360119753,1.497253446,508.2970931
2025-03-01,influencer,business brand partner,dave moerman/revive washing/home service business coach,,,,,,,0.555555556,0.555555556,177.8888889
2025-03-01,app marketing - experimental,remerge,,,,,,,,1,0,0
2025-03-01,advertising,pr,general,,,,,,,1,0,0
2025-11-01,partner program,channel (referrals),,,,,,,,3.083333333,2.333333333,738.3333333
2025-11-01,influencer,brand partner/ambassador (+10k),austin mccallister / noschooljusttools / boyd landscaping,,,,,,,0.5,0,0
2025-11-01,influencer,nano brand partner/ambassador (<10k),daniel proctor/coastal cleaners,,,,,,,0.5,0.5,139
2025-11-01,influencer,brand partner/ambassador (+10k),kevin martinez / ksparky / k electric solutions,,,,,,,1,0,0
2025-11-01,influencer,nano brand partner/ambassador (<10k),rosie selvaggio/hocus pocus cleaning,,,,,,,0.666666667,0,0
2025-11-01,influencer,ambassador,yarith fernandez/y&a cleaning,,,,,,,0.5,0,0
2025-03-01,influencer,brand partner/ambassador (+10k),tj mccormack/worldsgreatestroofer/tj,,,,,,,1,0,0
2025-11-01,directories,g2,paid,,,,,,,3,1.375,517.375
2025-11-01,influencer,brand partner/ambassador (+10k),dan holliday,,,,,,,0.333333333,0.5,59.5
2025-11-01,influencer,business brand partner,alex guzman / modern day contractor,,,,,,,0.5,0.5,59.5
2025-03-01,influencer,brand partner/ambassador (+10k),tyler jones / puff window cleaning,,,,,,,0.5,0,0
2025-11-01,influencer,"influencer (+10k, not sp)",sam irwin / go build stuff,,,,,,,0,0.5,54
2025-03-01,influencer,ambassador,mainstream landscaping/edward simpson,,,,,,,0,1,158
2025-11-01,influencer,brand partner/ambassador (+10k),jacob ortiz/yourtexaspatio,,,,,,,0,0.037037037,1.444444444
2025-05-01,influencer,brand partner/ambassador (+10k),zech osburn/z's exterior services/biz boosters,,,,,,,50.66666667,3,315.1666667
2025-05-01,experimental,tiktok,organic,,,,,,,5.416666667,0,0
2025-05-01,direct/unknown,general,,,,,,,,2,0,0
2025-05-01,social media,linkedin,,,,,,,,2,0,0
2025-05-01,influencer,alumni partner,the epoxy pros/daniel george,,,,,,,2.25,0.5,19.995
2025-05-01,advertising,radio,general,,,,,,,10,0,0
2025-05-01,experimental,facebook,fb lead gen ebook,,,,,,,2,0,0
2025-05-01,partner program,integrations,,,,,,,,6.916666667,1.75,584
2025-05-01,outbound,,,,,,,,,5.2,0,0
2025-05-01,direct/unknown,commission junction,,,,,,,,1,0,0
2025-05-01,partner program,integrations,responsibid,,,,,,,0.005952381,0.005952381,2.077380952
2025-04-01,influencer,brand partner/ambassador (+10k),diana cruz/dee takes over cleaning,,,,,,,0.5,0,0
2025-06-01,influencer,brand partner/ambassador (+10k),matthew hawk/matthew's mowing & lawn maintenance,,,,,,,0.5,0,0
2025-04-01,partner program,integrations,thumbtack,,,,,,,0.353333333,0.02,6.98
2025-06-01,influencer,brand partner/ambassador (+10k),john coppola / jmc detailing,,,,,,,0.5,0,0
2025-06-01,influencer,general,jc,,,,,,,0,0.111111111,16.55555556
2025-04-01,advertising,radio,sirius,,,,,,,0,1,39
2025-04-01,influencer,ambassador,g&m outdoor services llc / garrett williams,,,,,,,0,1.026315789,241.2368421
2025-05-01,app marketing - paid,google uac,,,,,,,,7186.286834,97.76477523,5547.277879
2025-05-01,social media,instagram,organic,,,,,,,97.59741784,2.028472996,219.0593778
2025-05-01,youtube,demand gen,prospecting,,,,,,,89.94761905,7.55952381,945.3828571
2025-05-01,directories,g2,paid,,,,,,,2.071428571,0.471428571,121.9857143
2025-05-01,influencer,alumni partner,alyssa's cleaning company/alyssa,,,,,,,0.037412587,0,0
2025-05-01,influencer,"influencer (+10k, not sp)",sam irwin / go build stuff,,,,,,,2.5,0,0
2025-05-01,advertising,pr,magazine,,,,,,,1,0,0
2025-05-01,app marketing - paid,smadex,ctv,,,,,,,1,0,0
2025-05-01,influencer,brand partner/ambassador (+10k),jeff kult / trusted electric,,,,,,,1.5,0,0
2025-05-01,organic search,reddit,,,,,,,,4.25,0.25,33.75
2025-05-01,influencer,general,matt santos/business life with matt santos,,,,,,,0.5,0.5,174.5
2025-05-01,partner program,channel (franchises),halo home maintenance,,,,,,,1,0,0
2025-05-01,influencer,brand partner/ambassador (+10k),derek ward,,,,,,,0.5,0,0
2025-05-01,influencer,brand partner/ambassador (+10k),derrick mcclintock/the man training show,,,,,,,0.5,0,0
2025-05-01,events,tradeshows,huge convention,,,,,,,0,1,39.99
2025-05-01,influencer,ambassador,steve-o/steven richardson,,,,,,,0,1.166666667,60.5
2025-08-01,programmatic,the trade desk,lal - tv,,,,,,,40.03640383,6.516959388,799.1120198
2025-08-01,sem - generic,google,,,,,,,,1658.242299,92.78870704,10300.63826
2025-08-01,social media,,,,,,,,,144,9,674.94
2025-08-01,influencer,general,,,,,,,,243.1856739,21.06156762,2883.099674
2025-08-01,partner program,channel (all others),,,,,,,,6.891666667,1.168478261,167.4728261
2025-08-01,influencer,business brand partner,willmbetances/ wilson matthew betances/ energize us  edu/builder's convention/b.u.l.d national,,,,,,,0.833333333,0,0
2025-08-01,directories,capterra,paid,,,,,,,1.640522876,3.111111111,680.2222222
2025-08-01,influencer,business brand partner,aaron wilton-jones / autoclean academy,,,,,,,6,0.5,19.995
2025-08-01,influencer,brand partner/ambassador (+10k),tom purcell/purcell's pro detail,,,,,,,2,0,0
2025-08-01,influencer,brand partner/ambassador (+10k),dan janzen/dj tiling,,,,,,,0.5,0,0
2025-08-01,influencer,brand partner/ambassador (+10k),ben millen/benjamin millen/bluladder/ben the window cleaner,,,,,,,0.833333333,0.166666667,19.83333333
2025-08-01,advertising,online/general,,,,,,,,1,0,0
2025-08-01,events,virtual,jobber grants,,,,,,,0.064884135,0.064884135,15.90356506
2025-08-01,partner program,channel (referrals),coaches/trainers,,,,,,,0.666666667,0.333333333,56.33333333
2025-08-01,influencer,brand partner/ambassador (+10k),jersey cronin/jersey/window cleaning resource/wcr/wcr nation,,,,,,,0.333333333,0.666666667,78.66666667
2025-08-01,experimental,tiktok,paid,,,,,,,1,0,0
2025-08-01,influencer,ambassador,tyler graham / thelawnreview,,,,,,,0.5,0,0
2025-08-01,influencer,brand partner/ambassador (+10k),tyler jones / puff window cleaning,,,,,,,0.5,0,0
2025-08-01,influencer,brand partner/ambassador (+10k),bri and ricky / bricks mobile detailing,,,,,,,0.5,0,0
2025-08-01,influencer,business brand partner,morgan graffis/verv cleaning/the cleaning co. coach/cleaning coach,,,,,,,0,0.75,191.5
2025-02-01,organic search,,,,,,,,,6188.500083,1085.892212,179271.155
2025-02-01,sem - branded,google,,,,,,,,2063.847546,584.7492785,82094.5937
2025-02-01,social media,facebook,paid,,,,,,,113.0625,6.0625,765.4275
2025-02-01,referrals,customer referral program,,,,,,,,343.0912476,238.1006949,46036.12547
2025-02-01,events,virtual,jobber summit,,,,,,,51.23148645,40.06820597,7880.837097
2025-02-01,social media,facebook,always-on,,,,,,,407.6480159,26.01230159,3335.562857
2025-02-01,directories,getapp,paid,,,,,,,94.71590909,6.358766234,899.497987
2025-02-01,events,paid social events,,,,,,,,11.21374847,1.061367521,177.585812
2025-02-01,partner program,integrations,intuit,,,,,,,32.13257576,4.132575758,578.3522727
2025-02-01,influencer,brand partner/ambassador (+10k),louis mouchet,,,,,,,3.333333333,1.5,223
2025-02-01,youtube,trueview,remarketing,,,,,,,16.62619048,2.342857143,311.3238095
2025-02-01,influencer,brand partner/ambassador (+10k),randy roblero/detailing beyond limits/beyond limits of palm beach,,,,,,,6.833333333,0.333333333,39.66666667
2025-02-01,influencer,brand partner/ambassador (+10k),xochitl and paul klepper/xochitl makes it neat/just a cleaning lady,,,,,,,1,0.333333333,16.33333333
2025-02-01,directories,capterra,,,,,,,,1,0,0
2025-07-01,word of mouth,organic wom referrals,general,,,,,,,99,10,2448.99
2025-07-01,directories,software advice,,,,,,,,1,0.5,19.5
2025-07-01,youtube,demand gen,remarketing,,,,,,,23.47619048,1.142857143,124.5714286
2025-07-01,influencer,"influencer (+10k, not sp)",kory ballard/ballard inc,,,,,,,0.5,0,0
2025-07-01,influencer,macro brand partner (+1m),jeff thorman/home renovision diy/home renovision,,,,,,,11.91666667,3.006493506,239.2607359
2025-07-01,directories,software advice,ppl,,,,,,,5.32338066,2.820058401,357.7122866
2025-07-01,directories,other,,,,,,,,6.756060606,0.75,49.25
2025-07-01,influencer,ambassador,devon le'mons / pow pow pressure washing,,,,,,,0.333333333,0,0
2025-07-01,influencer,business brand partner,andrew letersky / ultimate landscape academy,,,,,,,2,1,129
2025-07-01,influencer,brand partner/ambassador (+10k),josh canales / 949 garage,,,,,,,1.344202899,0.010869565,1.282608696
2025-07-01,organic search,ai search,perplexity,,,,,,,3.277027027,0.270833333,59.08333333
2025-07-01,app marketing - paid,google uac,ios,,,,,,,1,0,0
2025-07-01,influencer,brand partner/ambassador (+10k),gabe jose cruz / drace detailing,,,,,,,0.5,0,0
2025-07-01,influencer,brand partner/ambassador (+10k),kipp bender / rocksteady tile company,,,,,,,0.558823529,0,0
2025-07-01,influencer,brand partner/ambassador (+10k),tylor link / abc tile tech / tylor kye,,,,,,,0.5,0,0
2025-07-01,influencer,brand partner/ambassador (+10k),caleb moore/clean cleans,,,,,,,0.5,0,0
2025-07-01,youtube,trueview,remarketing,,,,,,,0.2,0.2,7.8
2025-07-01,sem - generic,google,paid,,,,,,,0,1,39.99
2025-10-01,influencer,brand partner/ambassador (+10k),the lawnmower boys/lmb landscaping/lmb_landscaping,,,,,,,3.166666667,0.5,59.5
2025-10-01,app marketing - paid,smadex,,,,,,,,60,0,0
2025-10-01,programmatic,the trade desk,lal - tv,,,,,,,31.97111039,3.731449847,1081.4399
2025-10-01,influencer,brand partner/ambassador (+10k),ray duke/bulletproof handyman,,,,,,,21.47857143,11.21785714,911.2916667
2025-10-01,influencer,brand partner/ambassador (+10k),kirk mckinney / jacob mckinney / junk teens llc / junk teens junk removal,,,,,,,8.25,0.25,9.75
2025-10-01,influencer,brand partner/ambassador (+10k),alessio trabelsi/concrete makeover,,,,,,,0.5,0.833333333,85.5
2025-10-01,influencer,brand partner/ambassador (+10k),anthony salazar / poop scoops for noobs,,,,,,,2.45,1.866666667,135.8
2025-10-01,influencer,brand partner/ambassador (+10k),joshua parker/ishine valeting & detailing,,,,,,,0.5,0,0
2025-10-01,influencer,brand partner/ambassador (+10k),jacob palmer / palmer electrical,,,,,,,7.333333333,0.333333333,13
2025-10-01,influencer,brand partner/ambassador (+10k),tom maggs/maggs lawn/maggs lawn and landscape,,,,,,,2.146276596,1.896276596,159.9447872
2025-10-01,events,virtual,jobber blueprint,,,,,,,0.463800531,0.408104329,104.7124774
2025-10-01,influencer,brand partner/ambassador (+10k),adam chapman/pad pal,,,,,,,1.75,0.583333333,19.41666667
2025-10-01,influencer,alumni partner,nick glassett/let's get lit,,,,,,,2.166666667,0.333333333,66.33333333
2025-10-01,influencer,brand partner/ambassador (+10k),brad behr/copper creek cuts/bctp/baker county trash pickup,,,,,,,0.703703704,0,0
2025-10-01,influencer,brand partner/ambassador (+10k),tristan kalina / kalina's pressure washing / youngpressurewasher,,,,,,,0.333333333,0,0
2025-10-01,influencer,brand partner/ambassador (+10k),garrett davis/underwood & davis/gw custom decks,,,,,,,0.7,0,0
2025-10-01,influencer,brand partner/ambassador (+10k),kurt lambert / kurt’s pressure washing,,,,,,,0.5,0,0
2025-10-01,partner program,channel (resellers),,,,,,,,1,0.5,399.5
2025-10-01,influencer,business brand partner,jeff heggie/jeff heggie success coach,,,,,,,0.333333333,0,0
2025-10-01,partner program,integrations,fleetsharp,,,,,,,0.5,0,0
2025-10-01,influencer,brand partner/ambassador (+10k),tommy hunter/hunter window wash,,,,,,,0.5,0.502427184,20.34708738
2025-10-01,affiliate program,,,,,,,,,1,1,39
2025-10-01,influencer,brand partner/ambassador (+10k),influencer - grant mcmullen / mcmullen master services,,,,,,,0.5,0,0
2025-01-01,sem - competitors,google,,,,,,,,218.1027922,28.323416,5094.117477
2025-01-01,social media,linkedin,organic,,,,,,,8.753015449,4.297712418,1498.070472
2025-01-01,partner program,integrations,zapier,,,,,,,6.566793143,3.015007429,655.5270623
2025-01-01,events,paid social events,,,,,,,,5.594298246,0.25,49.75
2025-01-01,app marketing - paid,moloco,,,,,,,,8.25,0.25,57
2025-01-01,influencer,"influencer (+10k, not sp)",kory ballard/ballard inc,,,,,,,7.033333333,2.533333333,448.8
2025-01-01,influencer,brand partner/ambassador (+10k),kevin watson/off the path with kevin/off the path,,,,,,,2.111111111,0,0
2025-01-01,influencer,alumni partner,charlotte bosanquet/care cleaning services sydney/charlotte,,,,,,,1,0,0
2025-01-01,partner program,integrations,stripe,,,,,,,1.576923077,0,0
2025-01-01,influencer,ambassador,steve-o/steven richardson,,,,,,,0.333333333,0,0
2025-01-01,partner program,channel (franchises),screenmobile,,,,,,,0,1,191
2025-03-01,social media,facebook,paid,,,,,,,154.3409091,14.09090909,1747.040909
2025-03-01,influencer,brand partner/ambassador (+10k),zech osburn/z's exterior services/biz boosters,,,,,,,28.79166667,4.375,562.9583333
2025-03-01,organic search,,,,,,,,,7364.261702,1423.283482,245008.3719
2025-03-01,sem - branded,google,,,,,,,,2158.980745,740.6592211,105393.9473
2025-11-01,youtube,demand gen,prospecting,,,,,,,169.7203802,7.564540402,1468.381204
2025-03-01,freemium paid,bing,paid,,,,,,,80,14.5,1112.48
2025-03-01,social media,facebook,always-on,,,,,,,550.6452879,43.6907424,4837.298184
2025-03-01,programmatic,mntn,prospecting - audience match,,,,,,,151.3333333,14.5,2497.5
2025-11-01,sem - branded,bing,,,,,,,,333.0067157,135.4729446,20482.85547
2025-03-01,app marketing - paid,,,,,,,,,23,1,119
2025-11-01,programmatic,the trade desk,ttd - remarketing,,,,,,,72.82395977,17.29350353,3526.913278
2025-03-01,events,virtual,jobber summit,,,,,,,51.58247053,35.98106025,7517.123753
2025-03-01,influencer,brand partner/ambassador (+10k),ray duke/bulletproof handyman,,,,,,,49.4452381,20.76904762,1521.323095
2025-03-01,events,tradeshows,unspecified,,,,,,,5.083333333,1.083333333,93.58333333
2025-11-01,influencer,brand partner/ambassador (+10k),josh isaac/saiibu auto,,,,,,,2.5,0,0
2025-03-01,influencer,brand partner/ambassador (+10k),randy roblero/detailing beyond limits/beyond limits of palm beach,,,,,,,6,0,0
2025-11-01,partner program,integrations,zapier,,,,,,,3.624970976,1.232663284,136.1857371
2025-11-01,influencer,brand partner/ambassador (+10k),jeff guldalian/ the 360 electrician,,,,,,,3.571428571,0.196428571,25.51785714
2025-03-01,directories,capterra,,,,,,,,3.688405797,0.855072464,177.7681159
2025-03-01,influencer,brand partner/ambassador (+10k),matthew hawk/matthew's mowing & lawn maintenance,,,,,,,1.5,1,39.495
2025-11-01,influencer,brand partner/ambassador (+10k),hunter patrick/dumpire junk removal,,,,,,,6.333333333,1.333333333,211
2025-03-01,directories,software advice,ppc,,,,,,,2,1.5,253.5
2025-03-01,advertising,print,,,,,,,,2,0,0
2025-11-01,influencer,brand partner/ambassador (+10k),zachary/richards/richards tree care/zigzagman,,,,,,,0.666666667,0.333333333,66.33333333
2025-03-01,influencer,brand partner/ambassador (+10k),diana cruz/dee takes over cleaning,,,,,,,0.333333333,0,0
2025-03-01,influencer,brand partner/ambassador (+10k),keven bermeo / pressure washing plays,,,,,,,3.833333333,2.333333333,464.3333333
2025-11-01,influencer,nano brand partner/ambassador (<10k),ryan lermitte/umbrella property services/umbrellaservices_yvr,,,,,,,0.035714286,0.035714286,4.25
2025-03-01,word of mouth,organic wom referrals,,,,,,,,2,0,0
2025-11-01,influencer,nano brand partner/ambassador (<10k),danny hernandez/all that grass lawn care,,,,,,,0.5,0,0
2025-03-01,influencer,brand partner/ambassador (+10k),xochitl and paul klepper/xochitl makes it neat/just a cleaning lady,,,,,,,0,0.333333333,49.33333333
2025-11-01,directories,capterra,organic,,,,,,,0,1,29
2025-03-01,influencer,general,jc,,,,,,,0,0.5,19.995
2025-11-01,influencer,brand partner/ambassador (+10k),ian mitzelfeld/mitzelfeld construction,,,,,,,0,0.333333333,39.66666667
2025-09-01,social media,linkedin,organic,,,,,,,7.197019247,0.480892204,232.9898476
2025-09-01,referrals,customer referral program,,,,,,,,208.5610869,116.7774359,20242.53478
2025-09-01,influencer,brand partner/ambassador (+10k),ray duke/bulletproof handyman,,,,,,,26.08783588,12.41404808,1389.711693
2025-09-01,influencer,brand partner/ambassador (+10k),grant blundell/gb plumbing,,,,,,,0.25,0.25,112.25
2025-09-01,influencer,business brand partner,mark stetlock/finance unfolded/financeunfolded,,,,,,,9,0,0
2025-09-01,influencer,brand partner/ambassador (+10k),al benford/ junk squad,,,,,,,0.5,0,0
2025-09-01,influencer,brand partner/ambassador (+10k),tym o'laughlin/tymo/tymo paints,,,,,,,0.833333333,0,0
2025-09-01,directories,other,,,,,,,,5.544019932,0.044019932,7.235050316
2025-09-01,influencer,brand partner/ambassador (+10k),johan labrana/johan's junk removal,,,,,,,1.333333333,0,0
2025-09-01,directories,software advice,,,,,,,,0.583333333,0.583333333,69.41666667
2025-09-01,events,tradeshows,unspecified,,,,,,,0.863636364,0.53030303,66.6969697
2025-09-01,influencer,brand partner/ambassador (+10k),lee farrington / pinpoint carpentry,,,,,,,1,0,0
2025-09-01,partner program,integrations,thumbtack,,,,,,,1.862373737,0.237373737,32.69191919
2025-09-01,youtube,trueview,remarketing,,,,,,,1,0,0
2025-09-01,influencer,business brand partner,andrew letersky / ultimate landscape academy,,,,,,,1.333333333,0,0
2025-09-01,advertising,radio,sirius,,,,,,,1,0,0
2025-09-01,influencer,brand partner/ambassador (+10k),jesse uranga/solar express cleaning,,,,,,,0.5,0,0
2025-09-01,influencer,brand partner/ambassador (+10k),daryl baker / the finisher / daryl the finisher,,,,,,,0.583333333,0.333333333,9.666666667
2025-09-01,influencer,brand partner/ambassador (+10k),eddie colon/ec details/the house of rags,,,,,,,0.111111111,0.444444444,35.11111111
2025-09-01,experimental,facebook - lead gen,paid - evergreen webinar,,,,,,,0.393574297,0,0
2025-09-01,influencer,brand partner/ambassador (+10k),brandon wagstaff / wagstaff auto detailing,,,,,,,0.833333333,0,0
2025-09-01,partner program,integrations,square/block,,,,,,,0.069711538,0.03125,1.21875
2025-09-01,partner program,integrations,nicejob,,,,,,,0.04,0,0
2025-09-01,influencer,ambassador,lexi abreu/lex the electrician,,,,,,,0.023809524,0.023809524,4.047380952
2025-09-01,influencer,ambassador,nick huber/sweaty startup,,,,,,,0,0.2,5.8
2025-04-01,sem - branded,bing,,,,,,,,664.9990541,258.2868587,32663.40051
2025-06-01,programmatic,the trade desk,prospecting - tv,,,,,,,448.3609474,32.35342451,5023.14436
2025-06-01,sem - generic,bing,,,,,,,,828.5444127,47.50039023,5023.032277
2025-04-01,partner program,integrations,nicejob,,,,,,,0.524761905,0.191428571,23.92857143
2025-06-01,app marketing - organic,organic,,,,,,,,16.98368964,7.704258348,906.1104871
2025-06-01,social media,instagram,organic,,,,,,,93.60681726,4.176923077,226.5666667
2025-04-01,directories,other,,,,,,,,3.5,0,0
2025-04-01,social media,linkedin,organic,,,,,,,6.828092344,0.378885843,196.4703995
2025-06-01,influencer,brand partner/ambassador (+10k),hunter patrick/dumpire junk removal,,,,,,,9.033333333,0.5,19.5
2025-06-01,influencer,business brand partner,anatoly nazarov / digamark llc / average bro aesthetic,,,,,,,12.36494636,3.066666667,453.6533333
2025-06-01,influencer,business brand partner,eduardo barboza / nmc development llc / wealth in construction,,,,,,,0.5,0,0
2025-04-01,youtube,trueview,remarketing,,,,,,,14.78066809,0.771144279,98.65671642
2025-04-01,directories,software advice,ppl,,,,,,,2.192090725,0.408757392,115.4279918
2025-06-01,affiliate program,,,,,,,,,4,0,0
2025-06-01,partner program,channel (referrals),,,,,,,,7.333333333,7.833333333,1962.166667
2025-04-01,influencer,brand partner/ambassador (+10k),brandon wagstaff / wagstaff auto detailing,,,,,,,1.25,0,0
2025-04-01,influencer,macro brand partner (+1m),jeff thorman/home renovision diy/home renovision,,,,,,,1.5,0,0
2025-04-01,influencer,ambassador,steve-o/steven richardson,,,,,,,2.166666667,0.5,14.5
2025-04-01,influencer,brand partner/ambassador (+10k),james moreno/top class detail,,,,,,,3,0,0
2025-06-01,influencer,alumni partner,alyssa's cleaning company/alyssa,,,,,,,0.060606061,0,0
2025-04-01,directories,capterra,organic,,,,,,,1,0,0
2025-06-01,influencer,brand partner/ambassador (+10k),jessica bannister,,,,,,,1,0,0
2025-06-01,influencer,brand partner/ambassador (+10k),connor maendel / maendel construction llc,,,,,,,0.590909091,0.924242424,31.04545455
2025-04-01,influencer,"influencer (+10k, not sp)",kory ballard/ballard inc,,,,,,,0,2.5,167.5
2025-04-01,partner program,channel (all others),trash can cleaners,,,,,,,0,0.25,8.2875
2025-04-01,partner program,channel (franchises),screenmobile,,,,,,,0,2,430.2
2025-05-01,youtube,trueview,prospecting,,,,,,,157.5737276,11.4026193,1532.233664
2025-05-01,sem - competitors,bing,,,,,,,,30.73333333,8.233333333,1094.856667
2025-05-01,sem - franchise,google,paid,,,,,,,18.14304599,14.15532008,2889.936516
2025-05-01,programmatic,,,,,,,,,93.7307925,3.647459165,352.0284241
2025-05-01,influencer,brand partner/ambassador (+10k),ben millen/benjamin millen/bluladder/ben the window cleaner,,,,,,,11.52941176,0.029411765,3.5
2025-05-01,partner program,channel (referrals),,,,,,,,9.904761905,12.36309524,2240.229762
2025-05-01,influencer,brand partner/ambassador (+10k),tom maggs/maggs lawn/maggs lawn and landscape,,,,,,,13.16025641,3.5,654.995
2025-05-01,events,tradeshows,arcsi,,,,,,,0.884498834,0.647485847,125.1064436
2025-05-01,influencer,business brand partner,casper opala / casper captial,,,,,,,1,0,0
2025-05-01,partner program,channel (referrals),savvy jobz,,,,,,,0.121745647,0.088625989,24.02536138
2025-05-01,influencer,brand partner/ambassador (+10k),raylyn dunlap/dunlap cleaning services/the real hustle network,,,,,,,1.583333333,0,0
2025-05-01,influencer,brand partner/ambassador (+10k),dan holliday,,,,,,,8.5,1.166666667,77.99
2025-05-01,influencer,business brand partner,logan sendle/blue collar business accelerator/bcba,,,,,,,2.666666667,2,172.3233333
2025-05-01,social media,facebook,,,,,,,,1,0,0
2025-05-01,events,tradeshows,ahr,,,,,,,0.019230769,0.019230769,1.711538462
2025-05-01,partner program,channel (franchises),pink's window service,,,,,,,0,1,220
2025-08-01,app marketing - organic,organic,android,,,,,,,1688,26,2044.85
2025-08-01,organic search,ai search,claude,,,,,,,1.416666667,0,0
2025-08-01,sem - franchise,google,paid,,,,,,,19.81423419,10.43242085,2694.646411
2025-08-01,sem - competitors,bing,,,,,,,,26.16734897,2.617958724,506.6724619
2025-08-01,influencer,brand partner/ambassador (+10k),jeremy talboy / georgian landscape design - north georgia landscape management,,,,,,,1.166666667,0,0
2025-08-01,influencer,brand partner/ambassador (+10k),timmy riggs / streakers window cleaning,,,,,,,3.833333333,1,78.5
2025-08-01,programmatic,the trade desk,lal - audio,,,,,,,18.48228948,1.265622815,226.9789697
2025-08-01,events,virtual,jobber blueprint,,,,,,,0.986381393,0.744648337,226.9764135
2025-08-01,influencer,brand partner/ambassador (+10k),anthony salazar / poop scoops for noobs,,,,,,,2.75,0.5,19.5
2025-08-01,influencer,brand partner/ambassador (+10k),shlomy goldman / regenerative foodscapes,,,,,,,0.5,0,0
2025-08-01,influencer,business brand partner,eduardo barboza / nmc development llc / wealth in construction,,,,,,,0.583333333,0.25,29.75
2025-08-01,influencer,brand partner/ambassador (+10k),ivan carvalho/glaucio carvalho/mr. bubbles,,,,,,,0.5,0,0
2025-08-01,influencer,brand partner/ambassador (+10k),joseph rivera/washpreneurs/wedoit4you,,,,,,,2.5,0,0
2025-08-01,influencer,brand partner/ambassador (+10k),tommy hunter/hunter window wash,,,,,,,0.333333333,0,0
2025-08-01,events,tradeshows,arcsi,,,,,,,0.2,0.2,25.8
2025-08-01,influencer,brand partner/ambassador (+10k),jermaine hester jr / mellodirt / the gravel driveway company,,,,,,,1,0,0
2025-08-01,influencer,brand partner/ambassador (+10k),casey evertsen/bin blasters,,,,,,,1.666666667,0,0
2025-08-01,influencer,brand partner/ambassador (+10k),john jennings / nothing to something / jennings landscape and cleaning,,,,,,,0.5,0.5,124
2025-08-01,influencer,brand partner/ambassador (+10k),robbie lynn/premier lawns,,,,,,,0.5,0,0
2025-08-01,social media,facebook,international,,,,,,,1,0,0
2025-05-01,app marketing - organic,,,,,,,,,2,0,0
2025-05-01,partner program,channel (referrals),other,,,,,,,3.416666667,1.333333333,38.66666667
2025-05-01,influencer,ambassador,stan genadek/dirt monkey,,,,,,,1,0.5,84.5
2025-05-01,influencer,brand partner/ambassador (+10k),austin mccallister / noschooljusttools / boyd landscaping,,,,,,,1,0,0
2025-05-01,influencer,brand partner/ambassador (+10k),andrew eylander / eylander tile / etile / crowne tools,,,,,,,0.5,0,0
2025-05-01,events,tradeshows,service software summit,,,,,,,0.5,0.5,214
2025-05-01,app marketing - experimental,meta apps,ios,,,,,,,1,0,0
2025-05-01,influencer,"influencer (+10k, not sp)",jon irwin / revive home tips,,,,,,,1,0,0
2025-05-01,influencer,brand partner/ambassador (+10k),harry burgos / cnb renovations,,,,,,,0.5,0,0
2025-05-01,influencer,brand partner/ambassador (+10k),daniel becerra/yourtiledesignguy/yuma tile & design,,,,,,,0.5,0,0
2025-05-01,directories,mvf,paid,,,,,,,0.215384615,0.215384615,55.16923077
2025-08-01,sem - branded,google,,,,,,,,1614.661902,454.2246057,67185.9611
2025-08-01,social media,facebook,paid,,,,,,,291.2857143,21,2623.93
2025-08-01,influencer,brand partner/ambassador (+10k),skyler lane / realskylane / junk success,,,,,,,4.642857143,2.642857143,230.2142857
2025-08-01,influencer,brand partner/ambassador (+10k),randy roblero/detailing beyond limits/beyond limits of palm beach,,,,,,,4.333333333,0,0
2025-08-01,influencer,brand partner/ambassador (+10k),keven bermeo / pressure washing plays,,,,,,,8.166666667,1.5,258
2025-08-01,influencer,brand partner/ambassador (+10k),danny cardenas/themaestroreal/rosewood landscaping/rosewood,,,,,,,2,0,0
2025-08-01,influencer,brand partner/ambassador (+10k),brad behr/copper creek cuts/bctp/baker county trash pickup,,,,,,,1.666666667,0,0
2025-08-01,partner program,channel (resellers),,,,,,,,2.725,0.125,16.125
2025-08-01,influencer,brand partner/ambassador (+10k),tom maggs/maggs lawn/maggs lawn and landscape,,,,,,,2.35,0.5,19.995
2025-08-01,influencer,brand partner/ambassador (+10k),lee farrington / pinpoint carpentry,,,,,,,0.5,0,0
2025-08-01,influencer,ambassador,austin roofer/p&r roofing/ austin reyes,,,,,,,1.833333333,0,0
2025-08-01,influencer,brand partner/ambassador (+10k),antonio pagan – all things fresh detail,,,,,,,1.666666667,0.5,19.5
2025-08-01,influencer,brand partner/ambassador (+10k),e itzcoatl aguilar / ewokdoeshvac / ewok does hvac,,,,,,,1.333333333,0,0
2025-08-01,influencer,brand partner/ambassador (+10k),daniel stewart/liquid green hydroseeding,,,,,,,0.5,0,0
2025-08-01,direct/unknown,organic,,,,,,,,1,0,0
2025-03-01,influencer,ambassador,spencer claeys/northwest pro wash,,,,,,,0.5,0,0
2025-11-01,influencer,brand partner/ambassador (+10k),jake krauss / koolin' with krauss,,,,,,,0.5,0,0
2025-11-01,influencer,brand partner/ambassador (+10k),antonio pagan – all things fresh detail,,,,,,,3.833333333,1.666666667,144.6666667
2025-11-01,influencer,brand partner/ambassador (+10k),skyler lane / realskylane / junk success,,,,,,,1.5,1.516666667,125.4783333
2025-11-01,influencer,brand partner/ambassador (+10k),bjorn werner / a job well done painting,,,,,,,0.25,0,0
2025-11-01,influencer,brand partner/ambassador (+10k),alex stevens/even stevens lawn care,,,,,,,1.333333333,0.333333333,49.33333333
2025-11-01,influencer,brand partner/ambassador (+10k),timmy riggs / streakers window cleaning,,,,,,,1.5,0.5,19.5
2025-03-01,influencer,alumni partner,charlotte bosanquet/care cleaning services sydney/charlotte,,,,,,,2.333333333,0,0
2025-11-01,app marketing - organic,organic,,,,,,,,6.528994146,3.575125404,319.2095152
2025-03-01,directories,g2,organic,,,,,,,1,0,0
2025-03-01,app marketing - paid,moloco,,,,,,,,7.25,4.25,167.73
2025-03-01,influencer,brand partner/ambassador (+10k),mitchell's lawn care llc/mitchell t gordy,,,,,,,0.5,1,94.495
2025-11-01,influencer,brand partner/ambassador (+10k),tucker baney/plumb hero,,,,,,,1,0,0
2025-11-01,influencer,brand partner/ambassador (+10k),john jennings / nothing to something / jennings landscape and cleaning,,,,,,,0.333333333,0,0
2025-11-01,partner program,channel (all others),window cleaning resource association,,,,,,,1,0,0
2025-03-01,influencer,nano brand partner/ambassador (<10k),scott tharpe/ tharpe exterior cleaning,,,,,,,0.066666667,0.066666667,28.53333333
2025-03-01,partner program,integrations,square/block,,,,,,,0.5,0,0
2025-11-01,partner program,channel (franchises),next day access,,,,,,,1,1,170
2025-11-01,influencer,brand partner/ambassador (+10k),kyle breiner/breiner lawn,,,,,,,0.142857143,0.142857143,4.142857143
2025-11-01,influencer,brand partner/ambassador (+10k),joey shuman/joey shuman door installations llc,,,,,,,0.5,0,0
2025-11-01,influencer,brand partner/ambassador (+10k),ivan carvalho/glaucio carvalho/mr. bubbles,,,,,,,0.5,0.5,99.5
2025-09-01,youtube,demand gen,prospecting,,,,,,,884.7210804,13.04727847,2140.862383
2025-09-01,partner program,channel (franchises),,,,,,,,12.66666667,6,1172
2025-09-01,influencer,general,,,,,,,,53.46717743,15.40762226,1779.136598
2025-09-01,influencer,alumni partner,the epoxy pros/daniel george,,,,,,,3.333333333,0,0
2025-09-01,partner program,channel (all others),,,,,,,,6.022933285,2.022933285,400.2798949
2025-09-01,youtube,paid,,,,,,,,11,1,39.99
2025-09-01,influencer,business brand partner,aaron wilton-jones / autoclean academy,,,,,,,2,0,0
2025-09-01,influencer,brand partner/ambassador (+10k),ji mobile mechanics/jacob ireland,,,,,,,1.5,0,0
2025-09-01,influencer,brand partner/ambassador (+10k),ryaan tuttle/best handyman boston/rjt,,,,,,,3.914285714,1,39
2025-09-01,outbound,,,,,,,,,1.576923077,0.576923077,120.8846154
2025-09-01,directories,capterra,paid,,,,,,,1.524096386,3,462
2025-09-01,partner program,integrations,responsibid,,,,,,,0.003759398,0.008685507,2.677728805
2025-09-01,influencer,brand partner/ambassador (+10k),huda saleh / spotless auto care,,,,,,,2,0,0
2025-09-01,influencer,brand partner/ambassador (+10k),keisha garcia/digital cleaning academy,,,,,,,0.5,0,0
2025-09-01,influencer,brand partner/ambassador (+10k),casey evertsen/bin blasters,,,,,,,0.845381526,1.666666667,157.8333333
2025-09-01,influencer,business brand partner,influencer - robert eisenstadt / property pros / property pros business coach,,,,,,,0.5,0,0
2025-09-01,influencer,nano brand partner/ambassador (<10k),seth hartzell/bulldogs moving,,,,,,,0.5,0,0
2025-09-01,direct/unknown,online/general,,,,,,,,1,0,0
2025-09-01,partner program,integrations,gusto,,,,,,,0.5,0,0
2025-09-01,experimental,tiktok,paid,,,,,,,1,0,0
2025-04-01,sem - generic,google,,,,,,,,2399.422091,178.6646949,18452.34132
2025-06-01,app marketing - organic,organic,ios,,,,,,,7260.583333,182.75,13057.455
2025-06-01,app marketing - paid,google uac,,,,,,,,6119.517744,94.78935319,6458.853163
2025-04-01,youtube,paid,,,,,,,,10,0,0
2025-06-01,directories,capterra,paid,,,,,,,70.46831933,7.209145022,1898.48882
2025-06-01,directories,g2,paid,,,,,,,8.5,1,326.59
2025-06-01,partner program,channel (franchises),,,,,,,,7,7.333333333,1889.883333
2025-06-01,influencer,brand partner/ambassador (+10k),keith kalfas,,,,,,,38.94039805,9.035141638,1131.930112
2025-04-01,partner program,integrations,,,,,,,,4.27,0.02,6.98
2025-04-01,partner program,channel (referrals),coaches/trainers,,,,,,,1.642857143,3.142857143,650.4285714
2025-06-01,organic search,reddit,,,,,,,,2.092857143,0.2,7.8
2025-04-01,partner program,channel (referrals),industry associations,,,,,,,1.75,0.333333333,39.66666667
2025-06-01,influencer,brand partner/ambassador (+10k),dan holliday,,,,,,,5.676100629,1.5,59.49
2025-04-01,influencer,brand partner/ambassador (+10k),ryaan tuttle/best handyman boston/rjt,,,,,,,2.083333333,0,0
2025-04-01,influencer,business brand partner,kevin cook / accelerate nation,,,,,,,1.5,0.5,99.5
2025-04-01,influencer,brand partner/ambassador (+10k),mary-anne bowcott/the lady plumber/westcom plumbing,,,,,,,0.543478261,0.5,59.5
2025-04-01,partner program,channel (franchises),next day access,,,,,,,1,1,170
2025-06-01,influencer,brand partner/ambassador (+10k),sascha hinz / thehvacgame / the hvac game,,,,,,,1,0,0
2025-04-01,partner program,integrations,gusto,,,,,,,0.5,0,0
2025-06-01,partner program,integrations,mailchimp,,,,,,,0,0.5,84.5
2025-06-01,partner program,channel (resellers),verizon,,,,,,,0,1,112
2025-06-01,app marketing - experimental,meta apps,ios,,,,,,,0,1,39
2025-08-01,app marketing - paid,google uac,,,,,,,,5285.176191,77.49690399,5993.465964
2025-08-01,freemium organic,,,,,,,,,130.5,10,781.98
2025-08-01,word of mouth,organic wom referrals,general,,,,,,,97,7,1343
2025-08-01,influencer,brand partner/ambassador (+10k),james moreno/top class detail,,,,,,,3.5,1,39
2025-08-01,directories,software advice,ppl,,,,,,,1.61374202,1.117064279,253.7084136
2025-08-01,influencer,brand partner/ambassador (+10k),tyler link/contractor ceo/concrete launch secrets,,,,,,,1.7,0,0
2025-08-01,influencer,brand partner/ambassador (+10k),josh canales / 949 garage,,,,,,,1.833333333,0,0
2025-08-01,events,tradeshows,gie,,,,,,,0.5,0,0
2025-08-01,influencer,alumni partner,mike coffey,,,,,,,0.5,0,0
2025-08-01,partner program,channel (resellers),verizon,,,,,,,1,2,58
2025-05-01,app marketing - organic,organic,ios,,,,,,,7585.916667,213.1666667,14840.61
2025-05-01,app marketing - paid,apple search ads,,,,,,,,4128.99345,203.8591181,12720.7302
2025-05-01,referrals,customer referral program,,,,,,,,382.5803787,245.7049628,40778.31692
2025-05-01,influencer,brand partner/ambassador (+10k),oscar gil/detail groove,,,,,,,126.4081585,7.278571429,1301.507143
2025-01-01,directories,getapp,paid,,,,,,,191.752381,5.05952381,657.3928571
2025-01-01,influencer,brand partner/ambassador (+10k),adam chapman/pad pal,,,,,,,6.25,0,0
2025-01-01,experimental,facebook - lead gen,paid - evergreen webinar,,,,,,,8.563596491,0.333333333,142.6666667
2025-01-01,influencer,alumni partner,jason cleans/jason shipway,,,,,,,1.083333333,0.25,49.75
2025-01-01,events,local events,,,,,,,,0.5,0,0
2025-01-01,influencer,ambassador,stan genadek/dirt monkey,,,,,,,0.25,0.5,14.5
2025-01-01,influencer,brand partner/ambassador (+10k),louis mouchet,,,,,,,2,0,0
2025-01-01,influencer,brand partner/ambassador (+10k),austin gray - ownr ops / ownr ops skool community / bear claw land services,,,,,,,1.25,0.25,62.25
2025-01-01,partner program,channel (referrals),other,,,,,,,1,0,0
2025-01-01,influencer,alumni partner,the epoxy pros/daniel george,,,,,,,1.5,0.5,139
2025-01-01,influencer,brand partner/ambassador (+10k),blake albertson/b&b lawn care/bblawncarekc,,,,,,,1.75,0.5,19.5
2025-01-01,social media,linkedin,,,,,,,,3,0,0
2025-01-01,advertising,radio,sirius,,,,,,,1,0,0
2025-01-01,partner program,integrations,thumbtack,,,,,,,1,0,0
2025-02-01,freemium paid,google,paid,,,,,,,247.5,30,1644.99
2025-02-01,directories,other,,,,,,,,6.416666667,1.25,375.25
2025-02-01,influencer,general,brown brothers lawn care,,,,,,,0.5,0,0
2025-02-01,social media,instagram,paid,,,,,,,4,1,39.99
2025-02-01,influencer,"influencer (+10k, not sp)",kory ballard/ballard inc,,,,,,,5.533333333,3.5,226.5
2025-02-01,influencer,alumni partner,chanique stewart/chanique cleaning services/cleaning boss accelerator,,,,,,,1.111111111,0,0
2025-02-01,influencer,brand partner/ambassador (+10k),blake albertson/b&b lawn care/bblawncarekc,,,,,,,2.30952381,0.333333333,39.66666667
2025-02-01,influencer,brand partner/ambassador (+10k),adam chapman/pad pal,,,,,,,4.5,0,0
2025-02-01,youtube,demand gen,remarketing,,,,,,,1,0,0
2025-02-01,influencer,ambassador,mario lentsch/radiant striping,,,,,,,0.5,0,0
2025-02-01,influencer,brand partner/ambassador (+10k),james moreno/top class detail,,,,,,,0.333333333,0,0
2025-02-01,influencer,alumni partner,mike coffey,,,,,,,0,0.5,19.5
2025-10-01,programmatic,mntn,prospecting,,,,,,,966.0228895,146.8751497,23636.68167
2025-10-01,app marketing - organic,organic,android,,,,,,,1528.5,27.5,1569.89
2025-10-01,sem - competitors,google,,,,,,,,153.4365566,23.39906179,3744.100918
2025-10-01,youtube,organic,,,,,,,,285.5649969,36.34746357,3969.717261
2025-10-01,affiliate program,commission junction,,,,,,,,69.75901302,12.51562653,1550.562029
2025-10-01,word of mouth,organic wom referrals,general,,,,,,,112,19,3086
2025-10-01,influencer,brand partner/ambassador (+10k),timmy riggs / streakers window cleaning,,,,,,,3.95,0.333333333,56.33333333
2025-10-01,app marketing - organic,organic,,,,,,,,8.269553868,3.870654381,460.2468058
2025-10-01,influencer,brand partner/ambassador (+10k),antonio pagan – all things fresh detail,,,,,,,2.833333333,0.5,59
2025-10-01,influencer,"influencer (+10k, not sp)",mike swezey/the handyman business,,,,,,,3.25,1,39.99
2025-10-01,influencer,brand partner/ambassador (+10k),amanda stevens / mandy's cleaning,,,,,,,1.666666667,0,0
2025-10-01,influencer,brand partner/ambassador (+10k),khyara hiles / maid for this cleaning,,,,,,,0.5,0,0
2025-10-01,influencer,brand partner/ambassador (+10k),dennis costa/avas automation/avas concepts,,,,,,,1,0,0
2025-10-01,influencer,brand partner/ambassador (+10k),kurt the arborist,,,,,,,0.333333333,0.333333333,9.666666667
2025-10-01,influencer,alumni partner,gary mccreadie/hvac know it all,,,,,,,0.5,0,0
2025-10-01,influencer,brand partner/ambassador (+10k),jason ambro/ambro's landscaping,,,,,,,1,0,0
2025-09-01,app marketing - paid,google uac,,,,,,,,6000.296697,74.11970463,4961.678403
2025-09-01,influencer,nano brand partner/ambassador (<10k),mark mcginty/ mcginty toman electric,,,,,,,1.583333333,0,0
2025-09-01,freemium paid,bing,paid,,,,,,,649.0059358,10.10430179,451.4157054
2025-09-01,influencer,brand partner/ambassador (+10k),udetailers/ethan dang /hangar club,,,,,,,32.5,0,0
2025-09-01,influencer,brand partner/ambassador (+10k),austin gray - ownr ops / ownr ops skool community / bear claw land services,,,,,,,4.20952381,1.533333333,100.6
2025-09-01,directories,software advice,ppl,,,,,,,3.215085377,1.687307599,338.5392574
2025-09-01,organic search,ai search,perplexity,,,,,,,8.460961592,0.504065041,21.93495935
2025-09-01,influencer,brand partner/ambassador (+10k),sadi ingallina/ash tree enterprises,,,,,,,0.5,0,0
2025-09-01,influencer,brand partner/ambassador (+10k),gabe jose cruz / drace detailing,,,,,,,3,0,0
2025-09-01,influencer,brand partner/ambassador (+10k),blake albertson/b&b lawn care/bblawncarekc,,,,,,,1.833333333,0,0
2025-09-01,influencer,ambassador,elizabeth williams/lemonade liz,,,,,,,1,0,0
2025-09-01,directories,getapp,paid,,,,,,,0.5,0.5,19.5
2025-09-01,influencer,alumni partner,mike coffey,,,,,,,0,0.5,124.5
2025-07-01,youtube,trueview,prospecting,,,,,,,35.28322945,5.643379104,687.1730814
2025-07-01,app marketing - paid,google uac,,,,,,,,5728.655371,92.58888442,7772.571803
2025-07-01,youtube,organic,,,,,,,,413.3958179,42.12990449,3763.652796
2025-07-01,partner program,channel (referrals),,,,,,,,9.083333333,9.416666667,2819.916667
2025-07-01,influencer,ambassador,detail girlz/jackie andrade,,,,,,,3.5,0,0
2025-07-01,influencer,ambassador,elizabeth williams/lemonade liz,,,,,,,4.666666667,0,0
2025-07-01,influencer,business brand partner,anatoly nazarov / digamark llc / average bro aesthetic,,,,,,,11.70787546,1.707875458,285.4298168
2025-07-01,social media,instagram,paid,,,,,,,10,1,39.99
2025-07-01,influencer,brand partner/ambassador (+10k),austin gray - ownr ops / ownr ops skool community / bear claw land services,,,,,,,6.322159091,1.988825758,191.1371212
2025-07-01,app marketing - organic,organic,,,,,,,,16.04039542,12.43224674,1519.402905
2025-07-01,influencer,brand partner/ambassador (+10k),jeff kult / trusted electric,,,,,,,2,0.5,14.5
2025-07-01,influencer,ambassador,stevenj120volts/steven ravesi,,,,,,,3.333333333,0.333333333,13
2025-07-01,influencer,nano brand partner/ambassador (<10k),cory byron/vancity electric,,,,,,,0.5,0,0
2025-07-01,directories,g2,paid,,,,,,,5,1,119.495
2025-07-01,influencer,"influencer (+10k, not sp)",mike swezey/the handyman business,,,,,,,1.518867925,0.218867925,8.045283019
2025-07-01,partner program,channel (resellers),verizon,,,,,,,1,1,190
2025-07-01,app marketing - experimental,meta apps,ios,,,,,,,1,0,0
2025-07-01,influencer,business brand partner,alex smoot / sweat venture,,,,,,,0.5,0,0
2025-07-01,influencer,brand partner/ambassador (+10k),cornell mack/mack landscaping & lawn care,,,,,,,0.5,0,0
2025-07-01,influencer,brand partner/ambassador (+10k),andrew ubaldi/connecticut sparky,,,,,,,0.5,0,0
2025-07-01,app marketing - paid,smadex,ctv,,,,,,,0,1,39.99
2025-07-01,influencer,ambassador,christian schloegel,,,,,,,0,0.014925373,2.52238806
2025-06-01,influencer,brand partner/ambassador (+10k),kevin watson/off the path with kevin/off the path,,,,,,,2,0,0
2025-04-01,app marketing - paid,google uac,,,,,,,,5556.118224,83.83000186,5190.971402
2025-04-01,youtube,trueview,prospecting,,,,,,,230.3271517,18.07751227,2738.499291
2025-04-01,directories,getapp,paid,,,,,,,76.73986742,3.121428571,715.5214286
2025-06-01,partner program,integrations,stripe,,,,,,,28.98393174,17.88661123,4406.490739
2025-04-01,youtube,organic,,,,,,,,327.9712563,48.14384861,4287.543852
2025-06-01,youtube,demand gen,prospecting,,,,,,,255.6622766,5.071428571,266.2507143
2025-04-01,organic search,ai search,perplexity,,,,,,,1.5,0,0
2025-04-01,programmatic,,,,,,,,,115.5833333,4.5,482.3283333
2025-06-01,direct/unknown,online/general,,,,,,,,28,0,0
2025-06-01,influencer,brand partner/ambassador (+10k),louis mouchet,,,,,,,11.23138528,2.688487954,288.1993735
2025-04-01,influencer,brand partner/ambassador (+10k),austin gray - ownr ops / ownr ops skool community / bear claw land services,,,,,,,4.470408163,2.603741497,342.6445578
2025-06-01,influencer,brand partner/ambassador (+10k),chant's daily hustle,,,,,,,0.5,0.25,149.75
2025-06-01,partner program,industry associations,,,,,,,,2,0.5,19.5
2025-06-01,partner program,integrations,responsibid,,,,,,,0.197594502,0.030927835,1.206185567
2025-06-01,partner program,integrations,intuit,,,,,,,19.82346939,1.673469388,357.5136054
2025-06-01,directories,software advice,ppl,,,,,,,5.33989899,4.399548113,610.0718926
2025-06-01,influencer,brand partner/ambassador (+10k),ji mobile mechanics/jacob ireland,,,,,,,2.5,0,0
2025-06-01,influencer,brand partner/ambassador (+10k),tyler link/contractor ceo/concrete launch secrets,,,,,,,2.020833333,0.5,19.5
2025-04-01,directories,g2,paid,,,,,,,3.971428571,0.071428571,10.57142857
2025-06-01,directories,g2,organic,,,,,,,2,0,0
2025-04-01,influencer,brand partner/ambassador (+10k),blake albertson/b&b lawn care/bblawncarekc,,,,,,,1.333333333,0,0
2025-06-01,influencer,alumni partner,the epoxy pros/daniel george,,,,,,,3.5,0,0
2025-04-01,partner program,channel (referrals),other,,,,,,,2.5,0,0
2025-04-01,influencer,brand partner/ambassador (+10k),amir henry/xavier hvac,,,,,,,0.5,0,0
2025-06-01,directories,software advice,,,,,,,,0.5,0,0
2025-04-01,influencer,ambassador,gian villafuerte / revibe auto detail,,,,,,,0.5,0,0
2025-04-01,events,tradeshows,gie,,,,,,,0.5,0,0
2025-06-01,influencer,nano brand partner/ambassador (<10k),robert dill /texas premier pressure washing,,,,,,,0.5,0.5,84.5
2025-06-01,influencer,ambassador,stan genadek/dirt monkey,,,,,,,0.5,0,0
2025-06-01,partner program,channel (franchises),screenmobile,,,,,,,0,1,191
2025-03-01,social media,facebook,organic,,,,,,,359.3888265,27.37037037,2607.768889
2025-03-01,freemium paid,google,paid,,,,,,,425,55.5,3677.895
2025-11-01,social media,facebook,remarketing,,,,,,,52.09090909,3.833333333,1118
2025-11-01,influencer,brand partner/ambassador (+10k),zech osburn/z's exterior services/biz boosters,,,,,,,7.033333333,0.533333333,30.8
2025-11-01,experimental,tiktok,organic,,,,,,,5,0,0
2025-03-01,youtube,trueview,remarketing,,,,,,,18.98333333,3.983333333,438.45
2025-11-01,influencer,brand partner/ambassador (+10k),chase gallagher/cmg landscape/service pro elite,,,,,,,4.083333333,2.083333333,530.5833333
2025-03-01,influencer,brand partner/ambassador (+10k),james moreno/top class detail,,,,,,,5.083333333,2.333333333,251
2025-11-01,influencer,alumni partner,the epoxy pros/daniel george,,,,,,,2,0,0
2025-03-01,directories,other,,,,,,,,4.101851852,0.851851852,114.8888889
2025-11-01,influencer,brand partner/ambassador (+10k),jerome moors/shark pressure washing,,,,,,,0.5,0,0
2025-03-01,influencer,ambassador,paul jamison,,,,,,,1.5,1.5,188.995
2025-11-01,advertising,online/general,,,,,,,,13,2,258
2025-03-01,influencer,brand partner/ambassador (+10k),ricardo diaz/legacy junk removal,,,,,,,2.532258065,0.333333333,13
2025-03-01,influencer,"influencer (+10k, not sp)",kory ballard/ballard inc,,,,,,,6.5,1.833333333,201.5
2025-11-01,organic search,jobber academy,,,,,,,,1.5,0.5,19.5
2025-11-01,partner program,channel (franchises),fibrenew,,,,,,,6,6,354
2025-11-01,experimental,facebook,fb lead gen ebook,,,,,,,3,2,238.99
2025-03-01,influencer,ambassador,g&m outdoor services llc / garrett williams,,,,,,,0.359649123,0.5,19.995
2025-11-01,influencer,brand partner/ambassador (+10k),eric gonzalez / castillos landscaping,,,,,,,3,1.5,257
2025-03-01,influencer,brand partner/ambassador (+10k),brad behr/copper creek cuts/bctp/baker county trash pickup,,,,,,,6.166666667,0.333333333,13
2025-11-01,influencer,brand partner/ambassador (+10k),justin sizemore / sizemore tree works,,,,,,,2,0,0
2025-03-01,influencer,ambassador,darion cook/ d's lawn and landscaping,,,,,,,0.7,0,0
2025-11-01,partner program,integrations,responsibid,,,,,,,0.9,0,0
2025-11-01,influencer,brand partner/ambassador (+10k),bri and ricky / bricks mobile detailing,,,,,,,0.833333333,0,0
2025-11-01,influencer,brand partner/ambassador (+10k),tom purcell/purcell's pro detail,,,,,,,2.666666667,0,0
2025-11-01,partner program,channel (franchises),76 fence,,,,,,,2,0,0
2025-11-01,influencer,nano brand partner/ambassador (<10k),amy khan/ maid4you,,,,,,,1,0.058823529,1.705882353
2025-03-01,influencer,brand partner/ambassador (+10k),brent strickland / titan garage floors,,,,,,,0.5,0.5,19.5
2025-03-01,influencer,brand partner/ambassador (+10k),kipp bender / rocksteady tile company,,,,,,,0.5,0,0
2025-03-01,influencer,ambassador,mario lentsch/radiant striping,,,,,,,0.5,0.5,139
2025-03-01,direct/unknown,organic,,,,,,,,1,0,0
2025-05-01,organic search,ai search,chatgpt,,,,,,,266.5179399,135.6566383,26263.18651
2025-05-01,programmatic,mntn,,,,,,,,834.6789348,197.8521983,30232.48042
2025-05-01,direct/unknown,,,,,,,,,1846,16,1652
2025-05-01,directories,capterra,paid,,,,,,,78.39964707,6.491488567,902.6775854
2025-05-01,app marketing - organic,organic,android,,,,,,,1603,36,2272.67
2025-05-01,advertising,online/general,,,,,,,,134,1,119
2025-05-01,partner program,channel (franchises),,,,,,,,19.25757576,15,2788.196667
2025-05-01,influencer,brand partner/ambassador (+10k),casey evertsen/bin blasters,,,,,,,21.56861472,4.247619048,674.3614286
2025-05-01,influencer,brand partner/ambassador (+10k),erica krupin/kroopin poopin scoopin,,,,,,,15.85555556,1.222222222,178.6333333
2025-05-01,influencer,general,,,,,,,,55.50882353,3.333333333,287.0733333
2025-05-01,influencer,business brand partner,aaron wilton-jones / autoclean academy,,,,,,,2.5,0,0
2025-05-01,youtube,paid,,,,,,,,7,3,278.98
2025-05-01,events,virtual,jobber grants,,,,,,,3,0,0
2025-05-01,influencer,brand partner/ambassador (+10k),warren chappell / boss plumbing and heating,,,,,,,2,0,0
2025-05-01,influencer,ambassador,josh vinciguerra/vinci's mow and snow/jash cv,,,,,,,0.333333333,0,0
2025-05-01,influencer,brand partner/ambassador (+10k),mitchell's lawn care llc/mitchell t gordy,,,,,,,0.5,0.5,59.5
2025-05-01,direct/unknown,other,,,,,,,,0.5,0,0
2025-05-01,influencer,brand partner/ambassador (+10k),joey shuman/joey shuman door installations llc,,,,,,,0.333333333,0,0
2025-05-01,experimental,tiktok,paid,,,,,,,0,0.5,19.995
2025-08-01,programmatic,mntn,prospecting,,,,,,,1031.952915,138.5514525,21786.52534
2025-08-01,programmatic,mntn,prospecting - audience match,,,,,,,127.5,13.66666667,2318.156667
2025-08-01,partner program,integrations,companycam,,,,,,,2.185587733,0.67409594,128.4736736
2025-08-01,partner program,integrations,intuit,,,,,,,6.829279556,3.779279556,561.9460943
2025-08-01,affiliate program,commission junction,,,,,,,,70.57433862,9.874975025,811.4449351
2025-08-01,influencer,brand partner/ambassador (+10k),john seaman/jc property professionals/jcp properties/jcp,,,,,,,21.83333333,4.666666667,426.1616667
2025-08-01,partner program,integrations,square/block,,,,,,,0.5,0,0
2025-08-01,influencer,brand partner/ambassador (+10k),eric gonzalez / castillos landscaping,,,,,,,3,0,0
2025-08-01,influencer,business brand partner,zach vaught / handmade business coach / zack vaught coaching / zach vaught / handmade business coach,,,,,,,1,0,0
2025-08-01,influencer,brand partner/ambassador (+10k),tym o'laughlin/tymo/tymo paints,,,,,,,1.5,0,0
2025-08-01,partner program,channel (franchises),linkedin,,,,,,,0.090909091,0,0
2025-08-01,influencer,brand partner/ambassador (+10k),eddie colon/ec details/the house of rags,,,,,,,0.666666667,0,0
2025-08-01,influencer,brand partner/ambassador (+10k),andrew eylander / eylander tile / etile / crowne tools,,,,,,,0.5,0,0
2025-08-01,influencer,brand partner/ambassador (+10k),walter washington/ww hvac,,,,,,,0.5,0.5,149
2025-08-01,influencer,brand partner/ambassador (+10k),harry harvey / garage style,,,,,,,0.5,0,0
2025-08-01,influencer,ambassador,paul jamison,,,,,,,0.111111111,0.5,19.995
2025-01-01,freemium paid,bing,paid,,,,,,,961.6833333,21,1055.98
2025-01-01,app marketing - paid,smadex,ios,,,,,,,890.1584807,24.74181403,2223.247004
2025-01-01,social media,facebook,paid,,,,,,,140.1666667,5,327.97
2025-01-01,directories,other,,,,,,,,5.616666667,0.083333333,12.41666667
2025-01-01,events,virtual,jobber blueprint,,,,,,,4.859575409,0.326680672,47.91165966
2025-01-01,directories,software advice,ppl,,,,,,,4.598861738,3.765528404,531.3808321
2025-01-01,influencer,alumni partner,chanique stewart/chanique cleaning services/cleaning boss accelerator,,,,,,,1.333333333,0,0
2025-01-01,influencer,brand partner/ambassador (+10k),james moreno/top class detail,,,,,,,1,0,0
2025-01-01,influencer,brand partner/ambassador (+10k),tyler link/contractor ceo/concrete launch secrets,,,,,,,0.5,0.5,44.5
2025-01-01,directories,getapp,organic,,,,,,,1,0,0
2025-01-01,programmatic,the trade desk,lal - tv,,,,,,,1,0,0
2025-01-01,direct/unknown,organic,,,,,,,,1,0,0
2025-02-01,app marketing - paid,tiktok,,,,,,,,1027.110714,45.425,3658.72
2025-02-01,youtube,organic,,,,,,,,216.1921102,32.90917367,3367.394608
2025-02-01,events,virtual,jobber blueprint,,,,,,,7.006826893,2.60217003,442.0892993
2025-02-01,influencer,brand partner/ambassador (+10k),anthony salazar / poop scoops for noobs,,,,,,,2.611111111,0.861111111,74.30555556
2025-02-01,partner program,integrations,fleetsharp,,,,,,,0.7,0,0
2025-02-01,app marketing - organic,organic,,,,,,,,14.25090329,5.281921938,983.6316875
2025-02-01,influencer,brand partner/ambassador (+10k),ivan carvalho/glaucio carvalho/mr. bubbles,,,,,,,5,1.333333333,195
2025-02-01,influencer,brand partner/ambassador (+10k),austin gray - ownr ops / ownr ops skool community / bear claw land services,,,,,,,4.2,1.2,146.8
2025-02-01,influencer,brand partner/ambassador (+10k),roger scheck / roger scheck construction,,,,,,,0.5,0,0
2025-02-01,influencer,brand partner/ambassador (+10k),cornell mack/mack landscaping & lawn care,,,,,,,1.5,0,0
2025-02-01,influencer,alumni partner,terence chan/impetus plumbing,,,,,,,1.5,0,0
2025-02-01,influencer,brand partner/ambassador (+10k),tommy hunter/hunter window wash,,,,,,,0.5,0,0
2025-10-01,direct/unknown,direct,,,,,,,,241,7,1311
2025-10-01,social media,facebook,organic,,,,,,,339.8666667,27,4621.91
2025-10-01,programmatic,mntn,prospecting - audience match,,,,,,,79.16666667,9.333333333,2585.161667
2025-10-01,influencer,brand partner/ambassador (+10k),roy thomas/pro era plumbing,,,,,,,7.166666667,1.166666667,99.65833333
2025-10-01,influencer,brand partner/ambassador (+10k),john seaman/jc property professionals/jcp properties/jcp,,,,,,,31.34096463,5.781440817,927.7468647
2025-10-01,programmatic,the trade desk,prospecting - olv,,,,,,,19.37917749,2.672510823,392.4097403
2025-10-01,influencer,brand partner/ambassador (+10k),ben thomson / hvac strong,,,,,,,2,0,0
2025-10-01,influencer,brand partner/ambassador (+10k),ceonn williams / c and c details,,,,,,,1.666666667,0,0
2025-10-01,influencer,brand partner/ambassador (+10k),erica krupin/kroopin poopin scoopin,,,,,,,3.416666667,0.416666667,49.58333333
2025-10-01,influencer,nano brand partner/ambassador (<10k),manny mollinedo/construction concrete designs llc,,,,,,,0.5,0,0
2025-10-01,partner program,channel (referrals),bookeepers/consultants/agencies,,,,,,,0.833333333,0,0
2025-10-01,influencer,ambassador,reuben potter/floors by southern boys,,,,,,,0.5,0,0
2025-10-01,influencer,brand partner/ambassador (+10k),bryan vincent / vip maintenance / bryyan vincent,,,,,,,0.5,0,0
2025-10-01,partner program,integrations,square/block,,,,,,,1.576923077,0.076923077,23.61538462
2025-10-01,influencer,business brand partner,eduardo barboza / nmc development llc / wealth in construction,,,,,,,0.5,0,0
2025-10-01,influencer,business brand partner,phil risher / plash consulting,,,,,,,0.5,0.5,19.5
2025-10-01,influencer,ambassador,nick huber/sweaty startup,,,,,,,0.071428571,0.071428571,18.35714286
2025-09-01,youtube,organic,,,,,,,,273.1467964,32.79681097,2747.141144
2025-09-01,programmatic,mntn,prospecting,,,,,,,825.3710884,126.1971447,17395.98816
2025-09-01,freemium paid,google,paid,,,,,,,248.5,24.33333333,2244.47
2025-09-01,social media,facebook,organic,,,,,,,256.8991968,28,3341.85
2025-09-01,direct/unknown,direct,,,,,,,,254,14,1954.99
2025-09-01,word of mouth,organic wom referrals,general,,,,,,,99,20,2047.99
2025-09-01,influencer,brand partner/ambassador (+10k),louis mouchet,,,,,,,6.375,0.296985816,69.79964539
2025-09-01,influencer,brand partner/ambassador (+10k),alessio trabelsi/concrete makeover,,,,,,,0.833333333,0,0
2025-09-01,influencer,brand partner/ambassador (+10k),ivan carvalho/glaucio carvalho/mr. bubbles,,,,,,,0.666666667,0.333333333,29.66666667
2025-09-01,influencer,brand partner/ambassador (+10k),leger landscapes/fil,,,,,,,0.5,0,0
2025-09-01,influencer,brand partner/ambassador (+10k),antonio pagan – all things fresh detail,,,,,,,3.666666667,1.166666667,125.6616667
2025-09-01,influencer,brand partner/ambassador (+10k),timmy riggs / streakers window cleaning,,,,,,,2,1,79
2025-09-01,partner program,channel (franchises),chefs for seniors,,,,,,,1,0,0
2025-09-01,influencer,brand partner/ambassador (+10k),david rus / daves auto detail,,,,,,,1,0,0
2025-09-01,influencer,alumni partner,jason cleans/jason shipway,,,,,,,0.5,0.5,99.5
2025-09-01,sem - franchise,bing,paid,,,,,,,0.333333333,0.333333333,56.33333333
2025-09-01,influencer,brand partner/ambassador (+10k),josh canales / 949 garage,,,,,,,1,0,0
2025-09-01,influencer,brand partner/ambassador (+10k),daniel stewart/liquid green hydroseeding,,,,,,,2.5,0,0
2025-09-01,influencer,brand partner/ambassador (+10k),khyara hiles / maid for this cleaning,,,,,,,0.5,0,0
2025-04-01,programmatic,mntn,prospecting,,,,,,,1354.257813,154.7521908,21743.58683
2025-04-01,sem - competitors,google,,,,,,,,272.93407,55.08573323,7834.110631
2025-04-01,freemium paid,bing,paid,,,,,,,692.8047619,13.75,1320.5
2025-04-01,social media,facebook,organic,,,,,,,311.5498654,24.19142857,2724.858571
2025-06-01,affiliate program,partnerstack,,,,,,,,156.7793979,22.0135612,3287.752671
2025-06-01,direct/unknown,organic,,,,,,,,5,0,0
2025-06-01,influencer,brand partner/ambassador (+10k),james moreno/top class detail,,,,,,,7,0,0
2025-06-01,influencer,ambassador,,,,,,,,6.866666667,0,0
2025-06-01,directories,other,,,,,,,,11.33333333,0.5,84.5
2025-04-01,influencer,alumni partner,chanique stewart/chanique cleaning services/cleaning boss accelerator,,,,,,,2.666666667,0.5,84.5
2025-06-01,youtube,trueview,remarketing,,,,,,,0.436403509,0.385477583,78.3377193
2025-06-01,influencer,"influencer (+10k, not sp)",kory ballard/ballard inc,,,,,,,3,1.5,188.995
2025-06-01,social media,linkedin,organic,,,,,,,5.075245051,0.341166375,196.733547
2025-04-01,influencer,business brand partner,dave moerman/revive washing/home service business coach,,,,,,,3.766666667,0.766666667,211.5666667
2025-06-01,influencer,ambassador,g&m outdoor services llc / garrett williams,,,,,,,1.333333333,0,0
2025-04-01,influencer,brand partner/ambassador (+10k),cornell mack/mack landscaping & lawn care,,,,,,,1.5,0,0
2025-01-01,programmatic,mntn,,,,,,,,719.7719945,121.7362335,19563.04318
2025-01-01,freemium paid,google,paid,,,,,,,3410.498591,46.13982677,3201.896316
2025-01-01,sem - competitors,bing,,,,,,,,16.43333333,5.75,977.75
2025-01-01,sem - franchise,google,paid,,,,,,,13.99216298,1.415999226,225.0627083
2025-01-01,influencer,brand partner/ambassador (+10k),erica krupin/kroopin poopin scoopin,,,,,,,7.9,2.816666667,329.1833333
2025-01-01,experimental,podcast ads,,,,,,,,6.333333333,3.083333333,469.745
2025-01-01,influencer,brand partner/ambassador (+10k),keith mcgillivary/mps/mcgillivary's plumbing,,,,,,,1,1,39
2025-01-01,influencer,ambassador,sergio licea/edge cleaning,,,,,,,2,0,0
2025-01-01,influencer,brand partner/ambassador (+10k),darian jarrett/capital city professional,,,,,,,0.7,0,0
2025-01-01,influencer,ambassador,josh vinciguerra/vinci's mow and snow/jash cv,,,,,,,0.333333333,0.333333333,56.33333333
2025-01-01,influencer,alumni partner,branden sewell/seal pro painting,,,,,,,1.2,0.2,39.8
2025-01-01,directories,getapp,,,,,,,,0.5,0,0
2025-01-01,influencer,ambassador,kirk barber/lawn barber landscaping,,,,,,,0.5,0.5,164
2025-02-01,direct/unknown,,,,,,,,,670,9,1200
2025-02-01,programmatic,mntn,,,,,,,,808.978833,165.0933841,25514.9027
2025-02-01,influencer,brand partner/ambassador (+10k),erica krupin/kroopin poopin scoopin,,,,,,,8.694444444,2.666666667,272.3333333
2025-02-01,youtube,demand gen,prospecting,,,,,,,17.4,2,79.98
2025-02-01,influencer,brand partner/ambassador (+10k),mitchell's lawn care llc/mitchell t gordy,,,,,,,0.2,0,0
2025-02-01,partner program,channel (franchises),,,,,,,,12.80952381,10.14285714,1927.875
2025-02-01,influencer,brand partner/ambassador (+10k),darian jarrett/capital city professional,,,,,,,2,0,0
2025-02-01,partner program,integrations,zapier,,,,,,,2.47026862,1.510744811,259.4835165
2025-02-01,influencer,brand partner/ambassador (+10k),walter washington/ww hvac,,,,,,,1.5,0,0
2025-02-01,events,tradeshows,issa,,,,,,,0,0.5,84.5
2025-02-01,influencer,alumni partner,branden sewell/seal pro painting,,,,,,,0,1,169.99
2025-09-01,sem - generic,google,,,,,,,,1461.362426,88.35979202,11282.89328
2025-09-01,programmatic,the trade desk,lal - tv,,,,,,,23.06578295,3.029231693,412.0652871
2025-09-01,influencer,nano brand partner/ambassador (<10k),adrian jones/ landscapians,,,,,,,0.5,0,0
2025-09-01,partner program,channel (referrals),coaches/trainers,,,,,,,1.5,0.333333333,76
2025-09-01,sem - competitors,bing,,,,,,,,36.44125458,8.213141026,1175.280064
2025-09-01,influencer,business brand partner,alex guzman / modern day contractor,,,,,,,2.004926108,0,0
2025-09-01,programmatic,the trade desk,ttd - remarketing,,,,,,,5.77745098,0.351260504,127.4554622
2025-09-01,influencer,brand partner/ambassador (+10k),tom purcell/purcell's pro detail,,,,,,,4,0,0
2025-09-01,influencer,ambassador,nicolas sevrette/montreal sparky,,,,,,,0.5,0,0
2025-09-01,directories,other,paid,,,,,,,1,0,0
2025-09-01,influencer,brand partner/ambassador (+10k),walter washington/ww hvac,,,,,,,0.514084507,0.014084507,1.676056338
2025-09-01,events,tradeshows,arcsi,,,,,,,0.598930481,0,0
2025-09-01,influencer,brand partner/ambassador (+10k),mary-anne bowcott/the lady plumber/westcom plumbing,,,,,,,0.512048193,0,0
2025-09-01,influencer,brand partner/ambassador (+10k),tucker baney/plumb hero,,,,,,,0.5,0,0
2025-09-01,influencer,ambassador,sergio licea/edge cleaning,,,,,,,0.5,0,0
2025-09-01,organic search,ai search,claude,,,,,,,0.416666667,0.333333333,13
2025-09-01,influencer,brand partner/ambassador (+10k),jersey cronin/jersey/window cleaning resource/wcr/wcr nation,,,,,,,0.95,0.2,39.6
2025-09-01,influencer,brand partner/ambassador (+10k),ryan dandrea / roll with it,,,,,,,0.5,0,0
2025-09-01,advertising,pr,general,,,,,,,1,0,0
2025-10-01,sem - generic,google,,,,,,,,1237.911527,104.7144494,13806.2134
2025-10-01,social media,facebook,remarketing,,,,,,,84.47173913,2.333333333,454.6666667
2025-10-01,partner program,channel (all others),,,,,,,,6.166666667,1.5,168.4966667
2025-10-01,influencer,general,,,,,,,,81.28199705,9.361046264,1264.198319
2025-10-01,advertising,radio,general,,,,,,,19,0,0
2025-10-01,experimental,tiktok,organic,,,,,,,1.583333333,0,0
2025-10-01,influencer,brand partner/ambassador (+10k),adrian garcia,,,,,,,0.75,0,0
2025-10-01,partner program,channel (referrals),other,,,,,,,2.5,0.333333333,82.66666667
2025-10-01,influencer,brand partner/ambassador (+10k),jersey cronin/jersey/window cleaning resource/wcr/wcr nation,,,,,,,1.005555556,1.005555556,129.4388889
2025-10-01,influencer,brand partner/ambassador (+10k),tom purcell/purcell's pro detail,,,,,,,3.333333333,0,0
2025-10-01,experimental,facebook,fb lead gen ebook,,,,,,,2,0,0
2025-10-01,partner program,integrations,responsibid,,,,,,,0.125,0.125,32.125
2025-10-01,influencer,brand partner/ambassador (+10k),zech osburn/z's exterior services/biz boosters,,,,,,,3.333333333,1,104
2025-10-01,influencer,brand partner/ambassador (+10k),diamond and drake/drake lawn care,,,,,,,1,0,0
2025-10-01,influencer,brand partner/ambassador (+10k),chase gallagher/cmg landscape/service pro elite,,,,,,,1.833333333,0.333333333,9.666666667
2025-10-01,influencer,brand partner/ambassador (+10k),chant's daily hustle,,,,,,,0.5,0,0
2025-10-01,advertising,online/general,,,,,,,,6,1,119
2025-10-01,influencer,brand partner/ambassador (+10k),jerome moors/shark pressure washing,,,,,,,0.5,0,0
2025-10-01,influencer,business brand partner,influencer - robert eisenstadt / property pros / property pros business coach,,,,,,,1.166666667,0.5,214
2025-10-01,partner program,channel (referrals),coaches/trainers,,,,,,,0.333333333,1.333333333,197.33
2025-10-01,influencer,alumni partner,the epoxy pros/daniel george,,,,,,,1.5,1,448
2025-10-01,influencer,brand partner/ambassador (+10k),huda saleh / spotless auto care,,,,,,,0.5,0,0
2025-10-01,influencer,brand partner/ambassador (+10k),bri and ricky / bricks mobile detailing,,,,,,,0.5,0,0
2025-06-01,app marketing - paid,apple search ads,,,,,,,,3753.543326,188.8974636,11062.36266
2025-04-01,programmatic,mntn,prospecting - audience match,,,,,,,82.5,15,2223.97
2025-04-01,sem - competitors,bing,,,,,,,,50.19191729,11.44191729,1725.491165
2025-06-01,programmatic,the trade desk,lal - tv,,,,,,,67.4764714,6.652228977,1127.960233
2025-06-01,influencer,brand partner/ambassador (+10k),ben millen/benjamin millen/bluladder/ben the window cleaner,,,,,,,2.456060606,0.122727273,19.33181818
2025-06-01,sem - franchise,google,paid,,,,,,,28.25260587,14.49030084,2559.83206
2025-06-01,freemium paid,bing,paid,,,,,,,39.5,5,196.98
2025-04-01,influencer,brand partner/ambassador (+10k),casey evertsen/bin blasters,,,,,,,8.833333333,6.366666667,1167.966667
2025-06-01,social media,,,,,,,,,213,10,924.93
2025-06-01,influencer,brand partner/ambassador (+10k),oscar gil/detail groove,,,,,,,115.6214286,3.588095238,483.8166667
2025-06-01,app marketing - organic,,,,,,,,,1,0,0
2025-06-01,influencer,brand partner/ambassador (+10k),e itzcoatl aguilar / ewokdoeshvac / ewok does hvac,,,,,,,5.166666667,0,0
2025-06-01,influencer,nano brand partner/ambassador (<10k),joe caito/bisonreno,,,,,,,0.021276596,0.021276596,5.914893617
2025-06-01,influencer,brand partner/ambassador (+10k),brandon wagstaff / wagstaff auto detailing,,,,,,,1.833333333,0,0
2025-06-01,influencer,nano brand partner/ambassador (<10k),john macfarland/ macfarland painting,,,,,,,1.5,0.5,331.05
2025-04-01,advertising,pr,newspaper,,,,,,,1,0,0
2025-04-01,youtube,demand gen,remarketing,,,,,,,0.5,1.5,348.5
2025-04-01,influencer,brand partner/ambassador (+10k),kipp bender / rocksteady tile company,,,,,,,0.5,0,0
2025-06-01,influencer,brand partner/ambassador (+10k),tym o'laughlin/tymo/tymo paints,,,,,,,1.5,0.5,19.5
2025-04-01,influencer,brand partner/ambassador (+10k),timmy riggs / streakers window cleaning,,,,,,,0.833333333,0,0
2025-06-01,influencer,brand partner/ambassador (+10k),harry harvey / garage style,,,,,,,0.5,0,0
2025-06-01,influencer,ambassador,paul jamison,,,,,,,0.016949153,0.850282486,33.3700565
2025-06-01,influencer,brand partner/ambassador (+10k),brent strickland / titan garage floors,,,,,,,1,0,0
2025-06-01,influencer,business brand partner,andrew letersky / ultimate landscape academy,,,,,,,1.5,0.5,19.995
2025-04-01,influencer,nano brand partner/ambassador (<10k),martin perdomo/mape electric,,,,,,,0.5,0,0
2025-04-01,influencer,brand partner/ambassador (+10k),josh canales / 949 garage,,,,,,,0.25,0.25,107
2025-04-01,influencer,brand partner/ambassador (+10k),ben thomson / hvac strong,,,,,,,1,0,0
2025-04-01,influencer,alumni partner,mike coffey,,,,,,,0,1,428
2025-07-01,programmatic,mntn,prospecting,,,,,,,1133.977815,172.5635825,22908.66261
2025-07-01,sem - competitors,google,,,,,,,,228.4046268,35.92131342,5592.041187
2025-07-01,influencer,brand partner/ambassador (+10k),antonio pagan – all things fresh detail,,,,,,,5.333333333,0.333333333,13
2025-07-01,influencer,business brand partner,dave moerman/revive washing/home service business coach,,,,,,,1.583333333,1,194.495
2025-07-01,influencer,brand partner/ambassador (+10k),john seaman/jc property professionals/jcp properties/jcp,,,,,,,11.50757576,4.278409091,778.5162879
2025-07-01,influencer,brand partner/ambassador (+10k),ty lopez / pristine electric / tyler lopez,,,,,,,0.75,0,0
2025-07-01,app marketing - experimental,remerge,,,,,,,,0.5,0,0
2025-07-01,influencer,brand partner/ambassador (+10k),tyler jones / puff window cleaning,,,,,,,0.5,0,0
2025-07-01,influencer,alumni partner,gary mccreadie/hvac know it all,,,,,,,1.5,0,0
2025-05-01,sem - branded,bing,,,,,,,,758.238674,282.9221654,33353.65125
2025-05-01,partner program,integrations,zapier,,,,,,,2.392950452,0.873741413,156.2793095
2025-05-01,influencer,brand partner/ambassador (+10k),jersey cronin/jersey/window cleaning resource/wcr/wcr nation,,,,,,,2.819298246,0.785964912,197.6631579
2025-05-01,partner program,channel (all others),,,,,,,,7.569444444,3.125,670.875
2025-05-01,influencer,brand partner/ambassador (+10k),jon dawson / texas luxury cleaning,,,,,,,24.86111111,4.027777778,379.8966667
2025-05-01,influencer,brand partner/ambassador (+10k),darian jarrett/capital city professional,,,,,,,1.5,0,0
2025-05-01,influencer,brand partner/ambassador (+10k),walter washington/ww hvac,,,,,,,13.46111111,2.6,108.875
2025-05-01,influencer,macro brand partner (+1m),jeff thorman/home renovision diy/home renovision,,,,,,,11.67619048,1.976190476,277.6428571
2025-05-01,influencer,brand partner/ambassador (+10k),adrian garcia,,,,,,,1.4,0.066666667,1.933333333
2025-05-01,influencer,brand partner/ambassador (+10k),david reuk / daveystruggle,,,,,,,2.5,0,0
2025-05-01,influencer,brand partner/ambassador (+10k),glen c/glen cuevas/glen c landscaping,,,,,,,0.5,0,0
2025-05-01,influencer,brand partner/ambassador (+10k),keith mcgillivary/mps/mcgillivary's plumbing,,,,,,,0.5,0,0
2025-05-01,organic search,jobber academy,,,,,,,,0.333333333,0.25,9.75
2025-05-01,influencer,brand partner/ambassador (+10k),jerome moors/shark pressure washing,,,,,,,1.25,0,0
2025-05-01,events,tradeshows,tci expo,,,,,,,0.5,0,0
2025-05-01,influencer,brand partner/ambassador (+10k),diamond and drake/drake lawn care,,,,,,,2,0,0
2025-05-01,influencer,nano brand partner/ambassador (<10k),manny mollinedo/construction concrete designs llc,,,,,,,1,0,0
2025-05-01,direct/unknown,organic,ios,,,,,,,2,0,0
2025-05-01,influencer,brand partner/ambassador (+10k),shaun krawec/the bearded sider/upper level home renovations,,,,,,,0.016393443,0.016393443,2.770491803
2025-05-01,influencer,alumni partner,mike garvey/side hustle squad podcast,,,,,,,0.5,0,0
2025-03-01,app marketing - paid,tiktok,,,,,,,,1591.890454,57.30819586,4289.616852
2025-11-01,app marketing - paid,smadex,ios,,,,,,,1227.865663,75.99939281,7355.351094
2025-11-01,freemium paid,bing,paid,,,,,,,652.4310083,13.97406384,1679.746268
2025-03-01,referrals,customer referral program,,,,,,,,501.948107,347.7520211,65701.657
2025-11-01,programmatic,the trade desk,prospecting - audio,,,,,,,139.6849662,19.76691066,2931.565668
2025-11-01,influencer,macro brand partner (+1m),sarah mcallister / gocleanco,,,,,,,11,0.833333333,102.995
2025-03-01,influencer,brand partner/ambassador (+10k),anthony salazar / poop scoops for noobs,,,,,,,8.779166667,1.995833333,267.1708333
2025-11-01,influencer,brand partner/ambassador (+10k),misael avalos / time maid cleaning,,,,,,,0.333333333,0,0
2025-11-01,advertising,radio,general,,,,,,,6,0,0
2025-03-01,partner program,channel (resellers),,,,,,,,3.142857143,1.976190476,487.7619048
2025-11-01,outbound,,,,,,,,,5.004016064,2.087349398,487.0722892
2025-11-01,influencer,brand partner/ambassador (+10k),udetailers/ethan dang /hangar club,,,,,,,5,0,0
2025-03-01,programmatic,the trade desk,lal - audio,,,,,,,0.944444444,0,0
2025-03-01,experimental,podcast ads,,,,,,,,9.083333333,2.666666667,584.6666667
2025-11-01,influencer,ambassador,codie sanchez/contrarian thinking,,,,,,,3,0.5,64.5
2025-11-01,influencer,ambassador,stan genadek/dirt monkey,,,,,,,0.333333333,0,0
2025-11-01,social media,linkedin,,,,,,,,4,0,0
2025-11-01,direct/unknown,online/general,,,,,,,,1,0,0
2025-11-01,youtube,paid,,,,,,,,7,0,0
2025-03-01,influencer,brand partner/ambassador (+10k),tommy hunter/hunter window wash,,,,,,,1,0,0
2025-03-01,influencer,brand partner/ambassador (+10k),cameron vogelsang/tennessee electrician,,,,,,,1,0.25,49.75
2025-11-01,influencer,brand partner/ambassador (+10k),keisha garcia/digital cleaning academy,,,,,,,4.166666667,0.333333333,13
2025-11-01,influencer,brand partner/ambassador (+10k),jamar parker/a1 quality mobile detailing/a1 quality detailing,,,,,,,1.833333333,0,0
2025-03-01,influencer,brand partner/ambassador (+10k),skyler lane / realskylane / junk success,,,,,,,1,0,0
2025-03-01,influencer,ambassador,desmond tse/the siding guy,,,,,,,0.5,0,0
2025-11-01,influencer,brand partner/ambassador (+10k),gabe jose cruz / drace detailing,,,,,,,1.5,0,0
2025-03-01,influencer,brand partner/ambassador (+10k),aron jones/big dog construction,,,,,,,1,0,0
2025-04-01,events,tradeshows,arcsi,,,,,,,1.886338657,1.730494502,345.5407621
2025-06-01,influencer,business brand partner,casper opala / casper captial,,,,,,,2,0,0
2025-04-01,influencer,brand partner/ambassador (+10k),walter washington/ww hvac,,,,,,,1.916666667,0.25,49.75
2025-04-01,programmatic,the trade desk,prospecting - display,,,,,,,1,0,0
2025-06-01,sem - competitors,bing,,,,,,,,38.08603604,3.469369369,576.966527
2025-04-01,influencer,general,,,,,,,,32.35833333,2.691666667,273.6238333
2025-06-01,influencer,brand partner/ambassador (+10k),tom maggs/maggs lawn/maggs lawn and landscape,,,,,,,9.944444444,2.5,287.83
2025-04-01,influencer,brand partner/ambassador (+10k),erica krupin/kroopin poopin scoopin,,,,,,,8.433333333,3.533437283,275.9745322
2025-04-01,influencer,brand partner/ambassador (+10k),bryan vincent / vip maintenance / bryyan vincent,,,,,,,1.333333333,0,0
2025-04-01,influencer,brand partner/ambassador (+10k),jersey cronin/jersey/window cleaning resource/wcr/wcr nation,,,,,,,2.5,1,183.5
2025-06-01,organic search,support documentation,,,,,,,,2.5,0,0
2025-04-01,influencer,brand partner/ambassador (+10k),darian jarrett/capital city professional,,,,,,,0.5,0,0
2025-04-01,influencer,business brand partner,alex guzman / modern day contractor,,,,,,,0.20952381,0.655844156,69.6038961
2025-06-01,app marketing - paid,smadex,,,,,,,,1,0,0
2025-04-01,influencer,brand partner/ambassador (+10k),garrett davis/underwood & davis/gw custom decks,,,,,,,0.833333333,0.333333333,66.33333333
2025-06-01,influencer,nano brand partner/ambassador (<10k),rosie selvaggio/hocus pocus cleaning,,,,,,,0.5,0,0
2025-06-01,influencer,brand partner/ambassador (+10k),nick sanborn / sanborn construction,,,,,,,0.5,0,0
2025-06-01,influencer,brand partner/ambassador (+10k),austin mccallister / noschooljusttools / boyd landscaping,,,,,,,2.333333333,0,0
2025-04-01,organic search,ai search,claude,,,,,,,0.5,0,0
2025-04-01,influencer,brand partner/ambassador (+10k),keith mcgillivary/mps/mcgillivary's plumbing,,,,,,,1,0.5,64.5
2025-06-01,influencer,nano brand partner/ambassador (<10k),luis lucena/lucena painting,,,,,,,0.5,0,0
2025-06-01,directories,capterra,,,,,,,,4,0,0
2025-04-01,influencer,brand partner/ambassador (+10k),robbie lynn/premier lawns,,,,,,,0.5,0,0
2025-04-01,influencer,brand partner/ambassador (+10k),kenny molotov / plumbing with kenny molotov,,,,,,,0.5,0,0
2025-06-01,partner program,channel (franchises),pink's window service,,,,,,,1,0,0
2025-04-01,partner program,integrations,fleetsharp,,,,,,,0.5,0.333333333,116.3333333
2025-04-01,influencer,ambassador,martin hodder/hodder landscaping,,,,,,,0.333333333,0,0
2025-05-01,organic search,,,,,,,,,7426.44871,1342.854456,222515.8648
2025-05-01,social media,facebook,paid,,,,,,,914.4798368,9.833333333,1014.58
2025-05-01,freemium paid,bing,paid,,,,,,,656.235014,17.5504902,1893.651471
2025-05-01,affiliate program,partnerstack,,,,,,,,117.7028888,18.90328033,2560.97027
2025-05-01,app marketing - paid,,,,,,,,,31,1,39.99
2025-05-01,influencer,brand partner/ambassador (+10k),randy roblero/detailing beyond limits/beyond limits of palm beach,,,,,,,5.916666667,1,39.99
2025-05-01,app marketing - experimental,jampp,,,,,,,,208.0333333,6.5,339.44
2025-05-01,directories,getapp,paid,,,,,,,58.49875887,5.007092199,697.4651773
2025-05-01,influencer,brand partner/ambassador (+10k),louis mouchet,,,,,,,5.676400918,3.632575758,450.3181818
2025-05-01,influencer,brand partner/ambassador (+10k),josh canales / 949 garage,,,,,,,2.166666667,0,0
2025-05-01,influencer,brand partner/ambassador (+10k),tyler link/contractor ceo/concrete launch secrets,,,,,,,2.333333333,1,64
2025-05-01,partner program,industry associations,,,,,,,,1.5,0,0
2025-05-01,influencer,brand partner/ambassador (+10k),j&d lake services/jd lake services/joe weinberger/declan pivnicka,,,,,,,0.5,0,0
2025-07-01,direct/unknown,,,,,,,,,1017,14,1882.98
2025-07-01,influencer,general,,,,,,,,91.28358395,12.00176577,1584.703707
2025-07-01,influencer,brand partner/ambassador (+10k),diamond and drake/drake lawn care,,,,,,,2,0,0
2025-07-01,influencer,brand partner/ambassador (+10k),erica krupin/kroopin poopin scoopin,,,,,,,4.566666667,1.45,86.55
2025-07-01,programmatic,the trade desk,prospecting - display,,,,,,,92.72919723,8.647507935,1728.279639
2025-07-01,influencer,brand partner/ambassador (+10k),zech osburn/z's exterior services/biz boosters,,,,,,,15.09090909,3.5,751.99
2025-07-01,influencer,brand partner/ambassador (+10k),jersey cronin/jersey/window cleaning resource/wcr/wcr nation,,,,,,,0.833333333,1,59
2025-07-01,partner program,channel (referrals),bookeepers/consultants/agencies,,,,,,,3.293478261,2.583333333,454.5833333
2025-07-01,influencer,brand partner/ambassador (+10k),joseph rivera/washpreneurs/wedoit4you,,,,,,,2,1,39
2025-07-01,influencer,brand partner/ambassador (+10k),casey evertsen/bin blasters,,,,,,,3.285714286,1.619047619,188.8095238
2025-07-01,influencer,brand partner/ambassador (+10k),bryan vincent / vip maintenance / bryyan vincent,,,,,,,3.333333333,0,0
2025-07-01,directories,mvf,paid,,,,,,,0.75,0.25,87.25
2025-07-01,influencer,brand partner/ambassador (+10k),adam nasser / wolf of hvac,,,,,,,0.5,0,0
2025-07-01,influencer,brand partner/ambassador (+10k),tucker baney/plumb hero,,,,,,,1,0,0
2025-07-01,influencer,brand partner/ambassador (+10k),perry robinson/powerwashingproga,,,,,,,0.5,0,0
2025-07-01,influencer,brand partner/ambassador (+10k),robbie lynn/premier lawns,,,,,,,0.5,1,288
2025-03-01,app marketing - paid,google uac,,,,,,,,6073.718693,91.12500623,6646.981036
2025-03-01,app marketing - organic,organic,ios,,,,,,,5201,164,11159.385
2025-03-01,directories,capterra,paid,,,,,,,275.0782161,18.37638889,2557.603611
2025-11-01,organic search,ai search,perplexity,,,,,,,10.3,0,0
2025-11-01,influencer,brand partner/ambassador (+10k),adam chapman/pad pal,,,,,,,4.833333333,2.166666667,117.1566667
2025-11-01,influencer,brand partner/ambassador (+10k),austin gray - ownr ops / ownr ops skool community / bear claw land services,,,,,,,6.892857143,2.55952381,448.8878571
2025-11-01,influencer,brand partner/ambassador (+10k),jacob palmer / palmer electrical,,,,,,,7.507692308,0.833333333,80.83333333
2025-03-01,partner program,integrations,zapier,,,,,,,4.257933295,2.687045849,498.0601675
2025-11-01,influencer,alumni partner,chanique stewart/chanique cleaning services/cleaning boss accelerator,,,,,,,1,0,0
2025-11-01,youtube,demand gen,remarketing,,,,,,,7.983333333,0.071428571,12.07142857
2025-03-01,partner program,channel (all others),,,,,,,,11.85,5.5,810.3333333
2025-11-01,influencer,business brand partner,anatoly nazarov / digamark llc / average bro aesthetic,,,,,,,3,0.381613023,45.40251572
2025-11-01,events,virtual,jobber blueprint,,,,,,,1.880706363,0.264739976,80.0597603
2025-11-01,influencer,brand partner/ambassador (+10k),tire doctor / trevor macinnis,,,,,,,0.5,0,0
2025-03-01,influencer,business brand partner,kevin cook / accelerate nation,,,,,,,2.25,0.25,42.25
2025-11-01,influencer,brand partner/ambassador (+10k),anthony salazar / poop scoops for noobs,,,,,,,1,0.5,19.5
2025-11-01,influencer,brand partner/ambassador (+10k),tommy hunter/hunter window wash,,,,,,,2.5,0,0
2025-03-01,influencer,brand partner/ambassador (+10k),trey bohannan/trey bodirt,,,,,,,1,0,0
2025-03-01,influencer,brand partner/ambassador (+10k),jeremy talboy / georgian landscape design - north georgia landscape management,,,,,,,1,0,0
2025-11-01,influencer,general,debbie sardone,,,,,,,0.333333333,0,0
2025-11-01,events,tradeshows,service software summit,,,,,,,0.004424779,0.004424779,1.230088496
2025-11-01,influencer,brand partner/ambassador (+10k),tyler link/contractor ceo/concrete launch secrets,,,,,,,0.5,0,0
2025-11-01,influencer,brand partner/ambassador (+10k),kristina kuddar / kuddar paintz,,,,,,,0.5,0,0
2025-11-01,partner program,integrations,nicejob,,,,,,,1.035714286,0.038992974,7.398946136
2025-11-01,sem - generic,google,paid,,,,,,,0,1,89
2025-03-01,influencer,alumni partner,terence chan/impetus plumbing,,,,,,,0,0.5,99.5
2025-03-01,partner program,channel (franchises),pink's window service,,,,,,,0,1,220
2025-08-01,organic search,ai search,chatgpt,,,,,,,167.9241271,107.3357139,23633.54608
2025-08-01,social media,linkedin,organic,,,,,,,5.498275065,1.972863009,492.5762929
2025-08-01,programmatic,the trade desk,prospecting - display,,,,,,,146.2756377,17.24598172,1922.121571
2025-08-01,influencer,nano brand partner/ambassador (<10k),amy khan/ maid4you,,,,,,,0.058823529,0,0
2025-08-01,app marketing - paid,smadex,,,,,,,,17.14285714,1.142857143,78.13285714
2025-08-01,directories,mvf,paid,,,,,,,1.088235294,0,0
2025-08-01,influencer,brand partner/ambassador (+10k),bryan vincent / vip maintenance / bryyan vincent,,,,,,,3,0,0
2025-08-01,partner program,channel (referrals),bookeepers/consultants/agencies,,,,,,,2.583333333,0.376811594,90.34782609
2025-08-01,influencer,brand partner/ambassador (+10k),roy thomas/pro era plumbing,,,,,,,5.5,0,0
2025-08-01,influencer,brand partner/ambassador (+10k),matthew hawk/matthew's mowing & lawn maintenance,,,,,,,1,0,0
2025-08-01,influencer,ambassador,nick huber/sweaty startup,,,,,,,0.7,0,0
2025-08-01,influencer,alumni partner,ryan daniels/rhi pressure washing and landscaping,,,,,,,0.333333333,0,0
2025-08-01,influencer,brand partner/ambassador (+10k),jesse uranga/solar express cleaning,,,,,,,0.5,0,0
2025-03-01,organic search,reddit,,,,,,,,1.333333333,0,0
2025-11-01,influencer,brand partner/ambassador (+10k),dominic kingery / domd2d,,,,,,,0.333333333,0,0
2025-11-01,affiliate program,,,,,,,,,1,0,0
2025-11-01,influencer,brand partner/ambassador (+10k),ty lopez / pristine electric / tyler lopez,,,,,,,1.5,0,0
2025-03-01,directories,g2,paid,,,,,,,5.5,0,0
2025-11-01,directories,other,,,,,,,,3.75,0.5,19.5
2025-11-01,influencer,brand partner/ambassador (+10k),jason promes/promes construction,,,,,,,0.5,0,0
2025-11-01,influencer,brand partner/ambassador (+10k),nick gentile / spartan hero electric,,,,,,,0.5,0,0
2025-11-01,influencer,brand partner/ambassador (+10k),influencer - grant mcmullen / mcmullen master services,,,,,,,0.5,0,0
2025-11-01,influencer,brand partner/ambassador (+10k),kurt lambert / kurt’s pressure washing,,,,,,,0.75,0.25,49.5
2025-11-01,influencer,brand partner/ambassador (+10k),tom maggs/maggs lawn/maggs lawn and landscape,,,,,,,3.988095238,1.404761905,107.7857143
2025-11-01,influencer,brand partner/ambassador (+10k),joshua parker/ishine valeting & detailing,,,,,,,1,0,0
2025-11-01,influencer,alumni partner,jason cleans/jason shipway,,,,,,,1,0,0
2025-11-01,influencer,alumni partner,nick glassett/let's get lit,,,,,,,0.350574713,0.017241379,0.672413793
2025-11-01,influencer,brand partner/ambassador (+10k),nathan mitchell / blue lake cleaning / off duty entrepreneur,,,,,,,0.5,0,0
2025-03-01,influencer,ambassador,steve-o/steven richardson,,,,,,,0.5,0,0
2025-08-01,freemium paid,bing,paid,,,,,,,674.5928571,10.57142857,626.6604762
2025-08-01,influencer,brand partner/ambassador (+10k),udetailers/ethan dang /hangar club,,,,,,,19.66666667,0,0
2025-08-01,social media,linkedin,,,,,,,,1,0,0
2025-08-01,influencer,brand partner/ambassador (+10k),austin gray - ownr ops / ownr ops skool community / bear claw land services,,,,,,,3.599908425,2.433241758,230.506044
2025-08-01,influencer,business brand partner,logan sendle/blue collar business accelerator/bcba,,,,,,,1.356060606,1.522727273,290.6086364
2025-08-01,partner program,integrations,nicejob,,,,,,,0.816594828,0.816594828,102.0743534
2025-08-01,partner program,channel (referrals),other,,,,,,,0.916666667,0,0
2025-08-01,influencer,brand partner/ambassador (+10k),cornell mack/mack landscaping & lawn care,,,,,,,1.25,0,0
2025-08-01,experimental,facebook,fb lead gen ebook,,,,,,,2,0,0
2025-08-01,influencer,alumni partner,the epoxy pros/daniel george,,,,,,,1,0,0
2025-08-01,influencer,brand partner/ambassador (+10k),jamar parker/a1 quality mobile detailing/a1 quality detailing,,,,,,,1,0,0
2025-08-01,influencer,brand partner/ambassador (+10k),harry burgos / cnb renovations,,,,,,,0.5,0,0
2025-08-01,experimental,tiktok,organic,,,,,,,4,0.333333333,13
2025-08-01,advertising,radio,general,,,,,,,9,0,0
2025-08-01,direct/unknown,general,,,,,,,,0.5,0,0
2025-08-01,directories,getapp,paid,,,,,,,1,2.5,497.5
2025-08-01,influencer,ambassador,stan genadek/dirt monkey,,,,,,,0.5,0,0
2025-08-01,influencer,ambassador,david d'eramo / tiller trade co,,,,,,,0,0.5,14.5
2025-02-01,influencer,brand partner/ambassador (+10k),hunter patrick/dumpire junk removal,,,,,,,4.5,0,0
2025-02-01,affiliate program,partnerstack,,,,,,,,95.64857052,22.29564077,2677.83277
2025-02-01,social media,instagram,organic,,,,,,,10.08333333,1,208
2025-02-01,programmatic,the trade desk,prospecting - tv,,,,,,,89.68911298,6.468478058,797.6610504
2025-02-01,influencer,brand partner/ambassador (+10k),ray duke/bulletproof handyman,,,,,,,39.76931075,18.79550123,1561.151938
2025-02-01,app marketing - paid,,,,,,,,,29,1,39.99
2025-02-01,app marketing - experimental,jampp,,,,,,,,63.2,8.2,808.75
2025-02-01,influencer,brand partner/ambassador (+10k),ryaan tuttle/best handyman boston/rjt,,,,,,,4.642857143,0.5,99.5
2025-02-01,experimental,facebook - lead gen,paid - evergreen webinar,,,,,,,0.555555556,0,0
2025-02-01,partner program,integrations,google lsa,,,,,,,2,0,0
2025-02-01,partner program,integrations,gusto,,,,,,,1,0,0
2025-02-01,partner program,integrations,thumbtack,,,,,,,2.333333333,1,39
2025-02-01,events,tradeshows,landscape ontario,,,,,,,0.5,0,0
2025-02-01,partner program,industry associations,,,,,,,,0,0.5,194
2025-01-01,directories,capterra,paid,,,,,,,363.7972222,13.06944444,1530.1125
2025-01-01,youtube,trueview,prospecting,,,,,,,144.5836996,7.866666667,821.6546667
2025-01-01,influencer,brand partner/ambassador (+10k),ryaan tuttle/best handyman boston/rjt,,,,,,,3.033333333,0,0
2025-01-01,partner program,integrations,intuit,,,,,,,57.31349206,1.396825397,324.4761905
2025-01-01,partner program,industry associations,,,,,,,,0.515384615,0.515384615,24.06384615
2025-01-01,influencer,business brand partner,dave moerman/revive washing/home service business coach,,,,,,,4.370039683,1.036706349,194.2103175
2025-01-01,youtube,paid,,,,,,,,8,0,0
2025-01-01,influencer,brand partner/ambassador (+10k),xochitl and paul klepper/xochitl makes it neat/just a cleaning lady,,,,,,,2.916666667,0.25,9.75
2025-01-01,influencer,ambassador,lexi abreu/lex the electrician,,,,,,,2,1,34
2025-01-01,youtube,demand gen,prospecting,,,,,,,2,1,199
2025-01-01,partner program,channel (referrals),industry associations,,,,,,,1.015384615,0.515384615,24.06384615
2025-01-01,partner program,integrations,gusto,,,,,,,0.833333333,0.5,64.5
2025-01-01,partner program,channel (franchises),viewcrew,,,,,,,1,0,0
2025-01-01,direct/unknown,online/general,,,,,,,,1,0,0
2025-01-01,partner program,integrations,responsibid,,,,,,,0.166666667,0.166666667,19.83333333
2025-10-01,app marketing - paid,tiktok,,,,,,,,5774.965359,94.26929642,7165.217684
2025-10-01,sem - branded,bing,,,,,,,,435.2029839,160.5184978,21644.99125
2025-10-01,freemium paid,google,paid,,,,,,,158.5,24.5,1474.41
2025-10-01,referrals,customer referral program,,,,,,,,232.5779302,133.3426813,22819.21003
2025-10-01,social media,linkedin,organic,,,,,,,54.65109582,0.828878765,277.0352376
2025-10-01,youtube,demand gen,remarketing,,,,,,,8.288095238,1.183333333,156.65
2025-10-01,directories,software advice,,,,,,,,0.5,0,0
2025-10-01,directories,software advice,ppl,,,,,,,1.754291845,0.004291845,0.854077253
2025-10-01,directories,other,,,,,,,,17.34188034,1.508547009,460.6146581
2025-10-01,influencer,macro brand partner (+1m),jeff thorman/home renovision diy/home renovision,,,,,,,13.66666667,0,0
2025-10-01,influencer,brand partner/ambassador (+10k),daniel stewart/liquid green hydroseeding,,,,,,,5.333333333,0,0
2025-10-01,influencer,brand partner/ambassador (+10k),alex ivey / hvac tips / ivey's air condition and refrigeration,,,,,,,0.5,0,0
2025-10-01,influencer,brand partner/ambassador (+10k),leger landscapes/fil,,,,,,,0.611111111,0,0
2025-10-01,youtube,trueview,remarketing,,,,,,,0.528019744,0.051829268,2.021341463
2025-10-01,influencer,"influencer (+10k, not sp)",kory ballard/ballard inc,,,,,,,0.666666667,0,0
2025-10-01,influencer,business brand partner,andrew letersky / ultimate landscape academy,,,,,,,0.2,0.2,49.6
2025-10-01,influencer,brand partner/ambassador (+10k),james moreno/top class detail,,,,,,,1.333333333,0,0
2025-10-01,influencer,brand partner/ambassador (+10k),josh canales / 949 garage,,,,,,,0.571428571,0.071428571,2.785714286
2025-10-01,sem - franchise,bing,paid,,,,,,,0.1,0,0
2025-07-01,partner program,integrations,nicejob,,,,,,,0.422478992,0.422478992,52.80987395
2025-07-01,freemium paid,bing,paid,,,,,,,687.376176,12.12558072,905.9143612
2025-07-01,directories,getapp,paid,,,,,,,16.1,1.433333333,477.23
2025-07-01,influencer,alumni partner,the epoxy pros/daniel george,,,,,,,1.5,0,0
2025-07-01,influencer,brand partner/ambassador (+10k),huda saleh / spotless auto care,,,,,,,8.765384615,0,0
2025-07-01,outbound,,,,,,,,,3.666666667,0.333333333,116.3333333
2025-07-01,influencer,brand partner/ambassador (+10k),harry burgos / cnb renovations,,,,,,,0.5,0,0
2025-07-01,partner program,channel (referrals),other,,,,,,,0.583333333,0,0
2025-07-01,influencer,brand partner/ambassador (+10k),ji mobile mechanics/jacob ireland,,,,,,,4,0,0
2025-07-01,experimental,tiktok,organic,,,,,,,8.416666667,0,0
2025-07-01,influencer,ambassador,jumper guy/raul hernandez,,,,,,,2,1,79
2025-07-01,direct/unknown,online/general,,,,,,,,1,0,0
2025-07-01,influencer,brand partner/ambassador (+10k),tyler link/contractor ceo/concrete launch secrets,,,,,,,1.166666667,0.020833333,9.333333333
2025-07-01,partner program,integrations,responsibid,,,,,,,0.5,0.5,188.5
2025-07-01,influencer,ambassador,stan genadek/dirt monkey,,,,,,,0.5,0.25,7.25
2025-07-01,experimental,facebook,fb lead gen ebook,,,,,,,1,0,0
2025-07-01,influencer,brand partner/ambassador (+10k),chant's daily hustle,,,,,,,0,1,94
2025-11-01,social media,facebook,organic,,,,,,,274.3690476,16.5,1474.46
2025-03-01,sem - generic,bing,,,,,,,,572.799118,47.77529282,5892.685676
2025-11-01,direct/unknown,,,,,,,,,828,26,4830.99
2025-03-01,affiliate program,partnerstack,,,,,,,,108.46157,26.31149054,3727.244012
2025-03-01,social media,linkedin,organic,,,,,,,7.132365829,4.955846373,2377.50873
2025-11-01,sem - generic,google,,,,,,,,1136.539498,86.66386262,13213.87269
2025-11-01,programmatic,mntn,,,,,,,,434.091634,106.586709,17282.58593
2025-03-01,app marketing - experimental,jampp,,,,,,,,162.0833333,6.5,413.45
2025-11-01,social media,,,,,,,,,178,11,1700.94
2025-03-01,social media,instagram,organic,,,,,,,32.58333333,5.5,726.48
2025-03-01,programmatic,the trade desk,prospecting - tv,,,,,,,124.1084161,11.60246371,1775.866435
2025-11-01,influencer,general,,,,,,,,97.76205357,13.7476887,1717.932251
2025-11-01,partner program,channel (franchises),,,,,,,,17.46176471,6.711764706,1782.6
2025-03-01,influencer,brand partner/ambassador (+10k),roy thomas/pro era plumbing,,,,,,,5.571428571,1.071428571,201.7857143
2025-11-01,influencer,brand partner/ambassador (+10k),walter washington/ww hvac,,,,,,,3,1.5,84.49
2025-03-01,events,paid social events,,,,,,,,6.153100775,1.5,188.5
2025-11-01,influencer,brand partner/ambassador (+10k),jon dawson / texas luxury cleaning,,,,,,,4,1,278
2025-11-01,influencer,business brand partner,aaron wilton-jones / autoclean academy,,,,,,,3,0,0
2025-05-01,influencer,ambassador,,,,,,,,29.83333333,0,0
2025-05-01,social media,linkedin,organic,,,,,,,5.480635781,0.431841623,231.8190657
2025-05-01,influencer,brand partner/ambassador (+10k),ricardo diaz/legacy junk removal,,,,,,,2,0.5,19.995
2025-05-01,influencer,brand partner/ambassador (+10k),e itzcoatl aguilar / ewokdoeshvac / ewok does hvac,,,,,,,11.5,0,0
2025-05-01,influencer,brand partner/ambassador (+10k),david rus / daves auto detail,,,,,,,0.5,0,0
2025-05-01,direct/unknown,organic,,,,,,,,13,0,0
2025-05-01,freemium paid,facebook,,,,,,,,1,0,0
2025-05-01,influencer,ambassador,paul jamison,,,,,,,4.833333333,0,0
2025-05-01,influencer,brand partner/ambassador (+10k),aron jones/big dog construction,,,,,,,1,0,0
2025-05-01,influencer,brand partner/ambassador (+10k),kurt lambert / kurt’s pressure washing,,,,,,,0.7,0.7,107.3
2025-05-01,direct/unknown,organic,android,,,,,,,1,0,0
2025-05-01,influencer,brand partner/ambassador (+10k),kipp bender / rocksteady tile company,,,,,,,1.833333333,0,0
2025-05-01,influencer,ambassador,g&m outdoor services llc / garrett williams,,,,,,,0.333333333,0.333333333,56.33333333
2025-05-01,youtube,trueview,remarketing,,,,,,,0.074074074,0,0
2025-05-01,influencer,nano brand partner/ambassador (<10k),matt gosse / shingletown roofing,,,,,,,0.5,0,0
2025-04-01,influencer,brand partner/ambassador (+10k),danny rio / nostain detailing,,,,,,,0.333333333,0,0
2025-05-01,direct/unknown,online/general,,,,,,,,77,0,0
2025-05-01,influencer,brand partner/ambassador (+10k),ray duke/bulletproof handyman,,,,,,,50.5078157,26.13865861,2300.852631
2025-05-01,influencer,brand partner/ambassador (+10k),hunter patrick/dumpire junk removal,,,,,,,43.25,2,78
2025-05-01,influencer,brand partner/ambassador (+10k),adam chapman/pad pal,,,,,,,0.833333333,1.416666667,133.9166667
2025-05-01,experimental,facebook - lead gen,paid - evergreen webinar,,,,,,,3.687062937,0,0
2025-05-01,influencer,brand partner/ambassador (+10k),daryl baker / the finisher / daryl the finisher,,,,,,,0.5,0.5,14.5
2025-05-01,influencer,brand partner/ambassador (+10k),ji mobile mechanics/jacob ireland,,,,,,,2.5,0,0
2025-05-01,directories,software advice,,,,,,,,1.090425532,0.923758865,219.0585106
2025-05-01,influencer,brand partner/ambassador (+10k),gage khayat/sudzworks detailing,,,,,,,0.5,0,0
2025-05-01,influencer,brand partner/ambassador (+10k),blake albertson/b&b lawn care/bblawncarekc,,,,,,,1.166666667,0.166666667,19.83333333
2025-05-01,partner program,integrations,google lsa,,,,,,,1.083333333,0,0
2025-05-01,partner program,integrations,thumbtack,,,,,,,1.125,0,0
2025-05-01,influencer,brand partner/ambassador (+10k),brandon wagstaff / wagstaff auto detailing,,,,,,,0.75,0,0
2025-05-01,influencer,nano brand partner/ambassador (<10k),finn varette / varchuk/ howtohomeservice,,,,,,,1.5,0,0
2025-05-01,influencer,brand partner/ambassador (+10k),ryaan tuttle/best handyman boston/rjt,,,,,,,2.416666667,0.333333333,66.33333333
2025-05-01,partner program,integrations,gusto,,,,,,,1,0,0
2025-05-01,influencer,brand partner/ambassador (+10k),huda saleh / spotless auto care,,,,,,,1,0,0
2025-05-01,influencer,business brand partner,kevin cook / accelerate nation,,,,,,,0,0.5,19.5
2025-10-01,programmatic,the trade desk,prospecting - display,,,,,,,296.6481865,28.66731096,3776.273724
2025-10-01,direct/unknown,,,,,,,,,1008,19,2516
2025-10-01,organic search,ai search,chatgpt,,,,,,,138.9573869,84.05176538,20927.47766
2025-10-01,programmatic,mntn,,,,,,,,495.5565209,116.388066,17525.68649
2025-10-01,programmatic,the trade desk,ttd - remarketing,,,,,,,46.30763145,8.840611546,1601.083779
2025-10-01,influencer,brand partner/ambassador (+10k),casey evertsen/bin blasters,,,,,,,6.424242424,0.090909091,25.27272727
2025-10-01,partner program,integrations,,,,,,,,4.867361594,3.047298829,358.4325841
2025-10-01,organic search,ai search,claude,,,,,,,0.266666667,0,0
2025-10-01,influencer,brand partner/ambassador (+10k),austin rathburn / rathburn contracting,,,,,,,0.5,0,0
2025-10-01,influencer,brand partner/ambassador (+10k),tucker baney/plumb hero,,,,,,,0.5,0,0
2025-10-01,influencer,brand partner/ambassador (+10k),robbie lynn/premier lawns,,,,,,,0.5,0,0
2025-10-01,influencer,nano brand partner/ambassador (<10k),ryan lermitte/umbrella property services/umbrellaservices_yvr,,,,,,,0.5,0,0
2025-10-01,influencer,brand partner/ambassador (+10k),layla brady/layla brady painting,,,,,,,0.5,0,0
2025-10-01,direct/unknown,organic,ios,,,,,,,1,0,0
2025-07-01,organic search,ai search,chatgpt,,,,,,,226.401244,118.4968013,25754.81161
2025-07-01,affiliate program,commission junction,,,,,,,,69.90773255,13.77747614,1617.166225
2025-07-01,programmatic,mntn,,,,,,,,698.8027006,171.9975293,27311.55163
2025-07-01,app marketing - organic,organic,android,,,,,,,1564,29,2101.64
2025-07-01,programmatic,mntn,prospecting - audience match,,,,,,,105.8333333,13,2432.6
2025-07-01,direct/unknown,direct,,,,,,,,305,15,1312.98
2025-07-01,influencer,brand partner/ambassador (+10k),darian jarrett/capital city professional,,,,,,,1.833333333,0,0
2025-07-01,influencer,brand partner/ambassador (+10k),roy thomas/pro era plumbing,,,,,,,4.5,0.5,84.5
2025-07-01,influencer,brand partner/ambassador (+10k),walter washington/ww hvac,,,,,,,1.2,1.7,114.3
2025-07-01,events,virtual,jobber grants,,,,,,,0.5,0,0
2025-07-01,partner program,integrations,square/block,,,,,,,0.5,0,0
2025-07-01,advertising,,,,,,,,,1,0,0
2025-07-01,influencer,brand partner/ambassador (+10k),raphael simon / simon electric,,,,,,,1,0,0
2025-07-01,influencer,alumni partner,branden sewell/seal pro painting,,,,,,,0.5,0.5,19.5
2025-07-01,influencer,brand partner/ambassador (+10k),dennis costa/avas automation/avas concepts,,,,,,,1,0,0
2025-07-01,influencer,business brand partner,phil risher / plash consulting,,,,,,,0.5,0,0
2025-07-01,influencer,business brand partner,eduardo barboza / nmc development llc / wealth in construction,,,,,,,0,0.5,299.5
2025-03-01,freemium paid,google,paid,,,,,,,3853.245602,74.16238991,5642.372014
2025-03-01,app marketing - paid,apple search ads,,,,,,,,4042.600719,156.7896077,11850.87853
2025-11-01,app marketing - paid,tiktok,,,,,,,,5000.8619,76.10114943,6084.19592
2025-11-01,freemium paid,google,paid,,,,,,,294,14.5,1891.25
2025-03-01,sem - franchise,google,paid,,,,,,,36.71336554,21.73924673,4537.162146
2025-11-01,freemium organic,,,,,,,,,133.5,6,365.98
2025-03-01,influencer,brand partner/ambassador (+10k),warren chappell / boss plumbing and heating,,,,,,,0.5,0,0
2025-11-01,word of mouth,organic wom referrals,general,,,,,,,109,19,2199
2025-03-01,partner program,channel (franchises),,,,,,,,11.35714286,10.44047619,2704.517857
2025-03-01,social media,,,,,,,,,123,8,515.96
2025-11-01,sem - franchise,bing,paid,,,,,,,3.45,0.95,287.1
2025-03-01,influencer,brand partner/ambassador (+10k),jeff guldalian/ the 360 electrician,,,,,,,11.30952381,2.392857143,369.8180952
2025-03-01,influencer,brand partner/ambassador (+10k),ben millen/benjamin millen/bluladder/ben the window cleaner,,,,,,,2.666666667,0.5,19.5
2025-03-01,influencer,brand partner/ambassador (+10k),mary-anne bowcott/the lady plumber/westcom plumbing,,,,,,,0.523255814,0,0
2025-03-01,sem - competitors,bing,,,,,,,,36.08864943,4.288649425,430.0719828
2025-11-01,directories,software advice,ppl,,,,,,,3.50390625,5.00390625,1053.085938
2025-03-01,influencer,brand partner/ambassador (+10k),tom maggs/maggs lawn/maggs lawn and landscape,,,,,,,10.57122132,4.404554656,413.0535668
2025-03-01,organic search,support documentation,,,,,,,,2,0,0
2025-03-01,events,tradeshows,arcsi,,,,,,,1.329166667,1.1625,263.8125
2025-03-01,influencer,business brand partner,alex guzman / modern day contractor,,,,,,,4.137987013,3,663.5
2025-03-01,influencer,"influencer (+10k, not sp)",sam irwin / go build stuff,,,,,,,0.5,0,0
2025-11-01,influencer,brand partner/ambassador (+10k),keith kalfas,,,,,,,30.9452381,13.1452381,2083.533095
2025-03-01,partner program,channel (referrals),savvy jobz,,,,,,,0.128571429,0.128571429,37.24285714
2025-11-01,social media,instagram,paid,,,,,,,6,1,198
2025-11-01,influencer,brand partner/ambassador (+10k),james moreno/top class detail,,,,,,,1.5,0.5,114
2025-03-01,influencer,business brand partner,aaron wilton-jones / autoclean academy,,,,,,,0.5,0,0
2025-11-01,influencer,brand partner/ambassador (+10k),alex ivey / hvac tips / ivey's air condition and refrigeration,,,,,,,1,0,0
2025-11-01,partner program,channel (resellers),verizon,,,,,,,2,3,248
2025-03-01,partner program,integrations,fleetsharp,,,,,,,0.833333333,0,0
2025-11-01,influencer,"influencer (+10k, not sp)",kory ballard/ballard inc,,,,,,,1.2,0.2,51.4
2025-03-01,influencer,alumni partner,tom lawson/straight up stairs,,,,,,,0.5,0.5,84.5
2025-11-01,influencer,ambassador,lexi abreu/lex the electrician,,,,,,,0.5,0,0
2025-11-01,influencer,ambassador,devon le'mons / pow pow pressure washing,,,,,,,0.5,0,0
2025-11-01,influencer,brand partner/ambassador (+10k),leger landscapes/fil,,,,,,,0,0.111111111,4.333333333
2025-08-01,influencer,brand partner/ambassador (+10k),chase gallagher/cmg landscape/service pro elite,,,,,,,5.333333333,1.833333333,343.1616667
2025-08-01,social media,facebook,remarketing,,,,,,,73.80952381,3.931818182,542.3409091
2025-08-01,influencer,brand partner/ambassador (+10k),zech osburn/z's exterior services/biz boosters,,,,,,,9.340909091,2.840909091,499.2954545
2025-08-01,influencer,ambassador,michaels paving/michael stanley,,,,,,,3.5,0,0
2025-08-01,freemium paid,bing,paid,,,,,,,40,6,475.97
2025-08-01,influencer,brand partner/ambassador (+10k),misael avalos / time maid cleaning,,,,,,,0.2,0,0
2025-08-01,influencer,brand partner/ambassador (+10k),jacqueline and tanner hurst/jt junk solutions,,,,,,,34.15,3.916666667,514.9016667
2025-08-01,partner program,integrations,,,,,,,,6.547415812,2.048003126,212.317594
2025-08-01,influencer,brand partner/ambassador (+10k),corey powell/powell's lawn care,,,,,,,0.5,0,0
2025-08-01,influencer,brand partner/ambassador (+10k),raylyn dunlap/dunlap cleaning services/the real hustle network,,,,,,,0.333333333,0,0
2025-08-01,influencer,brand partner/ambassador (+10k),austin carter / go to cleaning services,,,,,,,0.5,0,0
2025-08-01,organic search,jobber academy,,,,,,,,1,0,0
2025-08-01,influencer,nano brand partner/ambassador (<10k),rosie selvaggio/hocus pocus cleaning,,,,,,,0.333333333,0,0
2025-08-01,influencer,brand partner/ambassador (+10k),diamond and drake/drake lawn care,,,,,,,0.5,0,0
2025-08-01,influencer,nano brand partner/ambassador (<10k),giovanni imbrogno/novapave,,,,,,,0.5,0,0
2025-08-01,influencer,brand partner/ambassador (+10k),amir henry/xavier hvac,,,,,,,0.5,0,0
2025-08-01,influencer,brand partner/ambassador (+10k),heric melo/hevi tile,,,,,,,0,0.5,14.5
2025-11-01,influencer,brand partner/ambassador (+10k),chant's daily hustle,,,,,,,1.5,0.5,299.5
2025-03-01,influencer,brand partner/ambassador (+10k),tym o'laughlin/tymo/tymo paints,,,,,,,3,0,0
2025-11-01,influencer,brand partner/ambassador (+10k),erica krupin/kroopin poopin scoopin,,,,,,,3.290909091,3.790909091,699.7313636
2025-03-01,influencer,brand partner/ambassador (+10k),robbie lynn/premier lawns,,,,,,,0.5,0,0
2025-03-01,experimental,facebook - lead gen,paid - evergreen webinar,,,,,,,0.11627907,0,0
2025-11-01,influencer,brand partner/ambassador (+10k),roberto de leon/pinewood landscape,,,,,,,2,0,0
2025-11-01,influencer,brand partner/ambassador (+10k),ceonn williams / c and c details,,,,,,,1.166666667,0,0
2025-03-01,influencer,brand partner/ambassador (+10k),connor maendel / maendel construction llc,,,,,,,2.5,0.5,84.5
2025-03-01,events,tradeshows,non-participating,,,,,,,0.5,0,0
2025-11-01,influencer,brand partner/ambassador (+10k),adrian varela/luxury touch mobile detailing/luxurytouchinc,,,,,,,0.5,0,0
2025-11-01,influencer,ambassador,mainstream landscaping/edward simpson,,,,,,,1,1,199
2025-11-01,influencer,ambassador,josh vinciguerra/vinci's mow and snow/jash cv,,,,,,,1.333333333,0.333333333,66.33333333
2025-11-01,influencer,brand partner/ambassador (+10k),austin rathburn / rathburn contracting,,,,,,,0,0.5,19.995
2025-11-01,directories,capterra,paid,,,,,,,0,3,276.99
2025-09-01,partner program,integrations,stripe,,,,,,,67.02129546,60.0779314,13398.13237
2025-09-01,app marketing - paid,smadex,ios,,,,,,,1684.521756,88.58494811,6183.573605
2025-09-01,sem - branded,bing,,,,,,,,452.9994484,168.3299863,23651.06857
2025-09-01,partner program,integrations,zapier,,,,,,,6.036936352,1.948381205,246.2117948
2025-09-01,influencer,alumni partner,christine hodge/clearview washing,,,,,,,0.5,0.5,153.5
2025-09-01,influencer,nano brand partner/ambassador (<10k),mark cordova / m3 finish detailing / m3 finish mobile detailing,,,,,,,0.75,0,0
2025-09-01,influencer,macro brand partner (+1m),jeff thorman/home renovision diy/home renovision,,,,,,,8.274096386,1.75,80.75
2025-09-01,influencer,brand partner/ambassador (+10k),tyler link/contractor ceo/concrete launch secrets,,,,,,,2.833333333,1.033333333,271.8
2025-09-01,influencer,brand partner/ambassador (+10k),kevin watson/off the path with kevin/off the path,,,,,,,1.833333333,0.5,59.5
2025-09-01,influencer,ambassador,jumper guy/raul hernandez,,,,,,,2.066666667,0.066666667,1.933333333
2025-09-01,influencer,ambassador,austin davis,,,,,,,0.666666667,0.5,80.83333333
2025-09-01,influencer,brand partner/ambassador (+10k),ashley hall/ashxkillz/srm heating & cooling,,,,,,,0.5,0,0
2025-09-01,influencer,brand partner/ambassador (+10k),shane goswick / lawn and light / lawn & light,,,,,,,4,0.25,69.5
2025-09-01,app marketing - paid,moloco,,,,,,,,3,0,0
2025-09-01,events,local events,,,,,,,,1.75,0,0
2025-09-01,influencer,brand partner/ambassador (+10k),blue collar licensing/luis gonzalez,,,,,,,0.5,0,0
2025-09-01,influencer,brand partner/ambassador (+10k),ian mitzelfeld/mitzelfeld construction,,,,,,,0.5,0,0
2025-04-01,directories,capterra,paid,,,,,,,293.3507191,11.87721861,2856.016677
2025-06-01,influencer,macro brand partner (+1m),chase stetson/that lawn dude,,,,,,,212.5489583,11.80729167,888.383125
2025-04-01,partner program,integrations,stripe,,,,,,,5.456833414,2.254067972,407.501855
2025-04-01,app marketing - paid,smadex,ios,,,,,,,1398.562202,82.54434524,5112.851783
2025-06-01,sem - competitors,google,,,,,,,,177.8181167,19.24636747,3345.907618
2025-04-01,direct/unknown,online/general,,,,,,,,4,0,0
2025-04-01,youtube,demand gen,prospecting,,,,,,,30.06570048,3.376811594,142.0869565
2025-04-01,outbound,,,,,,,,,3.5,0.5,19.5
2025-04-01,influencer,alumni partner,the epoxy pros/daniel george,,,,,,,4.233333333,0.333333333,49.66666667
2025-06-01,app marketing - paid,moloco,,,,,,,,8,2,78.99
2025-06-01,influencer,brand partner/ambassador (+10k),jacob ortiz/yourtexaspatio,,,,,,,2,0.5,59
2025-04-01,experimental,tiktok,organic,,,,,,,4.5,0,0
2025-04-01,influencer,ambassador,stan genadek/dirt monkey,,,,,,,1.083333333,1,104
2025-04-01,influencer,brand partner/ambassador (+10k),derrick mcclintock/the man training show,,,,,,,0.5,0,0
2025-04-01,partner program,channel (all others),,,,,,,,6.920238095,3.926190476,628.4785714
2025-06-01,influencer,brand partner/ambassador (+10k),glen c/glen cuevas/glen c landscaping,,,,,,,11.93333333,0.6,23.895
2025-06-01,partner program,integrations,zapier,,,,,,,3.238289963,0.696387892,137.0396602
2025-06-01,influencer,brand partner/ambassador (+10k),jacob moreno / super clean bins,,,,,,,4.833333333,0,0
2025-06-01,influencer,"influencer (+10k, not sp)",sam irwin / go build stuff,,,,,,,1.333333333,0,0
2025-06-01,influencer,nano brand partner/ambassador (<10k),cory byron/vancity electric,,,,,,,0.5,0,0
2025-06-01,influencer,brand partner/ambassador (+10k),randy dulin / dulin cut & trim,,,,,,,0.5,0,0
2025-06-01,influencer,brand partner/ambassador (+10k),mitchell's lawn care llc/mitchell t gordy,,,,,,,0.5,0,0
2025-06-01,influencer,brand partner/ambassador (+10k),pablo serrano/black sheep/the black sheep lawn,,,,,,,1.5,0,0
2025-04-01,app marketing - paid,moloco,,,,,,,,4,1,39.99
2025-06-01,influencer,ambassador,christian schloegel,,,,,,,0.014925373,0,0
2025-06-01,influencer,brand partner/ambassador (+10k),daryl baker / the finisher / daryl the finisher,,,,,,,0.5,0,0
2025-04-01,experimental,facebook,fb lead gen ebook,,,,,,,1.5,0,0
2025-04-01,influencer,brand partner/ambassador (+10k),tyler link/contractor ceo/concrete launch secrets,,,,,,,0.5,0,0
2025-06-01,influencer,ambassador,detail girlz/jackie andrade,,,,,,,0.5,0,0
2025-04-01,influencer,ambassador,kyle figueroa/figueroa electric,,,,,,,0,0.5,84.5
2025-05-01,freemium paid,google,paid,,,,,,,3272.557096,80.87651507,6031.247223
2025-05-01,influencer,macro brand partner (+1m),chase stetson/that lawn dude,,,,,,,208.5043373,10.93269096,739.0476274
2025-05-01,freemium paid,bing,paid,,,,,,,62,6,374
2025-05-01,performance max,,,,,,,,,2.822839049,0.973771936,149.7334159
2025-05-01,partner program,channel (resellers),,,,,,,,3.233333333,0.5,19.5
2025-05-01,programmatic,the trade desk,lal - audio,,,,,,,24.35497835,0.938311688,40.23051948
2025-05-01,influencer,brand partner/ambassador (+10k),cameron vogelsang/tennessee electrician,,,,,,,3.5,0.5,99.995
2025-05-01,influencer,brand partner/ambassador (+10k),jacqueline and tanner hurst/jt junk solutions,,,,,,,20.66666667,0.5,59.5
2025-05-01,influencer,brand partner/ambassador (+10k),brad behr/copper creek cuts/bctp/baker county trash pickup,,,,,,,17.5,0.5,19.995
2025-05-01,influencer,brand partner/ambassador (+10k),mary-anne bowcott/the lady plumber/westcom plumbing,,,,,,,0.037412587,0,0
2025-05-01,influencer,brand partner/ambassador (+10k),tyler westfall,,,,,,,0.037412587,0,0
2025-05-01,experimental,podcast ads,,,,,,,,9.733333333,2.775,459.225
2025-05-01,influencer,brand partner/ambassador (+10k),pablo serrano/black sheep/the black sheep lawn,,,,,,,2,0,0
2025-05-01,influencer,brand partner/ambassador (+10k),jeff guldalian/ the 360 electrician,,,,,,,5.118402778,3.823164683,462.8732639
2025-05-01,events,virtual,jobber now,,,,,,,8,9.5,1092.965
2025-05-01,influencer,business brand partner,alex guzman / modern day contractor,,,,,,,1,0.5,14.5
2025-05-01,advertising,radio,denver,,,,,,,1,0,0
2025-05-01,social media,twitter,,,,,,,,2,0,0
2025-05-01,influencer,ambassador,desmond tse/the siding guy,,,,,,,1,0,0
2025-05-01,organic search,support documentation,,,,,,,,1,0,0
2025-05-01,influencer,brand partner/ambassador (+10k),trey bohannan/trey bodirt,,,,,,,2.166666667,1,223.5
2025-05-01,influencer,brand partner/ambassador (+10k),michael meeks/macarthur woodworks,,,,,,,0.5,0,0
2025-05-01,influencer,alumni partner,zachary jurkowski/montreal contractors,,,,,,,0.5,0,0
2025-05-01,influencer,brand partner/ambassador (+10k),garrett davis/underwood & davis/gw custom decks,,,,,,,0.5,0,0
2025-08-01,freemium paid,google,paid,,,,,,,298.5,24.5,1500.94
2025-08-01,app marketing - paid,tiktok,,,,,,,,5935.193174,88.51373276,8107.937827
2025-08-01,direct/unknown,direct,,,,,,,,269,3,197.99
2025-08-01,influencer,alumni partner,jason cleans/jason shipway,,,,,,,1.5,0.333333333,92.66666667
2025-08-01,youtube,demand gen,remarketing,,,,,,,13,1.166666667,45.5
2025-08-01,influencer,brand partner/ambassador (+10k),ben thomson / hvac strong,,,,,,,0.2,0.2,69.8
2025-08-01,organic search,ai search,perplexity,,,,,,,5.166666667,0,0
2025-08-01,directories,other,,,,,,,,1.5,2.5,297.485
2025-08-01,influencer,brand partner/ambassador (+10k),nick gentile / spartan hero electric,,,,,,,0.5,0,0
2025-08-01,influencer,alumni partner,nick glassett/let's get lit,,,,,,,0.333333333,0,0
2025-08-01,influencer,brand partner/ambassador (+10k),jason promes/promes construction,,,,,,,0.583333333,0,0
2025-08-01,influencer,brand partner/ambassador (+10k),connor maendel / maendel construction llc,,,,,,,0.736111111,0.736111111,115.9305556
2025-01-01,direct/unknown,,,,,,,,,773,9,1143
2025-01-01,organic search,ai search,chatgpt,,,,,,,95.25559076,38.99688293,6344.119402
2025-01-01,influencer,brand partner/ambassador (+10k),jon dawson / texas luxury cleaning,,,,,,,42.91666667,2.25,345.25
2025-01-01,partner program,channel (referrals),bookeepers/consultants/agencies,,,,,,,4.05952381,1.726190476,475.0595238
2025-01-01,advertising,online/general,,,,,,,,8,2,388
2025-01-01,influencer,ambassador,brandan sirrine/solar goat,,,,,,,2,0.5,14.5
2025-01-01,outbound,,,,,,,,,4.055555556,1.055555556,358.3888889
2025-01-01,influencer,brand partner/ambassador (+10k),heric melo/hevi tile,,,,,,,0.5,0,0
2025-01-01,events,virtual,jobber grants,,,,,,,1.5,0,0
2025-01-01,events,tradeshows,issa,,,,,,,0.5,0,0
2025-01-01,influencer,nano brand partner/ambassador (<10k),manny mollinedo/construction concrete designs llc,,,,,,,0.333333333,0.333333333,83
2025-01-01,partner program,channel (franchises),heroes lawn care,,,,,,,2,2,528
2025-01-01,influencer,brand partner/ambassador (+10k),chant's daily hustle,,,,,,,0.25,0,0
2025-01-01,influencer,brand partner/ambassador (+10k),walter washington/ww hvac,,,,,,,0.5,0.5,14.5
2025-09-01,events,virtual,jobber now,,,,,,,150.2134325,46.42330088,7057.446471
2025-09-01,social media,facebook,remarketing,,,,,,,56.45542582,2.150297619,244.3139881
2025-09-01,influencer,brand partner/ambassador (+10k),jacqueline and tanner hurst/jt junk solutions,,,,,,,60.49501523,8.08040293,867.9219231
2025-09-01,organic search,jobber academy,,,,,,,,0.569711538,0.03125,1.21875
2025-09-01,influencer,brand partner/ambassador (+10k),chase gallagher/cmg landscape/service pro elite,,,,,,,4.25,1.5,179.49
2025-09-01,influencer,brand partner/ambassador (+10k),roy thomas/pro era plumbing,,,,,,,3.833333333,0,0
2025-09-01,influencer,ambassador,jaren powell/near me mobile detailing,,,,,,,1.833333333,0.333333333,39.66666667
2025-09-01,influencer,brand partner/ambassador (+10k),jon dawson / texas luxury cleaning,,,,,,,1.630952381,0.333333333,66.33333333
2025-09-01,influencer,ambassador,codie sanchez/contrarian thinking,,,,,,,0.5,0,0
2025-09-01,influencer,brand partner/ambassador (+10k),tyler westfall,,,,,,,0.345381526,0,0
2025-09-01,influencer,brand partner/ambassador (+10k),diamond and drake/drake lawn care,,,,,,,0.5,0,0
2025-09-01,influencer,alumni partner,scott mckenna/oddly satisfying pressure washing,,,,,,,0.5,0,0
2025-09-01,influencer,nano brand partner/ambassador (<10k),matthew hernandez/hvacmagicmatt,,,,,,,1,0,0
2025-09-01,influencer,brand partner/ambassador (+10k),cameron vogelsang/tennessee electrician,,,,,,,0.012048193,0,0
2025-09-01,influencer,nano brand partner/ambassador (<10k),manny mollinedo/construction concrete designs llc,,,,,,,0.5,0,0
2025-02-01,app marketing - paid,smadex,ios,,,,,,,922.7368506,41.36369048,3365.690595
2025-02-01,advertising,radio,general,,,,,,,17,0,0
2025-02-01,social media,linkedin,,,,,,,,1,0,0
2025-02-01,experimental,facebook,fb lead gen ebook,,,,,,,2,0,0
2025-02-01,partner program,channel (referrals),industry associations,,,,,,,0.333333333,1,259
2025-02-01,partner program,channel (referrals),other,,,,,,,1,0.5,19.5
2025-02-01,influencer,alumni partner,the epoxy pros/daniel george,,,,,,,4,0,0
2025-02-01,partner program,integrations,,,,,,,,2.755555556,0.255555556,48.74444444
2025-02-01,partner program,channel (referrals),coaches/trainers,,,,,,,3.392857143,1.5,324.8333333
2025-02-01,influencer,brand partner/ambassador (+10k),guest plumbing/dan guest,,,,,,,0.333333333,0,0
2025-02-01,youtube,paid,,,,,,,,5,1,129
2025-02-01,partner program,integrations,responsibid,,,,,,,0.5,0.333333333,83
2025-02-01,outbound,,,,,,,,,1.5,0.5,174.5
2025-02-01,events,virtual,jobber grants,,,,,,,0.30952381,0.30952381,76.92857143
2025-02-01,influencer,alumni partner,christine hodge/clearview washing,,,,,,,0.375,0.375,137.125
2025-02-01,influencer,brand partner/ambassador (+10k),joshua chapman/gutter ghosts,,,,,,,0.25,0,0
2025-02-01,influencer,ambassador,stan genadek/dirt monkey,,,,,,,0,0.75,166.5
2025-06-01,direct/unknown,,,,,,,,,1451,16,1692.99
2025-04-01,direct/unknown,,,,,,,,,1243,15,1716
2025-06-01,freemium paid,google,paid,,,,,,,3124.576415,50.97224004,4211.914056
2025-06-01,influencer,brand partner/ambassador (+10k),jersey cronin/jersey/window cleaning resource/wcr/wcr nation,,,,,,,2.713888889,1.913888889,267.0811111
2025-06-01,influencer,general,,,,,,,,62.43484848,6.351515152,550.4315152
2025-06-01,events,tradeshows,arcsi,,,,,,,0.430555556,0.138888889,21.52777778
2025-04-01,programmatic,the trade desk,prospecting - audio,,,,,,,98.59301308,7.545790855,1395.905074
2025-04-01,influencer,brand partner/ambassador (+10k),zech osburn/z's exterior services/biz boosters,,,,,,,41.71770517,3.801038501,466.5378673
2025-04-01,advertising,online/general,,,,,,,,30,2,158
2025-04-01,influencer,brand partner/ambassador (+10k),jon dawson / texas luxury cleaning,,,,,,,12.66666667,1.166666667,169.3283333
2025-06-01,influencer,brand partner/ambassador (+10k),casey evertsen/bin blasters,,,,,,,2.416666667,2.1504329,267.3993506
2025-06-01,influencer,brand partner/ambassador (+10k),jon dawson / texas luxury cleaning,,,,,,,12.08333333,1.416666667,222.0833333
2025-06-01,influencer,business brand partner,aaron wilton-jones / autoclean academy,,,,,,,4.666666667,0.166666667,33.16666667
2025-06-01,influencer,brand partner/ambassador (+10k),erica krupin/kroopin poopin scoopin,,,,,,,8.043478261,5.126811594,558.4356522
2025-04-01,freemium organic,,,,,,,,,31,6.5,374.49
2025-06-01,influencer,brand partner/ambassador (+10k),tom purcell/purcell's pro detail,,,,,,,13.97619048,0.333333333,29.66666667
2025-06-01,influencer,ambassador,justin and fallon ascherman/rustic grain designs,,,,,,,0.5,0,0
2025-04-01,partner program,channel (referrals),bookeepers/consultants/agencies,,,,,,,1.836204482,0.925490196,260.7019608
2025-06-01,influencer,brand partner/ambassador (+10k),bri and ricky / bricks mobile detailing,,,,,,,0.25,0.25,9.9975
2025-06-01,influencer,brand partner/ambassador (+10k),jeff guldalian/ the 360 electrician,,,,,,,10.33333333,2.95,625.55
2025-06-01,influencer,business brand partner,alex guzman / modern day contractor,,,,,,,1,0.625,64.375
2025-06-01,influencer,brand partner/ambassador (+10k),diamond and drake/drake lawn care,,,,,,,2,0,0
2025-06-01,influencer,brand partner/ambassador (+10k),emre citak/royal blue painting,,,,,,,0.333333333,0.333333333,9.666666667
2025-06-01,influencer,brand partner/ambassador (+10k),garrett davis/underwood & davis/gw custom decks,,,,,,,0.833333333,0,0
2025-06-01,influencer,brand partner/ambassador (+10k),bryan vincent / vip maintenance / bryyan vincent,,,,,,,2.5,0,0
2025-04-01,influencer,ambassador,nick huber/sweaty startup,,,,,,,1.5,0,0
2025-06-01,influencer,brand partner/ambassador (+10k),walter washington/ww hvac,,,,,,,2.833333333,1.333333333,158.6666667
2025-04-01,influencer,brand partner/ambassador (+10k),tyler westfall,,,,,,,0.066666667,0,0
2025-06-01,influencer,brand partner/ambassador (+10k),david reuk / daveystruggle,,,,,,,0.5,0,0
2025-04-01,influencer,general,debbie sardone,,,,,,,0.333333333,0,0
2025-01-01,sem - branded,bing,,,,,,,,496.3747042,182.544382,25546.47786
2025-01-01,influencer,brand partner/ambassador (+10k),shaun krawec/the bearded sider/upper level home renovations,,,,,,,2.083333333,0.333333333,39.66666667
2025-01-01,organic search,jobber academy,,,,,,,,2.583333333,0,0
2025-01-01,partner program,integrations,nicejob,,,,,,,0.778846154,0.278846154,34.85576923
2025-01-01,influencer,ambassador,nicolas sevrette/montreal sparky,,,,,,,0.5,0,0
2025-01-01,influencer,brand partner/ambassador (+10k),adrian garcia,,,,,,,3.5,1,29
2025-01-01,influencer,macro brand partner (+1m),jeff thorman/home renovision diy/home renovision,,,,,,,2,0,0
2025-01-01,influencer,brand partner/ambassador (+10k),corey powell/powell's lawn care,,,,,,,0.5,0.5,19.5
2025-09-01,influencer,brand partner/ambassador (+10k),zech osburn/z's exterior services/biz boosters,,,,,,,6.7,1.033333333,117.9666667
2025-09-01,influencer,nano brand partner/ambassador (<10k),giovanni imbrogno/novapave,,,,,,,2,1,119
2025-09-01,social media,linkedin,,,,,,,,3,0,0
2025-09-01,influencer,brand partner/ambassador (+10k),amir henry/xavier hvac,,,,,,,1,0,0
2025-09-01,advertising,radio,general,,,,,,,17,1,39
2025-09-01,directories,mvf,paid,,,,,,,3.2,0.2,17.8
2025-09-01,experimental,facebook,fb lead gen ebook,,,,,,,2,0,0
2025-09-01,partner program,integrations,,,,,,,,11.61471486,6.738649247,773.1342985
2025-09-01,influencer,brand partner/ambassador (+10k),adam chapman/pad pal,,,,,,,1.583333333,0.333333333,13
2025-09-01,events,tradeshows,ahr,,,,,,,0.008928571,0.008928571,1.776785714
2025-09-01,influencer,brand partner/ambassador (+10k),jerome moors/shark pressure washing,,,,,,,1.833333333,0,0
2025-09-01,partner program,channel (referrals),other,,,,,,,1.5,0,0
2025-09-01,influencer,brand partner/ambassador (+10k),corey powell/powell's lawn care,,,,,,,0.5,0,0
2025-09-01,influencer,business brand partner,logan sendle/blue collar business accelerator/bcba,,,,,,,3.692982456,1.833333333,256.6566667
2025-09-01,influencer,brand partner/ambassador (+10k),harry burgos / cnb renovations,,,,,,,1,0,0
2025-09-01,influencer,brand partner/ambassador (+10k),jason promes/promes construction,,,,,,,0.5,0,0
2025-09-01,influencer,brand partner/ambassador (+10k),raylyn dunlap/dunlap cleaning services/the real hustle network,,,,,,,1.038461538,0.333333333,13
2025-09-01,influencer,ambassador,stan genadek/dirt monkey,,,,,,,0,0.5,99.5
2025-09-01,influencer,brand partner/ambassador (+10k),adrian garcia,,,,,,,0,0.333333333,39.66666667
2025-06-01,app marketing - paid,smadex,ios,,,,,,,2185.204206,90.23208815,6735.334458
2025-04-01,social media,facebook,remarketing,,,,,,,62.20833333,3.891666667,724.9816667
2025-04-01,social media,linkedin,,,,,,,,4,0,0
2025-06-01,partner program,integrations,google lsa,,,,,,,3.333333333,0.5,14.5
2025-06-01,influencer,business brand partner,kevin cook / accelerate nation,,,,,,,0.166666667,0.166666667,19.83333333
2025-04-01,advertising,radio,general,,,,,,,18,0,0
2025-06-01,partner program,channel (all others),,,,,,,,4.511764706,0.678431373,57.98823529
2025-04-01,events,virtual,jobber now,,,,,,,6,4.5,373.47
2025-06-01,partner program,channel (referrals),coaches/trainers,,,,,,,1.458333333,0.958333333,167.7916667
2025-06-01,influencer,brand partner/ambassador (+10k),huda saleh / spotless auto care,,,,,,,10.37037037,0,0
2025-06-01,influencer,brand partner/ambassador (+10k),adrian garcia,,,,,,,1.7,0.7,49.3
2025-06-01,youtube,paid,,,,,,,,15,1,39.99
2025-06-01,influencer,brand partner/ambassador (+10k),ryaan tuttle/best handyman boston/rjt,,,,,,,0.5,0,0
2025-06-01,organic search,jobber academy,,,,,,,,3.333333333,1,119
2025-06-01,partner program,integrations,,,,,,,,4.136917137,0.72025047,77.83835759
2025-04-01,influencer,business brand partner,logan sendle/blue collar business accelerator/bcba,,,,,,,4.666666667,2.333333333,290.4141667
2025-04-01,influencer,ambassador,codie sanchez/contrarian thinking,,,,,,,2.083333333,0.5,153.5
2025-06-01,influencer,ambassador,nicolas sevrette/montreal sparky,,,,,,,1.076923077,0.076923077,15.30769231
2025-04-01,influencer,alumni partner,scott mckenna/oddly satisfying pressure washing,,,,,,,0.552631579,0.552631579,92.86842105
2025-04-01,influencer,brand partner/ambassador (+10k),chase gallagher/cmg landscape/service pro elite,,,,,,,3.93452381,1.142857143,81.57142857
2025-04-01,influencer,brand partner/ambassador (+10k),raylyn dunlap/dunlap cleaning services/the real hustle network,,,,,,,1.5,0.5,19.5
2025-04-01,organic search,jobber academy,,,,,,,,2.630434783,1.130434783,144.9565217
2025-04-01,events,tradeshows,ahr,,,,,,,0.218867925,0.218867925,30.49811321
2025-06-01,experimental,facebook,fb lead gen ebook,,,,,,,1,0,0
2025-04-01,influencer,brand partner/ambassador (+10k),adrian garcia,,,,,,,2,0.5,44.5
2025-04-01,influencer,brand partner/ambassador (+10k),corey powell/powell's lawn care,,,,,,,0.833333333,0.833333333,32.5
2025-06-01,partner program,integrations,gusto,,,,,,,0.5,0,0
2025-06-01,influencer,business brand partner,morgan graffis/verv cleaning/the cleaning co. coach/cleaning coach,,,,,,,0.066666667,0.066666667,13.26666667
2025-06-01,influencer,ambassador,steve-o/steven richardson,,,,,,,0,0.5,19.5
2025-04-01,influencer,nano brand partner/ambassador (<10k),matthew hernandez/hvacmagicmatt,,,,,,,0,0.5,84.5
2025-02-01,freemium organic,,,,,,,,,62.5,3.333333333,184.3233333
2025-02-01,word of mouth,organic wom referrals,general,,,,,,,73,4,555
2025-02-01,freemium paid,bing,paid,,,,,,,711.0887552,13.43434343,1416.69697
2025-02-01,programmatic,the trade desk,prospecting - audio,,,,,,,35.40646184,2.202758133,346.5468388
2025-02-01,influencer,ambassador,codie sanchez/contrarian thinking,,,,,,,3.751190476,2.217857143,532.4035714
2025-02-01,influencer,brand partner/ambassador (+10k),tyler link/contractor ceo/concrete launch secrets,,,,,,,0.833333333,0.333333333,13
2025-02-01,directories,software advice,ppl,,,,,,,1.601450148,1.809783482,199.9970487
2025-02-01,influencer,brand partner/ambassador (+10k),chant's daily hustle,,,,,,,0.916666667,0.25,7.25
2025-02-01,influencer,macro brand partner (+1m),jeff thorman/home renovision diy/home renovision,,,,,,,1.666666667,1.333333333,136.6533333
2025-02-01,influencer,ambassador,lexi abreu/lex the electrician,,,,,,,1.5,0,0
2025-02-01,directories,software advice,,,,,,,,2,1.5,268.5
2025-02-01,directories,capterra,organic,,,,,,,2,0,0
2025-02-01,partner program,channel (all others),trash can cleaners,,,,,,,0.142857143,0.142857143,39.71428571
2025-02-01,partner program,integrations,nicejob,,,,,,,0.2,0.2,44.82
2025-10-01,app marketing - paid,google uac,,,,,,,,5145.621399,73.3279566,4285.806706
2025-10-01,organic search,ai search,perplexity,,,,,,,9.661111111,0,0
2025-10-01,influencer,brand partner/ambassador (+10k),udetailers/ethan dang /hangar club,,,,,,,25.66666667,0,0
2025-10-01,influencer,brand partner/ambassador (+10k),austin gray - ownr ops / ownr ops skool community / bear claw land services,,,,,,,3.481515152,1.68,153.6508333
2025-10-01,social media,instagram,paid,,,,,,,9,1,39
2025-10-01,youtube,trueview,prospecting,,,,,,,2.892973548,2.086822104,405.7115758
2025-04-01,influencer,brand partner/ambassador (+10k),cameron vogelsang/tennessee electrician,,,,,,,0.5,0,0
2025-04-01,influencer,ambassador,richard alexa/renovations and repair,,,,,,,0.5,0,0
2025-06-01,influencer,brand partner/ambassador (+10k),keith mcgillivary/mps/mcgillivary's plumbing,,,,,,,1,0,0
2025-10-01,influencer,brand partner/ambassador (+10k),keith kalfas,,,,,,,25.97228464,6.038951311,740.630206
2025-10-01,programmatic,,,,,,,,,85.40840286,3.522166904,517.9491465
2025-10-01,influencer,business brand partner,anatoly nazarov / digamark llc / average bro aesthetic,,,,,,,6.166666667,0.5,74.5
2025-10-01,influencer,business brand partner,logan sendle/blue collar business accelerator/bcba,,,,,,,2.583333333,1.326923077,208.4807692
2025-10-01,influencer,brand partner/ambassador (+10k),nolan hope/hope detailing,,,,,,,0.5,0,0
2025-10-01,influencer,brand partner/ambassador (+10k),raylyn dunlap/dunlap cleaning services/the real hustle network,,,,,,,1.333333333,0.333333333,13
2025-10-01,influencer,ambassador,codie sanchez/contrarian thinking,,,,,,,2.583333333,0.333333333,13
2025-10-01,influencer,brand partner/ambassador (+10k),dan holliday,,,,,,,1.5,0.5,19.5
2025-10-01,directories,g2,paid,,,,,,,7.125,0,0
2025-10-01,performance max,,,,,,,,,0.181907539,1.117443788,450.2439381
2025-10-01,influencer,brand partner/ambassador (+10k),pablo serrano/black sheep/the black sheep lawn,,,,,,,0.527777778,0.54472693,134.8210923
2025-10-01,partner program,channel (referrals),,,,,,,,9.5,12.16666667,3229.5
2025-10-01,influencer,ambassador,dominic rosales/poor pumper society,,,,,,,2.083333333,0.587317397,52.70949535
2025-10-01,influencer,brand partner/ambassador (+10k),scott dixon/everyday shed llc,,,,,,,0.333333333,0.333333333,13
2025-10-01,social media,twitter,,,,,,,,1,0,0
2025-10-01,influencer,ambassador,stevenj120volts/steven ravesi,,,,,,,1,0,0
2025-10-01,influencer,brand partner/ambassador (+10k),amir henry/xavier hvac,,,,,,,1,0,0
2025-10-01,influencer,brand partner/ambassador (+10k),tyler westfall,,,,,,,0.333333333,0.333333333,116.3333333
2025-10-01,influencer,ambassador,christian schloegel,,,,,,,0.333333333,0,0
2025-10-01,influencer,brand partner/ambassador (+10k),jacob ortiz/yourtexaspatio,,,,,,,0.037037037,0,0
2025-07-01,freemium organic,,,,,,,,,118.5,3,117.99
2025-07-01,influencer,brand partner/ambassador (+10k),oscar gil/detail groove,,,,,,,20.90535714,6.155357143,655.1689286
2025-07-01,influencer,brand partner/ambassador (+10k),keith kalfas,,,,,,,31.46609015,9.246346557,1034.024321
2025-07-01,programmatic,the trade desk,prospecting - audio,,,,,,,108.2988293,12.12385382,1866.818431
2025-07-01,influencer,nano brand partner/ambassador (<10k),luis lucena/lucena painting,,,,,,,1.333333333,0,0
2025-07-01,performance max,,,,,,,,,1.40242144,2.239741148,437.6068994
2025-07-01,partner program,channel (franchises),fibrenew,,,,,,,6,6,354
2025-07-01,experimental,podcast ads,,,,,,,,8,2.5,122.995
2025-07-01,influencer,brand partner/ambassador (+10k),dan holliday,,,,,,,1,0.009433962,2.622641509
2025-07-01,influencer,brand partner/ambassador (+10k),trey bohannan/trey bodirt,,,,,,,7.333333333,0,0
2025-07-01,events,virtual,jobber now,,,,,,,14,14,1202.945
2025-07-01,influencer,nano brand partner/ambassador (<10k),joe caito/bisonreno,,,,,,,1,0,0
2025-07-01,influencer,nano brand partner/ambassador (<10k),rosie selvaggio/hocus pocus cleaning,,,,,,,0.5,0,0
2025-07-01,influencer,brand partner/ambassador (+10k),chad cooke/cooke pressure washing/cooke,,,,,,,1.333333333,1,119
2025-07-01,influencer,brand partner/ambassador (+10k),kevin martinez / ksparky / k electric solutions,,,,,,,0.333333333,0.333333333,13
2025-07-01,influencer,general,brian's lawn maintenance,,,,,,,1,0,0
2025-03-01,app marketing - paid,smadex,ios,,,,,,,1239.367062,56.35569835,3932.953576
2025-03-01,social media,facebook,remarketing,,,,,,,102.2608992,12.67756588,1649.04819
2025-03-01,social media,linkedin,,,,,,,,4,0,0
2025-11-01,direct/unknown,direct,,,,,,,,215,11,1026.99
2025-11-01,programmatic,mntn,prospecting - audience match,,,,,,,94.33333333,11,1626
2025-11-01,partner program,integrations,companycam,,,,,,,2.951957158,1.61386192,396.5225998
2025-03-01,influencer,alumni partner,the epoxy pros/daniel george,,,,,,,4.833333333,1.666666667,241.3333333
2025-03-01,influencer,brand partner/ambassador (+10k),hunter patrick/dumpire junk removal,,,,,,,13.66666667,0.833333333,59.16666667
2025-11-01,influencer,brand partner/ambassador (+10k),john seaman/jc property professionals/jcp properties/jcp,,,,,,,27.23448276,8.377339901,1029.794778
2025-11-01,programmatic,the trade desk,prospecting - olv,,,,,,,39.17309274,3.803568935,907.4838307
2025-11-01,influencer,ambassador,darius rylander/powerhausconstruction,,,,,,,0.5,0,0
2025-03-01,partner program,channel (referrals),coaches/trainers,,,,,,,4.833333333,2,244.1666667
2025-03-01,youtube,paid,,,,,,,,5,2,158
2025-03-01,influencer,brand partner/ambassador (+10k),ryaan tuttle/best handyman boston/rjt,,,,,,,4.333333333,0,0
2025-03-01,partner program,channel (referrals),industry associations,,,,,,,0.5,0,0
2025-03-01,partner program,integrations,,,,,,,,3.833333333,0.5,99
2025-11-01,events,tradeshows,unspecified,,,,,,,2.75,0.833333333,227
2025-11-01,influencer,brand partner/ambassador (+10k),bryan vincent / vip maintenance / bryyan vincent,,,,,,,1.5,0,0
2025-11-01,influencer,brand partner/ambassador (+10k),connor maendel / maendel construction llc,,,,,,,0.5,0,0
2025-11-01,influencer,business brand partner,eduardo barboza / nmc development llc / wealth in construction,,,,,,,0.833333333,0,0
2025-03-01,partner program,integrations,google lsa,,,,,,,1.611111111,0.5,139
2025-03-01,partner program,channel (referrals),other,,,,,,,2.166666667,0.666666667,49.33333333
2025-03-01,partner program,integrations,gusto,,,,,,,0.611111111,0.111111111,18.77777778
2025-03-01,influencer,macro brand partner (+1m),jeff thorman/home renovision diy/home renovision,,,,,,,0.5,0,0
2025-03-01,influencer,alumni partner,scott mckenna/oddly satisfying pressure washing,,,,,,,1.5,0.5,74
2025-11-01,influencer,ambassador,nick huber/sweaty startup,,,,,,,0.25,0.25,9.75
2025-03-01,experimental,facebook,fb lead gen ebook,,,,,,,2,0,0
2025-11-01,partner program,channel (referrals),bookeepers/consultants/agencies,,,,,,,0.676190476,0.2,5.8
2025-03-01,influencer,brand partner/ambassador (+10k),adrian garcia,,,,,,,0.355555556,0.022222222,9.511111111
2025-03-01,influencer,business brand partner,morgan graffis/verv cleaning/the cleaning co. coach/cleaning coach,,,,,,,0.333333333,0.5,19.5
2025-03-01,influencer,brand partner/ambassador (+10k),shaun krawec/the bearded sider/upper level home renovations,,,,,,,0.090909091,0.090909091,10.81818182
2025-03-01,partner program,channel (all others),trash can cleaners,,,,,,,0.25,0,0
2025-03-01,influencer,ambassador,stan genadek/dirt monkey,,,,,,,0.833333333,0.5,299.5
2025-11-01,influencer,brand partner/ambassador (+10k),eddie colon/ec details/the house of rags,,,,,,,0.5,0.5,64.5
2025-03-01,influencer,alumni partner,mike garvey/side hustle squad podcast,,,,,,,1.5,0,0
2025-03-01,direct/unknown,online/general,,,,,,,,1,0,0
2025-10-01,influencer,ambassador,haley rogers / austin rogers /  avai property solutions,,,,,,,0.333333333,0.333333333,56.66333333
2025-10-01,influencer,business brand partner,alex smoot / sweat venture,,,,,,,0.333333333,0,0
2025-10-01,influencer,ambassador,detail girlz/jackie andrade,,,,,,,4,0,0
2025-10-01,influencer,alumni partner,chanique stewart/chanique cleaning services/cleaning boss accelerator,,,,,,,0.5,0,0
2025-10-01,influencer,business brand partner,dave moerman/revive washing/home service business coach,,,,,,,1.333333333,0.833333333,237.8333333
2025-10-01,influencer,brand partner/ambassador (+10k),andrew ubaldi/connecticut sparky,,,,,,,0.5,0,0
2025-10-01,influencer,brand partner/ambassador (+10k),jeff kult / trusted electric,,,,,,,1.333333333,0.333333333,66
2025-10-01,events,tradeshows,gie,,,,,,,0.5,0.5,299.5
2025-10-01,social media,linkedin,,,,,,,,3,0,0
2025-10-01,influencer,ambassador,christina lien / nomadak builds,,,,,,,0.833333333,0.333333333,39.66666667
2025-10-01,influencer,brand partner/ambassador (+10k),nick gentile / spartan hero electric,,,,,,,0.5,0.5,139
2025-10-01,influencer,brand partner/ambassador (+10k),nathan mitchell / blue lake cleaning / off duty entrepreneur,,,,,,,0.333333333,0.333333333,85.66666667
2025-07-01,freemium paid,google,paid,,,,,,,2931.523002,48.37249479,4918.95848
2025-07-01,freemium paid,bing,paid,,,,,,,75.5,6,384
2025-07-01,influencer,macro brand partner (+1m),chase stetson/that lawn dude,,,,,,,144.9166667,12.91666667,1028.195
2025-07-01,influencer,brand partner/ambassador (+10k),jacqueline and tanner hurst/jt junk solutions,,,,,,,43.2,5.833333333,600.66
2025-07-01,programmatic,,,,,,,,,82.43438735,5.566666667,872.7616667
2025-07-01,influencer,brand partner/ambassador (+10k),pablo serrano/black sheep/the black sheep lawn,,,,,,,5.850282486,1,384
2025-07-01,influencer,brand partner/ambassador (+10k),cody romer/cr carpentry & remodeling,,,,,,,3.283333333,0,0
2025-07-01,influencer,ambassador,codie sanchez/contrarian thinking,,,,,,,1,0.25,76.75
2025-07-01,influencer,ambassador,michael osornio/paint life 1904,,,,,,,0.5,0,0
2025-07-01,influencer,business brand partner,logan sendle/blue collar business accelerator/bcba,,,,,,,3.553113553,0.976190476,241.1666667
2025-07-01,influencer,brand partner/ambassador (+10k),randy dulin / dulin cut & trim,,,,,,,0.5,0,0
2025-07-01,partner program,integrations,mailchimp,,,,,,,1,0,0
2025-07-01,influencer,brand partner/ambassador (+10k),jacob ortiz/yourtexaspatio,,,,,,,1,0,0
2025-07-01,influencer,brand partner/ambassador (+10k),raylyn dunlap/dunlap cleaning services/the real hustle network,,,,,,,1.333333333,0,0
2025-03-01,freemium paid,bing,paid,,,,,,,964.5603604,23.96477213,1470.12943
2025-03-01,word of mouth,organic wom referrals,general,,,,,,,131,14,1069.75
2025-11-01,programmatic,the trade desk,prospecting - display,,,,,,,419.3381723,43.85420026,7499.921511
2025-11-01,organic search,ai search,chatgpt,,,,,,,80.56668316,42.85341842,9939.462156
2025-03-01,influencer,ambassador,lexi abreu/lex the electrician,,,,,,,0.5,0,0
2025-03-01,partner program,integrations,thumbtack,,,,,,,0.142857143,0,0
2025-03-01,partner program,industry associations,,,,,,,,2.761235955,0.511235955,91.23033708
2025-11-01,influencer,brand partner/ambassador (+10k),roy thomas/pro era plumbing,,,,,,,2.5,1.5,354.5
2025-03-01,influencer,alumni partner,katie pearse/glisten cleaning academy,,,,,,,1.666666667,0,0
2025-03-01,partner program,integrations,responsibid,,,,,,,0.333333333,0.333333333,39.66666667
2025-03-01,directories,software advice,ppl,,,,,,,4.062468474,2.187468474,387.0900151
2025-03-01,directories,getapp,paid,,,,,,,148.7487685,6.034482759,1053.752874
2025-11-01,influencer,business brand partner,morgan graffis/verv cleaning/the cleaning co. coach/cleaning coach,,,,,,,1.426012461,1.092679128,302.0771028
2025-03-01,directories,software advice,,,,,,,,2.142857143,2.142857143,412.8571429
2025-11-01,influencer,brand partner/ambassador (+10k),casey evertsen/bin blasters,,,,,,,6,0.333333333,43
2025-03-01,influencer,brand partner/ambassador (+10k),louis mouchet,,,,,,,3.7254329,1.575,87.295
2025-03-01,influencer,brand partner/ambassador (+10k),adam chapman/pad pal,,,,,,,2.916666667,1.666666667,255.75
2025-11-01,influencer,ambassador,michaels paving/michael stanley,,,,,,,1.5,1,158
2025-11-01,organic search,ai search,claude,,,,,,,2.516666667,0.016666667,5.116666667
2025-11-01,influencer,brand partner/ambassador (+10k),keven bermeo / pressure washing plays,,,,,,,2,0,0
2025-03-01,influencer,brand partner/ambassador (+10k),tyler link/contractor ceo/concrete launch secrets,,,,,,,1,0,0
2025-03-01,influencer,brand partner/ambassador (+10k),blake albertson/b&b lawn care/bblawncarekc,,,,,,,0.552631579,0.5,84.5
2025-11-01,influencer,business brand partner,paul borodenko/nova enterprises/allora cleaning,,,,,,,0.45,0.2,23.8
2025-11-01,partner program,integrations,,,,,,,,2.328571429,0.429266356,256.9012211
2025-03-01,partner program,channel (franchises),screenmobile,,,,,,,1,0,0
2025-11-01,directories,mvf,paid,,,,,,,0.333333333,0,0
2025-11-01,influencer,brand partner/ambassador (+10k),shlomy goldman / regenerative foodscapes,,,,,,,0.5,0,0
2025-11-01,influencer,alumni partner,scott mckenna/oddly satisfying pressure washing,,,,,,,0,0.5,19.995
2025-05-01,social media,facebook,organic,,,,,,,1940.067506,32.57475465,3741.756511
2025-05-01,direct/unknown,direct,,,,,,,,796,13,1148.97
2025-05-01,sem - generic,google,,,,,,,,1887.346114,184.6566984,19808.42945
2025-05-01,social media,,,,,,,,,220,12,668.89
2025-05-01,affiliate program,commission junction,,,,,,,,98.14661088,8.512339591,786.7663905
2025-05-01,programmatic,the trade desk,lal - tv,,,,,,,76.45833333,4.375,809.4083333
2025-05-01,influencer,brand partner/ambassador (+10k),dan janzen/dj tiling,,,,,,,1,0,0
2025-05-01,influencer,brand partner/ambassador (+10k),timmy riggs / streakers window cleaning,,,,,,,4.666666667,1.583333333,161.6616667
2025-05-01,influencer,brand partner/ambassador (+10k),skyler lane / realskylane / junk success,,,,,,,6,3.5,411.5
2025-05-01,directories,other,paid,,,,,,,1.2,0,0
2025-05-01,influencer,business brand partner,phil risher / plash consulting,,,,,,,0.5,0,0
2025-05-01,influencer,brand partner/ambassador (+10k),tyler jones / puff window cleaning,,,,,,,0.333333333,0.333333333,13
2025-05-01,influencer,brand partner/ambassador (+10k),kenny molotov / plumbing with kenny molotov,,,,,,,0.5,0,0
2025-05-01,partner program,channel (referrals),coaches/trainers,,,,,,,0,1,169
2025-08-01,events,virtual,jobber summit,,,,,,,3.094508845,0.990086126,261.9538177
2025-08-01,youtube,organic,,,,,,,,354.667998,41.62174695,3514.500458
2025-08-01,social media,instagram,organic,,,,,,,68.38823301,13.36321862,1779.005693
2025-08-01,influencer,business brand partner,anatoly nazarov / digamark llc / average bro aesthetic,,,,,,,5.35297619,0.419642857,76.57440476
2025-08-01,sem - competitors,google,,,,,,,,245.6090599,38.4798404,6251.529645
2025-08-01,app marketing - organic,organic,,,,,,,,13.47016824,8.8450887,1136.937027
2025-08-01,programmatic,the trade desk,prospecting - tv,,,,,,,188.9534764,23.87311776,3253.275328
2025-08-01,influencer,brand partner/ambassador (+10k),jeff kult / trusted electric,,,,,,,3.25,0.333333333,49.66666667
2025-03-01,influencer,brand partner/ambassador (+10k),guest plumbing/dan guest,,,,,,,0,0.333333333,9.666666667
2025-03-01,directories,capterra,organic,,,,,,,0,1.5,368.5
2025-05-01,app marketing - paid,tiktok,,,,,,,,7646.320915,119.6489448,8084.535536
2025-05-01,app marketing - organic,organic,,,,,,,,26.62917758,12.56000197,1681.421543
2025-05-01,youtube,organic,,,,,,,,429.9837406,47.57800216,3929.068707
2025-05-01,influencer,brand partner/ambassador (+10k),ivan carvalho/glaucio carvalho/mr. bubbles,,,,,,,2.380952381,1.380952381,49.35214286
2025-05-01,influencer,brand partner/ambassador (+10k),anthony salazar / poop scoops for noobs,,,,,,,2.666666667,1.184210526,131.504386
2025-05-01,events,virtual,jobber blueprint,,,,,,,8.508591597,2.244160362,456.0057289
2025-05-01,youtube,demand gen,remarketing,,,,,,,27.04166667,2.333333333,474.99
2025-05-01,influencer,brand partner/ambassador (+10k),jessica bannister,,,,,,,1.537412587,0,0
2025-05-01,influencer,business brand partner,anatoly nazarov / digamark llc / average bro aesthetic,,,,,,,5,0.833333333,175.8333333
2025-05-01,influencer,brand partner/ambassador (+10k),austin gray - ownr ops / ownr ops skool community / bear claw land services,,,,,,,7.95,1.95,250.4666667
2025-05-01,influencer,alumni partner,chanique stewart/chanique cleaning services/cleaning boss accelerator,,,,,,,14.83333333,0,0
2025-05-01,influencer,brand partner/ambassador (+10k),tommy hunter/hunter window wash,,,,,,,1.583333333,0.333333333,66.33333333
2025-05-01,influencer,business brand partner,eduardo barboza / nmc development llc / wealth in construction,,,,,,,0.5,0.5,84.5
2025-05-01,influencer,brand partner/ambassador (+10k),james moreno/top class detail,,,,,,,6,0,0
2025-05-01,influencer,brand partner/ambassador (+10k),cornell mack/mack landscaping & lawn care,,,,,,,2,0,0
2025-05-01,organic search,ai search,perplexity,,,,,,,1.308820637,1.136406844,136.0461027
2025-05-01,social media,facebook - lead gen,paid - evergreen webinar,,,,,,,2,0,0
2025-05-01,influencer,"influencer (+10k, not sp)",kory ballard/ballard inc,,,,,,,1,0,0
2025-05-01,advertising,pr,online article,,,,,,,2,0,0
2025-05-01,influencer,alumni partner,nick glassett/let's get lit,,,,,,,0.25,0,0
2025-05-01,influencer,alumni partner,gary mccreadie/hvac know it all,,,,,,,0.537412587,0,0
2025-05-01,influencer,brand partner/ambassador (+10k),brent strickland / titan garage floors,,,,,,,0.5,0,0
2025-05-01,events,tradeshows,gie,,,,,,,0.5,0,0
2025-05-01,partner program,integrations,fleetsharp,,,,,,,1,0,0
2025-05-01,influencer,brand partner/ambassador (+10k),dan madalena/madalena tile,,,,,,,0.5,0,0
2025-08-01,sem - generic,bing,,,,,,,,688.6514322,42.95574109,4558.600864
2025-08-01,youtube,trueview,prospecting,,,,,,,4.340468493,4.73695552,1019.960274
2025-08-01,influencer,brand partner/ambassador (+10k),jessica bannister,,,,,,,2.333333333,0,0
2025-08-01,partner program,integrations,google lsa,,,,,,,0.5,0,0
2025-08-01,influencer,ambassador,detail girlz/jackie andrade,,,,,,,6.5,0,0
2025-08-01,partner program,channel (referrals),,,,,,,,9.25,5.416666667,734.5833333
2025-08-01,influencer,brand partner/ambassador (+10k),glen c/glen cuevas/glen c landscaping,,,,,,,1.75,1,153
2025-08-01,influencer,business brand partner,alex smoot / sweat venture,,,,,,,0.333333333,0,0
2025-08-01,influencer,ambassador,austin davis,,,,,,,1.666666667,0,0
2025-08-01,social media,instagram,paid,,,,,,,18,1,118
2025-08-01,directories,g2,paid,,,,,,,6,0,0
2025-08-01,influencer,ambassador,elizabeth williams/lemonade liz,,,,,,,2.333333333,0,0
2025-08-01,influencer,brand partner/ambassador (+10k),melissa gomez/essential pest solutions,,,,,,,0.5,0,0
2025-08-01,app marketing - paid,smadex,ctv,,,,,,,1,0,0
2025-08-01,partner program,channel (referrals),dealer/suppliers/manufacturers ,,,,,,,0.333333333,0,0
2025-08-01,influencer,nano brand partner/ambassador (<10k),cory byron/vancity electric,,,,,,,0.5,0,0
2025-08-01,influencer,ambassador,dominic rosales/poor pumper society,,,,,,,0.5,0,0
2025-08-01,influencer,"influencer (+10k, not sp)",mike swezey/the handyman business,,,,,,,2.349206349,0.015873016,3.158730159
2025-08-01,influencer,macro brand partner (+1m),dustin stelzer / electrician u,,,,,,,8.708333333,0.875,84
2025-08-01,influencer,brand partner/ambassador (+10k),ryaan tuttle/best handyman boston/rjt,,,,,,,1,2,118.99
2025-08-01,influencer,brand partner/ambassador (+10k),ji mobile mechanics/jacob ireland,,,,,,,1.333333333,0,0
2025-08-01,influencer,brand partner/ambassador (+10k),sascha hinz / thehvacgame / the hvac game,,,,,,,1,0,0
2025-08-01,influencer,business brand partner,dave moerman/revive washing/home service business coach,,,,,,,0.333333333,1.75,428.25
2025-08-01,influencer,ambassador,stevenj120volts/steven ravesi,,,,,,,0.5,0,0
2025-08-01,influencer,brand partner/ambassador (+10k),andrew itnyre / masters roofing,,,,,,,0.833333333,0.833333333,153.6666667
2025-08-01,influencer,ambassador,spencer claeys/northwest pro wash,,,,,,,0.25,0,0
2025-01-01,programmatic,mntn,prospecting - audience match,,,,,,,103,12,1337.49
2025-01-01,youtube,organic,,,,,,,,271.5204887,27.78298872,2691.356046
2025-01-01,social media,instagram,organic,,,,,,,31.5,2,313
2025-01-01,app marketing - organic,organic,,,,,,,,13.47839981,6.203412901,934.8006357
2025-01-01,influencer,"influencer (+10k, not sp)",mike swezey/the handyman business,,,,,,,5.5,0.5,114
2025-01-01,programmatic,the trade desk,prospecting - tv,,,,,,,51.73436355,4.224839744,629.7739744
2025-01-01,influencer,alumni partner,terence chan/impetus plumbing,,,,,,,1,0,0
2025-01-01,directories,software advice,ppc,,,,,,,2,0,0
2025-01-01,influencer,brand partner/ambassador (+10k),jessica bannister,,,,,,,0.375,0,0
2025-01-01,influencer,alumni partner,gary mccreadie/hvac know it all,,,,,,,2.541666667,0,0
2025-01-01,influencer,alumni partner,alyssa's cleaning company/alyssa,,,,,,,1.5,0,0
2025-01-01,influencer,ambassador,martin hodder/hodder landscaping,,,,,,,0.333333333,0,0
2025-01-01,influencer,brand partner/ambassador (+10k),robbie lynn/premier lawns,,,,,,,0.5,0.333333333,83
2025-01-01,organic search,ai search,perplexity,,,,,,,1,0,0
2025-01-01,influencer,brand partner/ambassador (+10k),kyle breiner/breiner lawn,,,,,,,0.5,0,0
2025-01-01,influencer,ambassador,alex kirby/greenup academy,,,,,,,0.5,0.5,84.5
2025-02-01,influencer,brand partner/ambassador (+10k),roy thomas/pro era plumbing,,,,,,,7.333333333,0,0
2025-02-01,influencer,brand partner/ambassador (+10k),marvin joles/blacktop banter,,,,,,,2.366666667,0.5,124.5
2025-02-01,programmatic,mntn,prospecting - audience match,,,,,,,69.83333333,9,971
2025-02-01,organic search,ai search,chatgpt,,,,,,,88.13785626,46.82501999,9504.923053
2025-02-01,influencer,alumni partner,gary mccreadie/hvac know it all,,,,,,,4.361111111,0.333333333,112
2025-02-01,partner program,channel (referrals),bookeepers/consultants/agencies,,,,,,,9.416666667,1.166666667,255.1666667
2025-02-01,influencer,ambassador,emily lopez/emily a lopez,,,,,,,1.75,0,0
2025-02-01,influencer,brand partner/ambassador (+10k),robbie lynn/premier lawns,,,,,,,0.333333333,0.333333333,39.66666667
2025-02-01,influencer,ambassador,nick huber/sweaty startup,,,,,,,0.5,0.5,84.5
2025-02-01,influencer,brand partner/ambassador (+10k),matthew hawk/matthew's mowing & lawn maintenance,,,,,,,1.476190476,0,0
2025-02-01,programmatic,the trade desk,prospecting - display,,,,,,,0.392156863,0.058823529,14.58823529
2025-09-01,partner program,integrations,intuit,,,,,,,9.629783133,2.649539725,336.8573833
2025-09-01,social media,facebook,always-on,,,,,,,219.257032,8.772508158,897.7083531
2025-09-01,influencer,brand partner/ambassador (+10k),connor maendel / maendel construction llc,,,,,,,7.666666667,0,0
2025-09-01,affiliate program,commission junction,,,,,,,,54.09374079,14.35888599,2331.040682
2025-09-01,programmatic,the trade desk,prospecting - tv,,,,,,,211.5534931,21.44148298,2988.735758
2025-09-01,partner program,integrations,companycam,,,,,,,0.912778941,0.444612381,98.881247
2025-09-01,influencer,brand partner/ambassador (+10k),john seaman/jc property professionals/jcp properties/jcp,,,,,,,12.99866589,5.915332552,1012.36725
2025-09-01,events,virtual,jobber summit,,,,,,,5.919748126,3.206203661,417.5066605
2025-09-01,influencer,"influencer (+10k, not sp)",mike swezey/the handyman business,,,,,,,2.843537415,1.510204082,124.8163265
2025-09-01,events,paid social events,,,,,,,,0.93918945,0.03125,1.21875
2025-09-01,influencer,brand partner/ambassador (+10k),amanda stevens / mandy's cleaning,,,,,,,3,0,0
2025-09-01,influencer,business brand partner,zach vaught / handmade business coach / zack vaught coaching / zach vaught / handmade business coach,,,,,,,1.5,0,0
2025-09-01,influencer,brand partner/ambassador (+10k),brent nelson / dust to glory pressure washing,,,,,,,0.833333333,0,0
2025-09-01,influencer,alumni partner,gary mccreadie/hvac know it all,,,,,,,0.857146232,0.511764706,60.4
2025-09-01,influencer,brand partner/ambassador (+10k),eric gonzalez / castillos landscaping,,,,,,,1.5,0,0
2025-09-01,influencer,brand partner/ambassador (+10k),harry harvey / garage style,,,,,,,0.5,0,0
2025-09-01,influencer,ambassador,darius rylander/powerhausconstruction,,,,,,,0.5,0,0
2025-09-01,influencer,brand partner/ambassador (+10k),roger scheck / roger scheck construction,,,,,,,1,0,0
2025-09-01,influencer,brand partner/ambassador (+10k),robert jones / jones designs,,,,,,,1,0,0
2025-09-01,influencer,brand partner/ambassador (+10k),adam nasser / wolf of hvac,,,,,,,0.5,0.5,99.5
2025-09-01,social media,linkedin,paid,,,,,,,0.012048193,0,0
2025-09-01,influencer,brand partner/ambassador (+10k),kyle breiner/breiner lawn,,,,,,,0.5,0,0
2025-09-01,influencer,brand partner/ambassador (+10k),tyler jones / puff window cleaning,,,,,,,0,0.5,39
2025-06-01,social media,facebook,organic,,,,,,,836.6501937,21.55746977,1938.072783
2025-06-01,direct/unknown,direct,,,,,,,,1084,9,899
2025-04-01,social media,facebook,always-on,,,,,,,415.2891775,36.04166667,3208.875
2025-06-01,programmatic,mntn,prospecting,,,,,,,1080.089169,130.0386342,19917.65481
2025-04-01,partner program,integrations,intuit,,,,,,,35.07142857,4.333333333,845.6666667
2025-06-01,word of mouth,organic wom referrals,general,,,,,,,244,8,992.99
2025-04-01,influencer,brand partner/ambassador (+10k),john seaman/jc property professionals/jcp properties/jcp,,,,,,,50.95,13.56666667,1819.533333
2025-06-01,influencer,brand partner/ambassador (+10k),john seaman/jc property professionals/jcp properties/jcp,,,,,,,41.6375,4.988095238,445.2707143
2025-06-01,influencer,brand partner/ambassador (+10k),ivan carvalho/glaucio carvalho/mr. bubbles,,,,,,,7.510204082,0.510204082,61.2244898
2025-06-01,influencer,nano brand partner/ambassador (<10k),greg schmitt/huge handyman,,,,,,,1.333333333,1,198
2025-06-01,influencer,brand partner/ambassador (+10k),antonio pagan – all things fresh detail,,,,,,,7,0.333333333,66.66333333
2025-04-01,influencer,brand partner/ambassador (+10k),jessica bannister,,,,,,,0.543478261,0.5,64.5
2025-06-01,influencer,brand partner/ambassador (+10k),ricardo diaz/legacy junk removal,,,,,,,1.5,1,39.99
2025-04-01,partner program,industry associations,,,,,,,,2.098258706,0.014925373,2.52238806
2025-06-01,advertising,pr,online article,,,,,,,2,0,0
2025-06-01,influencer,ambassador,roger wakefield,,,,,,,0.5,0,0
2025-06-01,influencer,brand partner/ambassador (+10k),timmy riggs / streakers window cleaning,,,,,,,2,0.833333333,29.66166667
2025-04-01,influencer,brand partner/ambassador (+10k),tyler jones / puff window cleaning,,,,,,,0.833333333,0,0
2025-04-01,influencer,alumni partner,gary mccreadie/hvac know it all,,,,,,,0.043478261,0,0
2025-04-01,influencer,alumni partner,alyssa's cleaning company/alyssa,,,,,,,0.043478261,0,0
2025-06-01,influencer,brand partner/ambassador (+10k),david rus / daves auto detail,,,,,,,1.5,0,0
2025-06-01,influencer,business brand partner,dave moerman/revive washing/home service business coach,,,,,,,1.166666667,0.666666667,79
2025-06-01,social media,twitter,organic,,,,,,,0.5,0.5,59.5
2025-06-01,events,tradeshows,huge convention,,,,,,,0.5,0.5,19.995
2025-06-01,influencer,brand partner/ambassador (+10k),josh canales / 949 garage,,,,,,,0.5,0,0
2025-06-01,influencer,brand partner/ambassador (+10k),joey shuman/joey shuman door installations llc,,,,,,,0,0.333333333,13
2025-04-01,app marketing - experimental,remerge,,,,,,,,0,1.5,59.985
2025-04-01,directories,software advice,ppc,,,,,,,0,2,627
2025-10-01,sem - branded,google,,,,,,,,1601.899918,445.8709554,69683.06323
2025-10-01,social media,facebook,paid,,,,,,,375.9791667,19.09027778,1886.470833
2025-10-01,freemium paid,facebook,,,,,,,,7.916666667,0,0
2025-10-01,partner program,integrations,companycam,,,,,,,1.09363912,0.705343096,184.6618741
2025-10-01,influencer,brand partner/ambassador (+10k),oscar gil/detail groove,,,,,,,20.5,3.166666667,284.49
2025-10-01,influencer,brand partner/ambassador (+10k),austin mccallister / noschooljusttools / boyd landscaping,,,,,,,0.5,0,0
2025-10-01,influencer,ambassador,miguel angel/micky's window cleaning/smooth moves window cleaning,,,,,,,1,0,0
2025-10-01,influencer,nano brand partner/ambassador (<10k),rosie selvaggio/hocus pocus cleaning,,,,,,,1.25,0.014285714,8.557142857
2025-10-01,influencer,brand partner/ambassador (+10k),trey bohannan/trey bodirt,,,,,,,3.833333333,1.333333333,79.32333333
2025-10-01,influencer,macro brand partner (+1m),sarah mcallister / gocleanco,,,,,,,16,0,0
2025-10-01,influencer,brand partner/ambassador (+10k),danny cardenas/themaestroreal/rosewood landscaping/rosewood,,,,,,,1.5,0,0
2025-10-01,influencer,brand partner/ambassador (+10k),brent nelson / dust to glory pressure washing,,,,,,,1,0.5,99.5
2025-10-01,influencer,brand partner/ambassador (+10k),andrew eylander / eylander tile / etile / crowne tools,,,,,,,0.5,0,0
2025-10-01,influencer,brand partner/ambassador (+10k),eric gonzalez / castillos landscaping,,,,,,,2,0,0
2025-10-01,influencer,brand partner/ambassador (+10k),cameron vogelsang/tennessee electrician,,,,,,,1.416666667,0.25,7.25
2025-10-01,influencer,nano brand partner/ambassador (<10k),amy khan/ maid4you,,,,,,,0.5,0,0
2025-10-01,influencer,brand partner/ambassador (+10k),kassey angel / angel epoxy flooring,,,,,,,0.5,0,0
2025-10-01,influencer,brand partner/ambassador (+10k),e itzcoatl aguilar / ewokdoeshvac / ewok does hvac,,,,,,,0.5,0,0
2025-10-01,influencer,brand partner/ambassador (+10k),eddie colon/ec details/the house of rags,,,,,,,0.5,0,0
2025-07-01,organic search,,,,,,,,,6132.718707,1264.855173,203906.3309
2025-07-01,events,virtual,jobber summit,,,,,,,6.429541411,2.923489382,587.8877163
2025-07-01,affiliate program,partnerstack,,,,,,,,99.35538713,15.53603873,3488.934729
2025-07-01,social media,facebook,always-on,,,,,,,157.9641026,20.18702409,3027.87272
2025-07-01,partner program,integrations,intuit,,,,,,,14.3874091,2.061218624,192.8470411
2025-07-01,app marketing - experimental,jampp,,,,,,,,6.5,3,198.98
2025-07-01,influencer,brand partner/ambassador (+10k),ray duke/bulletproof handyman,,,,,,,28.17088805,17.07695047,1705.36728
2025-07-01,app marketing - paid,,,,,,,,,8,1,39.99
2025-07-01,partner program,integrations,thumbtack,,,,,,,0.390280464,0.390280464,37.95870406
2025-07-01,influencer,brand partner/ambassador (+10k),louis mouchet,,,,,,,6.790935673,3.679824561,678.9254386
2025-07-01,influencer,ambassador,,,,,,,,0.006802721,0.006802721,2.027210884
2025-07-01,advertising,print,,,,,,,,1,0,0
2025-07-01,events,tradeshows,unspecified,,,,,,,1.166666667,0.166666667,99.83333333
2025-07-01,advertising,radio,sirius,,,,,,,1,0,0
2025-07-01,influencer,brand partner/ambassador (+10k),noah johnson/alternative window cleaning,,,,,,,0.5,0,0
2025-07-01,influencer,brand partner/ambassador (+10k),johan labrana/johan's junk removal,,,,,,,0.5,0,0
2025-07-01,influencer,brand partner/ambassador (+10k),j&d lake services/jd lake services/joe weinberger/declan pivnicka,,,,,,,0.5,0,0
2025-07-01,events,paid social events,,,,,,,,0,0.333333333,82.66666667
2025-03-01,app marketing - organic,organic,android,,,,,,,1687.543478,45.04347826,2583.007826
2025-03-01,sem - generic,google,,,,,,,,3187.688953,205.0808686,25025.78712
2025-03-01,organic search,ai search,chatgpt,,,,,,,125.967828,64.88608581,15834.07882
2025-03-01,programmatic,mntn,,,,,,,,1167.732947,260.6916779,41252.72538
2025-11-01,app marketing - paid,google uac,,,,,,,,3526.720957,78.65812458,6526.599466
2025-11-01,youtube,trueview,prospecting,,,,,,,1.375009873,0.806711466,148.6920974
2025-11-01,app marketing - experimental,meta apps,ios,,,,,,,543.5,1,198
2025-03-01,affiliate program,commission junction,,,,,,,,56.24090909,5.12864494,572.5235306
2025-11-01,influencer,ambassador,haley rogers / austin rogers /  avai property solutions,,,,,,,1,0.5,139
2025-11-01,organic search,reddit,,,,,,,,1,0,0
2025-03-01,events,virtual,jobber grants,,,,,,,1.277777778,0.277777778,56.05555556
2025-11-01,influencer,brand partner/ambassador (+10k),melissa gomez/essential pest solutions,,,,,,,0.5,0,0
2025-11-01,influencer,business brand partner,logan sendle/blue collar business accelerator/bcba,,,,,,,3.701149425,1.367816092,137.1609195
2025-11-01,influencer,brand partner/ambassador (+10k),jessica bannister,,,,,,,2.5,0,0
2025-03-01,influencer,brand partner/ambassador (+10k),walter washington/ww hvac,,,,,,,3.597006652,0.763673319,58.34016999
2025-11-01,influencer,ambassador,stevenj120volts/steven ravesi,,,,,,,1,0,0
2025-03-01,programmatic,the trade desk,prospecting - display,,,,,,,2,0,0
2025-11-01,influencer,ambassador,detail girlz/jackie andrade,,,,,,,2.5,0,0
2025-11-01,influencer,business brand partner,dave moerman/revive washing/home service business coach,,,,,,,1.75,1.5,312
2025-03-01,influencer,alumni partner,christine hodge/clearview washing,,,,,,,0.055555556,0,0
2025-11-01,influencer,brand partner/ambassador (+10k),howard clarke / detailers bible,,,,,,,0.5,0,0
2025-11-01,influencer,brand partner/ambassador (+10k),jacob moreno / super clean bins,,,,,,,2,0,0
2025-03-01,influencer,general,jason creel,,,,,,,1,0,0
2025-11-01,influencer,brand partner/ambassador (+10k),jeff kult / trusted electric,,,,,,,2.833333333,0,0
2025-03-01,events,tradeshows,service software summit,,,,,,,0.25,0.25,49.75
2025-11-01,influencer,ambassador,austin davis,,,,,,,0,0.333333333,13
2025-11-01,influencer,brand partner/ambassador (+10k),andrew ubaldi/connecticut sparky,,,,,,,0,0.5,14.5
2025-11-01,influencer,alumni partner,alyssa's cleaning company/alyssa,,,,,,,0,1,119
2025-05-01,freemium organic,,,,,,,,,97,10,905.48
2025-05-01,app marketing - paid,smadex,ios,,,,,,,2032.358535,96.19186845,6066.756808
2025-05-01,programmatic,the trade desk,prospecting - audio,,,,,,,249.3131683,16.45453431,2377.919288
2025-05-01,influencer,brand partner/ambassador (+10k),keith kalfas,,,,,,,75.66405886,13.11855159,1601.145337
2025-05-01,influencer,ambassador,codie sanchez/contrarian thinking,,,,,,,2,1.5,423
2025-05-01,influencer,general,brian's lawn maintenance,,,,,,,3,0,0
2025-05-01,directories,software advice,ppl,,,,,,,1.918717266,1.97573481,447.4481154
2025-05-01,sem - generic,google,paid,,,,,,,2,0,0
2025-05-01,partner program,channel (all others),american house cleaners association,,,,,,,0.5,0,0
2025-05-01,partner program,channel (franchises),new creations,,,,,,,0,1,290.65
2025-08-01,social media,facebook,organic,,,,,,,385.9131867,22.98809524,2891.509524
2025-08-01,app marketing - paid,apple search ads,,,,,,,,3168.154548,123.4222472,9971.206387
2025-08-01,app marketing - organic,organic,ios,,,,,,,6592.267961,155.0679612,10902.54631
2025-08-01,influencer,brand partner/ambassador (+10k),oscar gil/detail groove,,,,,,,33.34583333,1.845833333,150.4541667
2025-08-01,influencer,brand partner/ambassador (+10k),ricardo diaz/legacy junk removal,,,,,,,1,0,0
2025-08-01,direct/unknown,organic,android,,,,,,,2,1,119
2025-08-01,influencer,brand partner/ambassador (+10k),austin mccallister / noschooljusttools / boyd landscaping,,,,,,,2.333333333,0,0
2025-08-01,experimental,podcast ads,,,,,,,,4.7,0.7,172.8
2025-08-01,events,virtual,jobber now,,,,,,,27.42078123,18.37273498,2518.386979
2025-08-01,influencer,brand partner/ambassador (+10k),trey bohannan/trey bodirt,,,,,,,4.066666667,0.566666667,109.6333333
2025-08-01,influencer,brand partner/ambassador (+10k),nick sanborn / sanborn construction,,,,,,,1.666666667,0,0
2025-08-01,organic search,support documentation,,,,,,,,3,0,0
2025-08-01,influencer,brand partner/ambassador (+10k),chad cooke/cooke pressure washing/cooke,,,,,,,1.333333333,0,0
2025-08-01,influencer,general,brian's lawn maintenance,,,,,,,1,0.5,19.995
2025-08-01,influencer,brand partner/ambassador (+10k),alessio trabelsi/concrete makeover,,,,,,,0.5,0,0
2025-08-01,influencer,nano brand partner/ambassador (<10k),or & mikaela segev / patch dudes,,,,,,,0.5,0,0
2025-10-01,influencer,nano brand partner/ambassador (<10k),conor whyte / whyte mechanical,,,,,,,0,0.5,174.5
2025-07-01,sem - branded,google,,,,,,,,1604.017062,438.3338929,68049.78384
2025-07-01,social media,facebook,paid,,,,,,,335.5277778,16.02777778,2184.614444
2025-07-01,influencer,brand partner/ambassador (+10k),danny cardenas/themaestroreal/rosewood landscaping/rosewood,,,,,,,3.5,0,0
2025-07-01,influencer,brand partner/ambassador (+10k),austin mccallister / noschooljusttools / boyd landscaping,,,,,,,1,0,0
2025-07-01,influencer,brand partner/ambassador (+10k),nick sanborn / sanborn construction,,,,,,,2.583333333,0,0
2025-07-01,social media,linkedin,organic,,,,,,,7.247061833,0.586997825,215.6130281
2025-07-01,influencer,brand partner/ambassador (+10k),randy roblero/detailing beyond limits/beyond limits of palm beach,,,,,,,3.5,0,0
2025-07-01,influencer,brand partner/ambassador (+10k),keven bermeo / pressure washing plays,,,,,,,15.5627451,0.729411765,108.1529412
2025-07-01,partner program,integrations,companycam,,,,,,,1.110934511,0.624848485,240.5240404
2025-07-01,influencer,business brand partner,casper opala / casper captial,,,,,,,0.5,0,0
2025-07-01,directories,capterra,,,,,,,,1,0,0
2025-07-01,app marketing - organic,,,,,,,,,2,0,0
2025-07-01,influencer,brand partner/ambassador (+10k),tym o'laughlin/tymo/tymo paints,,,,,,,2.5,0.5,19.995
2025-07-01,influencer,brand partner/ambassador (+10k),eric gonzalez / castillos landscaping,,,,,,,1.833333333,0,0
2025-07-01,influencer,brand partner/ambassador (+10k),eddie colon/ec details/the house of rags,,,,,,,0.333333333,0,0
2025-07-01,influencer,brand partner/ambassador (+10k),andrew eylander / eylander tile / etile / crowne tools,,,,,,,0.75,0,0
2025-07-01,influencer,brand partner/ambassador (+10k),e itzcoatl aguilar / ewokdoeshvac / ewok does hvac,,,,,,,0,0.5,19.995
2025-03-01,sem - branded,bing,,,,,,,,702.8990059,311.9131868,42931.19926
2025-03-01,direct/unknown,,,,,,,,,1138,13.5,1158.52
2025-11-01,programmatic,mntn,prospecting,,,,,,,630.9108901,103.7855795,16396.92012
2025-11-01,sem - generic,bing,,,,,,,,557.4227721,35.79293144,5346.425473
2025-11-01,sem - competitors,google,,,,,,,,114.4909774,21.42431078,3947.23953
2025-11-01,events,virtual,jobber summit,,,,,,,10.13139506,0.113148906,15.46606749
2025-11-01,influencer,brand partner/ambassador (+10k),blue collar licensing/luis gonzalez,,,,,,,22.375,0.25,7.25
2025-03-01,influencer,brand partner/ambassador (+10k),jon dawson / texas luxury cleaning,,,,,,,26.5,7.7,1103.845
2025-03-01,influencer,brand partner/ambassador (+10k),erica krupin/kroopin poopin scoopin,,,,,,,17.09566964,5.987232355,742.9844964
2025-11-01,influencer,brand partner/ambassador (+10k),shane goswick / lawn and light / lawn & light,,,,,,,5.312998405,1.646331738,107.3889553
2025-03-01,influencer,brand partner/ambassador (+10k),casey evertsen/bin blasters,,,,,,,3.379285714,1.2275,162.4825
2025-03-01,influencer,ambassador,richard alexa/renovations and repair,,,,,,,1,0,0
2025-03-01,organic search,jobber academy,,,,,,,,0.333333333,0.333333333,43.83333333
2025-11-01,influencer,brand partner/ambassador (+10k),raphael simon / simon electric,,,,,,,1,0,0
2025-11-01,word of mouth,organic wom referrals,,,,,,,,1,0,0
2025-03-01,influencer,general,,,,,,,,25.16666667,1.54,208.655
2025-03-01,influencer,brand partner/ambassador (+10k),jersey cronin/jersey/window cleaning resource/wcr/wcr nation,,,,,,,0.75,0,0
2025-11-01,influencer,ambassador,reuben potter/floors by southern boys,,,,,,,0.5,0,0
2025-11-01,events,paid social events,,,,,,,,0.5,0,0
2025-11-01,influencer,brand partner/ambassador (+10k),jason geiman / christmas lights / christmaslights.io,,,,,,,0.142857143,0.142857143,39.71428571
2025-03-01,partner program,channel (franchises),moldman,,,,,,,1,0,0
2025-11-01,influencer,"influencer (+10k, not sp)",mike swezey/the handyman business,,,,,,,1.333333333,1.5,138.5
2025-03-01,influencer,brand partner/ambassador (+10k),chant's daily hustle,,,,,,,0.5,0.166666667,19.83333333
2025-11-01,influencer,business brand partner,trevor cowley / real business owners / real business owners podcast,,,,,,,1,0,0
2025-03-01,influencer,brand partner/ambassador (+10k),keith mcgillivary/mps/mcgillivary's plumbing,,,,,,,0.5,0,0
2025-11-01,influencer,brand partner/ambassador (+10k),tym o'laughlin/tymo/tymo paints,,,,,,,0.5,0,0
2025-03-01,influencer,ambassador,nicolas sevrette/montreal sparky,,,,,,,0,0.5,174.5
2025-11-01,dynamic search ads,google,,,,,,,,0,2,388
2025-11-01,influencer,ambassador,steve-o/steven richardson,,,,,,,0,1,199
2025-05-01,freemium paid,google,paid,,,,,,,351,35,2672.89
2025-05-01,word of mouth,organic wom referrals,general,,,,,,,221,12,1665.97
2025-05-01,social media,instagram,paid,,,,,,,43,0,0
2025-05-01,affiliate program,,,,,,,,,4,0,0
2025-05-01,directories,other,,,,,,,,7.385964912,1.719298246,272.1265789
2025-05-01,influencer,alumni partner,jason cleans/jason shipway,,,,,,,3,0.5,59.5
2025-05-01,partner program,integrations,nicejob,,,,,,,3.103174603,0.26984127,43.50793651
2025-05-01,influencer,brand partner/ambassador (+10k),caleb moore/clean cleans,,,,,,,1,0,0
2025-05-01,influencer,brand partner/ambassador (+10k),jacob ortiz/yourtexaspatio,,,,,,,0.5,0.5,224
2025-05-01,sem - franchise,bing,paid,,,,,,,0.5,0,0
2025-05-01,influencer,ambassador,lexi abreu/lex the electrician,,,,,,,0,1,39
2025-08-01,freemium paid,google,paid,,,,,,,3072.348219,52.19574719,4709.786185
2025-08-01,influencer,macro brand partner (+1m),chase stetson/that lawn dude,,,,,,,115.3838907,5.60905568,477.2180437
2025-08-01,influencer,brand partner/ambassador (+10k),keith kalfas,,,,,,,28.89285714,4.116666667,431.8733333
2025-08-01,programmatic,the trade desk,prospecting - audio,,,,,,,129.4113184,13.45529705,1978.34882
2025-08-01,programmatic,,,,,,,,,50.25,1.043478261,41.84282609
2025-08-01,influencer,brand partner/ambassador (+10k),jeff guldalian/ the 360 electrician,,,,,,,2.197711812,1.090136054,103.3996599
2025-08-01,influencer,brand partner/ambassador (+10k),pablo serrano/black sheep/the black sheep lawn,,,,,,,3.5,0,0
2025-08-01,influencer,brand partner/ambassador (+10k),cody romer/cr carpentry & remodeling,,,,,,,4.416666667,0,0
2025-08-01,performance max,,,,,,,,,0.462059749,2.163101662,759.7041699
2025-08-01,influencer,brand partner/ambassador (+10k),mary-anne bowcott/the lady plumber/westcom plumbing,,,,,,,0.5,0,0
2025-08-01,influencer,brand partner/ambassador (+10k),dan holliday,,,,,,,1.5,0,0
2025-08-01,influencer,ambassador,michael osornio/paint life 1904,,,,,,,1,0,0
2025-08-01,organic search,reddit,,,,,,,,0.140522876,0.512987013,86.68181818
2025-08-01,influencer,brand partner/ambassador (+10k),keith mcgillivary/mps/mcgillivary's plumbing,,,,,,,0.5,1,29
2025-08-01,influencer,brand partner/ambassador (+10k),jacob ortiz/yourtexaspatio,,,,,,,0.5,0.5,149
2025-08-01,influencer,brand partner/ambassador (+10k),mitchell's lawn care llc/mitchell t gordy,,,,,,,0.5,0,0
2025-08-01,influencer,brand partner/ambassador (+10k),kevin martinez / ksparky / k electric solutions,,,,,,,0.5,0,0
2025-08-01,influencer,business brand partner,alex guzman / modern day contractor,,,,,,,0.333333333,0.333333333,85.66666667
2025-08-01,influencer,brand partner/ambassador (+10k),brianna rechichar / goat mowing / buds tree care,,,,,,,0.5,0,0